Date_Hour,Metric,Transaction_Volume,Total_Amount,Fraud_Count
2025-07-26 16:00:00,CREDIT,154,74766.0,1
2025-07-26 16:00:00,DEBIT,312,162946.25,1
2025-07-26 16:00:00,P2P_TRANSFER,343,265803.53,1
2025-07-26 17:00:00,CREDIT,289,118640.74,0
2025-07-26 17:00:00,DEBIT,239,153461.57,0
2025-07-26 17:00:00,P2P_TRANSFER,519,377958.6,1
2025-07-26 18:00:00,CREDIT,305,282321.76,2
2025-07-26 18:00:00,DEBIT,411,302361.05,2
2025-07-26 18:00:00,P2P_TRANSFER,281,199024.52,1
2025-07-26 19:00:00,CREDIT,374,243022.38,0
2025-07-26 19:00:00,DEBIT,251,98999.02,0
2025-07-26 19:00:00,P2P_TRANSFER,218,96970.57,0
2025-07-26 20:00:00,CREDIT,404,277070.59,2
2025-07-26 20:00:00,DEBIT,214,87322.99,1
2025-07-26 20:00:00,P2P_TRANSFER,280,158349.18,1
2025-07-26 21:00:00,CREDIT,187,146516.28,1
2025-07-26 21:00:00,DEBIT,172,88831.97,0
2025-07-26 21:00:00,P2P_TRANSFER,273,174476.56,1
2025-07-26 22:00:00,CREDIT,222,134768.72,0
2025-07-26 22:00:00,DEBIT,218,164172.01,0
2025-07-26 22:00:00,P2P_TRANSFER,225,155890.92,1
2025-07-26 23:00:00,CREDIT,275,218694.96,0
2025-07-26 23:00:00,DEBIT,322,171051.65,0
2025-07-26 23:00:00,P2P_TRANSFER,316,187989.41,0
2025-07-27 00:00:00,CREDIT,289,162370.97,1
2025-07-27 00:00:00,DEBIT,200,75136.92,0
2025-07-27 00:00:00,P2P_TRANSFER,446,91656.53,1
2025-07-27 01:00:00,CREDIT,407,168052.87,1
2025-07-27 01:00:00,DEBIT,261,159165.17,0
2025-07-27 01:00:00,P2P_TRANSFER,365,230899.2,1
2025-07-27 02:00:00,CREDIT,391,325431.84,1
2025-07-27 02:00:00,DEBIT,388,207998.81,1
2025-07-27 02:00:00,P2P_TRANSFER,390,235316.84,1
2025-07-27 03:00:00,CREDIT,507,256899.98,1
2025-07-27 03:00:00,DEBIT,246,95725.99,0
2025-07-27 03:00:00,P2P_TRANSFER,211,153246.7,1
2025-07-27 04:00:00,CREDIT,433,255270.46,2
2025-07-27 04:00:00,DEBIT,173,82524.94,0
2025-07-27 04:00:00,P2P_TRANSFER,267,134143.58,1
2025-07-27 05:00:00,CREDIT,195,92591.5,1
2025-07-27 05:00:00,DEBIT,333,154935.35,0
2025-07-27 05:00:00,P2P_TRANSFER,258,138686.59,0
2025-07-27 06:00:00,CREDIT,210,157862.66,1
2025-07-27 06:00:00,DEBIT,219,108541.18,1
2025-07-27 06:00:00,P2P_TRANSFER,195,99028.64,0
2025-07-27 07:00:00,CREDIT,166,134901.95,0
2025-07-27 07:00:00,DEBIT,243,193588.33,1
2025-07-27 07:00:00,P2P_TRANSFER,162,100017.68,0
2025-07-27 08:00:00,CREDIT,172,130624.46,0
2025-07-27 08:00:00,DEBIT,255,152541.79,1
2025-07-27 08:00:00,P2P_TRANSFER,357,271729.16,1
2025-07-27 09:00:00,CREDIT,356,225095.02,1
2025-07-27 09:00:00,DEBIT,419,227156.89,1
2025-07-27 09:00:00,P2P_TRANSFER,161,46908.31,1
2025-07-27 10:00:00,CREDIT,339,154286.84,0
2025-07-27 10:00:00,DEBIT,437,322070.77,2
2025-07-27 10:00:00,P2P_TRANSFER,439,180649.91,1
2025-07-27 11:00:00,CREDIT,442,248570.66,1
2025-07-27 11:00:00,DEBIT,359,145169.15,0
2025-07-27 11:00:00,P2P_TRANSFER,197,105490.88,0
2025-07-27 12:00:00,CREDIT,409,284618.23,1
2025-07-27 12:00:00,DEBIT,327,213869.3,0
2025-07-27 12:00:00,P2P_TRANSFER,483,215357.52,1
2025-07-27 13:00:00,CREDIT,280,222137.16,2
2025-07-27 13:00:00,DEBIT,266,197773.91,1
2025-07-27 13:00:00,P2P_TRANSFER,262,216496.44,1
2025-07-27 14:00:00,CREDIT,145,68145.5,0
2025-07-27 14:00:00,DEBIT,287,121672.01,0
2025-07-27 14:00:00,P2P_TRANSFER,238,100345.5,1
2025-07-27 15:00:00,CREDIT,165,105225.91,0
2025-07-27 15:00:00,DEBIT,167,94435.51,1
2025-07-27 15:00:00,P2P_TRANSFER,361,170736.54,1
2025-07-27 16:00:00,CREDIT,391,108605.72,0
2025-07-27 16:00:00,DEBIT,342,164710.42,2
2025-07-27 16:00:00,P2P_TRANSFER,476,343262.08,2
2025-07-27 17:00:00,CREDIT,581,438213.2,1
2025-07-27 17:00:00,DEBIT,402,236321.27,1
2025-07-27 17:00:00,P2P_TRANSFER,409,231645.28,1
2025-07-27 18:00:00,CREDIT,564,281149.96,2
2025-07-27 18:00:00,DEBIT,513,270526.3,1
2025-07-27 18:00:00,P2P_TRANSFER,312,186031.07,1
2025-07-27 19:00:00,CREDIT,270,156557.66,1
2025-07-27 19:00:00,DEBIT,355,382840.49,1
2025-07-27 19:00:00,P2P_TRANSFER,311,331863.62,0
2025-07-27 20:00:00,CREDIT,347,290151.47,1
2025-07-27 20:00:00,DEBIT,317,144326.08,1
2025-07-27 20:00:00,P2P_TRANSFER,298,130589.74,0
2025-07-27 21:00:00,CREDIT,223,160466.21,0
2025-07-27 21:00:00,DEBIT,283,197742.98,0
2025-07-27 21:00:00,P2P_TRANSFER,164,70958.05,0
2025-07-27 22:00:00,CREDIT,147,116873.42,0
2025-07-27 22:00:00,DEBIT,199,157602.54,0
2025-07-27 22:00:00,P2P_TRANSFER,317,127464.61,1
2025-07-27 23:00:00,CREDIT,236,149200.12,2
2025-07-27 23:00:00,DEBIT,381,242535.84,1
2025-07-27 23:00:00,P2P_TRANSFER,217,146918.68,1
2025-07-28 00:00:00,CREDIT,219,207360.14,1
2025-07-28 00:00:00,DEBIT,291,249090.23,0
2025-07-28 00:00:00,P2P_TRANSFER,250,189816.42,0
2025-07-28 01:00:00,CREDIT,232,156896.87,0
2025-07-28 01:00:00,DEBIT,406,361743.47,1
2025-07-28 01:00:00,P2P_TRANSFER,381,349052.81,2
2025-07-28 02:00:00,CREDIT,189,81361.4,1
2025-07-28 02:00:00,DEBIT,402,284110.62,1
2025-07-28 02:00:00,P2P_TRANSFER,306,329286.4,2
2025-07-28 03:00:00,CREDIT,398,275358.79,1
2025-07-28 03:00:00,DEBIT,352,160754.42,1
2025-07-28 03:00:00,P2P_TRANSFER,240,161798.32,1
2025-07-28 04:00:00,CREDIT,256,221141.59,1
2025-07-28 04:00:00,DEBIT,300,127725.17,0
2025-07-28 04:00:00,P2P_TRANSFER,265,165505.8,1
2025-07-28 05:00:00,CREDIT,311,133809.24,0
2025-07-28 05:00:00,DEBIT,229,155430.97,0
2025-07-28 05:00:00,P2P_TRANSFER,230,196368.19,0
2025-07-28 06:00:00,CREDIT,276,141560.69,1
2025-07-28 06:00:00,DEBIT,195,73085.72,0
2025-07-28 06:00:00,P2P_TRANSFER,225,99126.58,0
2025-07-28 07:00:00,CREDIT,175,113429.06,1
2025-07-28 07:00:00,DEBIT,223,56367.23,0
2025-07-28 07:00:00,P2P_TRANSFER,240,131878.76,1
2025-07-28 08:00:00,CREDIT,186,104998.08,1
2025-07-28 08:00:00,DEBIT,309,176831.41,1
2025-07-28 08:00:00,P2P_TRANSFER,331,246415.49,1
2025-07-28 09:00:00,CREDIT,381,127019.3,1
2025-07-28 09:00:00,DEBIT,483,279998.6,1
2025-07-28 09:00:00,P2P_TRANSFER,376,199934.95,1
2025-07-28 10:00:00,CREDIT,411,291811.51,0
2025-07-28 10:00:00,DEBIT,383,234255.2,2
2025-07-28 10:00:00,P2P_TRANSFER,234,85414.04,0
2025-07-28 11:00:00,CREDIT,375,60326.84,0
2025-07-28 11:00:00,DEBIT,400,355007.64,1
2025-07-28 11:00:00,P2P_TRANSFER,454,200492.06,2
2025-07-28 12:00:00,CREDIT,392,245808.35,1
2025-07-28 12:00:00,DEBIT,173,129507.41,1
2025-07-28 12:00:00,P2P_TRANSFER,151,98323.9,0
2025-07-28 13:00:00,CREDIT,94,62545.42,0
2025-07-28 13:00:00,DEBIT,233,132409.37,0
2025-07-28 13:00:00,P2P_TRANSFER,297,168489.23,1
2025-07-28 14:00:00,CREDIT,174,83608.98,0
2025-07-28 14:00:00,DEBIT,200,111197.08,0
2025-07-28 14:00:00,P2P_TRANSFER,172,65451.07,0
2025-07-28 15:00:00,CREDIT,230,206903.38,0
2025-07-28 15:00:00,DEBIT,267,169717.54,1
2025-07-28 15:00:00,P2P_TRANSFER,412,160584.26,1
2025-07-28 16:00:00,CREDIT,318,161140.52,1
2025-07-28 16:00:00,DEBIT,85,52425.35,0
2025-07-28 16:00:00,P2P_TRANSFER,79,34901.23,0
2025-07-28 17:00:00,CREDIT,339,286137.32,0
2025-07-28 17:00:00,DEBIT,330,223417.87,1
2025-07-28 17:00:00,P2P_TRANSFER,360,142682.28,1
2025-07-28 18:00:00,CREDIT,322,208701.08,0
2025-07-28 18:00:00,DEBIT,391,218311.31,1
2025-07-28 18:00:00,P2P_TRANSFER,480,209726.62,1
2025-07-28 19:00:00,CREDIT,437,370996.06,1
2025-07-28 19:00:00,DEBIT,504,193728.88,1
2025-07-28 19:00:00,P2P_TRANSFER,503,132429.04,1
2025-07-28 20:00:00,CREDIT,399,336944.53,1
2025-07-28 20:00:00,DEBIT,285,114404.74,0
2025-07-28 20:00:00,P2P_TRANSFER,307,187759.6,2
2025-07-28 21:00:00,CREDIT,263,118015.28,1
2025-07-28 21:00:00,DEBIT,198,166026.42,1
2025-07-28 21:00:00,P2P_TRANSFER,186,73651.9,1
2025-07-28 22:00:00,CREDIT,192,80739.92,0
2025-07-28 22:00:00,DEBIT,221,175321.6,1
2025-07-28 22:00:00,P2P_TRANSFER,214,164722.21,1
2025-07-28 23:00:00,CREDIT,227,173357.99,1
2025-07-28 23:00:00,DEBIT,301,182850.91,1
2025-07-28 23:00:00,P2P_TRANSFER,214,49457.56,1
2025-07-29 00:00:00,CREDIT,305,191264.99,1
2025-07-29 00:00:00,DEBIT,330,263375.96,2
2025-07-29 00:00:00,P2P_TRANSFER,154,84894.91,1
2025-07-29 01:00:00,CREDIT,338,122199.07,1
2025-07-29 01:00:00,DEBIT,338,274428.44,1
2025-07-29 01:00:00,P2P_TRANSFER,291,170755.4,1
2025-07-29 02:00:00,CREDIT,515,411123.44,2
2025-07-29 02:00:00,DEBIT,214,143723.96,0
2025-07-29 02:00:00,P2P_TRANSFER,362,329158.02,1
2025-07-29 03:00:00,CREDIT,292,95057.39,0
2025-07-29 03:00:00,DEBIT,225,118293.53,0
2025-07-29 03:00:00,P2P_TRANSFER,405,187563.13,1
2025-07-29 04:00:00,CREDIT,112,72075.84,0
2025-07-29 04:00:00,DEBIT,371,112289.28,1
2025-07-29 04:00:00,P2P_TRANSFER,240,186147.73,0
2025-07-29 05:00:00,CREDIT,307,124699.6,1
2025-07-29 05:00:00,DEBIT,153,50276.22,0
2025-07-29 05:00:00,P2P_TRANSFER,245,178861.92,1
2025-07-29 06:00:00,CREDIT,231,171295.86,0
2025-07-29 06:00:00,DEBIT,173,104911.88,0
2025-07-29 06:00:00,P2P_TRANSFER,248,211977.3,1
2025-07-29 07:00:00,CREDIT,176,130092.0,0
2025-07-29 07:00:00,DEBIT,272,144543.2,1
2025-07-29 07:00:00,P2P_TRANSFER,273,255370.43,1
2025-07-29 08:00:00,CREDIT,102,65333.9,0
2025-07-29 08:00:00,DEBIT,298,170962.42,1
2025-07-29 08:00:00,P2P_TRANSFER,382,184508.27,0
2025-07-29 09:00:00,CREDIT,296,301078.85,0
2025-07-29 09:00:00,DEBIT,452,325020.88,1
2025-07-29 09:00:00,P2P_TRANSFER,403,214539.85,1
2025-07-29 10:00:00,CREDIT,224,65123.04,0
2025-07-29 10:00:00,DEBIT,456,182641.85,1
2025-07-29 10:00:00,P2P_TRANSFER,225,140459.0,0
2025-07-29 11:00:00,CREDIT,453,205631.78,0
2025-07-29 11:00:00,DEBIT,199,51970.91,0
2025-07-29 11:00:00,P2P_TRANSFER,319,182400.06,1
2025-07-29 12:00:00,CREDIT,156,32454.2,0
2025-07-29 12:00:00,DEBIT,261,190509.73,1
2025-07-29 12:00:00,P2P_TRANSFER,159,68408.82,0
2025-07-29 13:00:00,CREDIT,133,91303.03,0
2025-07-29 13:00:00,DEBIT,310,226289.29,1
2025-07-29 13:00:00,P2P_TRANSFER,273,114769.93,0
2025-07-29 14:00:00,CREDIT,267,161354.45,0
2025-07-29 14:00:00,DEBIT,253,235486.67,1
2025-07-29 14:00:00,P2P_TRANSFER,227,106461.44,0
2025-07-29 15:00:00,CREDIT,319,227593.14,1
2025-07-29 15:00:00,DEBIT,302,220219.16,1
2025-07-29 15:00:00,P2P_TRANSFER,213,122482.0,1
2025-07-29 16:00:00,CREDIT,212,130314.05,0
2025-07-29 16:00:00,DEBIT,166,109732.37,1
2025-07-29 16:00:00,P2P_TRANSFER,134,12000.0,0
2025-07-29 17:00:00,CREDIT,220,110330.58,0
2025-07-29 17:00:00,DEBIT,515,350895.14,2
2025-07-29 17:00:00,P2P_TRANSFER,509,357507.97,2
2025-07-29 18:00:00,CREDIT,246,78878.86,0
2025-07-29 18:00:00,DEBIT,424,199149.88,1
2025-07-29 18:00:00,P2P_TRANSFER,298,219994.74,1
2025-07-29 19:00:00,CREDIT,343,51437.71,0
2025-07-29 19:00:00,DEBIT,298,98507.11,0
2025-07-29 19:00:00,P2P_TRANSFER,388,207718.61,1
2025-07-29 20:00:00,CREDIT,309,100151.28,1
2025-07-29 20:00:00,DEBIT,234,151085.11,0
2025-07-29 20:00:00,P2P_TRANSFER,379,97624.13,0
2025-07-29 21:00:00,CREDIT,250,184221.59,0
2025-07-29 21:00:00,DEBIT,238,196736.59,1
2025-07-29 21:00:00,P2P_TRANSFER,279,143035.16,1
2025-07-29 22:00:00,CREDIT,221,110554.91,1
2025-07-29 22:00:00,DEBIT,142,78434.48,0
2025-07-29 22:00:00,P2P_TRANSFER,217,132524.77,0
2025-07-29 23:00:00,CREDIT,319,141039.06,1
2025-07-29 23:00:00,DEBIT,191,144348.82,0
2025-07-29 23:00:00,P2P_TRANSFER,320,147870.25,1
2025-07-30 00:00:00,CREDIT,115,70652.92,1
2025-07-30 00:00:00,DEBIT,409,232304.72,1
2025-07-30 00:00:00,P2P_TRANSFER,400,94657.28,1
2025-07-30 01:00:00,CREDIT,448,211843.18,1
2025-07-30 01:00:00,DEBIT,194,109234.68,1
2025-07-30 01:00:00,P2P_TRANSFER,350,205766.15,1
2025-07-30 02:00:00,CREDIT,491,180780.08,1
2025-07-30 02:00:00,DEBIT,245,120473.28,0
2025-07-30 02:00:00,P2P_TRANSFER,430,196196.03,1
2025-07-30 03:00:00,CREDIT,437,276114.9,1
2025-07-30 03:00:00,DEBIT,286,160645.54,0
2025-07-30 03:00:00,P2P_TRANSFER,404,297956.98,1
2025-07-30 04:00:00,CREDIT,227,157322.23,0
2025-07-30 04:00:00,DEBIT,317,155582.22,1
2025-07-30 04:00:00,P2P_TRANSFER,80,39781.81,1
2025-07-30 05:00:00,CREDIT,176,62899.8,0
2025-07-30 05:00:00,DEBIT,215,166778.9,1
2025-07-30 05:00:00,P2P_TRANSFER,263,175144.02,1
2025-07-30 06:00:00,CREDIT,229,143061.82,0
2025-07-30 06:00:00,DEBIT,219,38773.57,0
2025-07-30 06:00:00,P2P_TRANSFER,201,199024.74,0
2025-07-30 07:00:00,CREDIT,161,56949.38,0
2025-07-30 07:00:00,DEBIT,221,109438.52,0
2025-07-30 07:00:00,P2P_TRANSFER,259,181412.98,1
2025-07-30 08:00:00,CREDIT,307,193351.44,2
2025-07-30 08:00:00,DEBIT,415,261758.52,1
2025-07-30 08:00:00,P2P_TRANSFER,349,292065.79,1
2025-07-30 09:00:00,CREDIT,400,318379.8,1
2025-07-30 09:00:00,DEBIT,449,284538.74,2
2025-07-30 09:00:00,P2P_TRANSFER,348,205627.55,1
2025-07-30 10:00:00,CREDIT,476,196899.5,2
2025-07-30 10:00:00,DEBIT,317,229017.7,1
2025-07-30 10:00:00,P2P_TRANSFER,457,250577.93,0
2025-07-30 11:00:00,CREDIT,629,417128.38,2
2025-07-30 11:00:00,DEBIT,330,204376.48,1
2025-07-30 11:00:00,P2P_TRANSFER,275,38401.84,0
2025-07-30 12:00:00,CREDIT,447,177964.4,0
2025-07-30 12:00:00,DEBIT,230,121091.84,1
2025-07-30 12:00:00,P2P_TRANSFER,143,151589.9,1
2025-07-30 13:00:00,CREDIT,143,85673.69,1
2025-07-30 13:00:00,DEBIT,228,70934.38,0
2025-07-30 13:00:00,P2P_TRANSFER,360,228102.79,0
2025-07-30 14:00:00,CREDIT,331,254759.27,1
2025-07-30 14:00:00,DEBIT,212,122362.52,1
2025-07-30 14:00:00,P2P_TRANSFER,111,12000.0,0
2025-07-30 15:00:00,CREDIT,181,42994.33,1
2025-07-30 15:00:00,DEBIT,342,275437.42,1
2025-07-30 15:00:00,P2P_TRANSFER,369,198303.84,0
2025-07-30 16:00:00,CREDIT,261,134120.04,1
2025-07-30 16:00:00,DEBIT,117,68902.99,0
2025-07-30 16:00:00,P2P_TRANSFER,296,213138.98,0
2025-07-30 17:00:00,CREDIT,315,177558.22,0
2025-07-30 17:00:00,DEBIT,315,216863.82,0
2025-07-30 17:00:00,P2P_TRANSFER,414,242407.48,1
2025-07-30 18:00:00,CREDIT,478,349046.45,2
2025-07-30 18:00:00,DEBIT,439,325644.08,2
2025-07-30 18:00:00,P2P_TRANSFER,238,112094.41,0
2025-07-30 19:00:00,CREDIT,413,205256.68,0
2025-07-30 19:00:00,DEBIT,315,197653.28,2
2025-07-30 19:00:00,P2P_TRANSFER,375,282696.64,1
2025-07-30 20:00:00,CREDIT,321,117603.46,1
2025-07-30 20:00:00,DEBIT,296,219144.05,0
2025-07-30 20:00:00,P2P_TRANSFER,211,106020.5,0
2025-07-30 21:00:00,CREDIT,364,287264.7,1
2025-07-30 21:00:00,DEBIT,206,87025.99,0
2025-07-30 21:00:00,P2P_TRANSFER,199,104603.18,0
2025-07-30 22:00:00,CREDIT,312,173957.45,1
2025-07-30 22:00:00,DEBIT,293,164265.77,0
2025-07-30 22:00:00,P2P_TRANSFER,230,98029.87,0
2025-07-30 23:00:00,CREDIT,142,121941.05,0
2025-07-30 23:00:00,DEBIT,306,104396.18,0
2025-07-30 23:00:00,P2P_TRANSFER,307,230370.12,0
2025-07-31 00:00:00,CREDIT,480,297205.8,1
2025-07-31 00:00:00,DEBIT,261,242884.57,0
2025-07-31 00:00:00,P2P_TRANSFER,346,298578.19,1
2025-07-31 01:00:00,CREDIT,133,101540.78,1
2025-07-31 01:00:00,DEBIT,279,158846.46,1
2025-07-31 01:00:00,P2P_TRANSFER,223,169919.95,0
2025-07-31 02:00:00,CREDIT,320,244163.36,1
2025-07-31 02:00:00,DEBIT,378,300621.01,0
2025-07-31 02:00:00,P2P_TRANSFER,405,297741.19,2
2025-07-31 03:00:00,CREDIT,283,137768.6,0
2025-07-31 03:00:00,DEBIT,228,126318.4,0
2025-07-31 03:00:00,P2P_TRANSFER,243,139435.27,0
2025-07-31 04:00:00,CREDIT,367,122753.34,1
2025-07-31 04:00:00,DEBIT,399,264654.47,1
2025-07-31 04:00:00,P2P_TRANSFER,263,233298.94,2
2025-07-31 05:00:00,CREDIT,277,138716.09,2
2025-07-31 05:00:00,DEBIT,199,144703.91,0
2025-07-31 05:00:00,P2P_TRANSFER,222,189608.92,0
2025-07-31 06:00:00,CREDIT,231,35715.11,0
2025-07-31 06:00:00,DEBIT,132,83713.25,0
2025-07-31 06:00:00,P2P_TRANSFER,288,164067.44,1
2025-07-31 07:00:00,CREDIT,237,66959.7,1
2025-07-31 07:00:00,DEBIT,282,143065.79,0
2025-07-31 07:00:00,P2P_TRANSFER,398,163920.98,0
2025-07-31 08:00:00,CREDIT,285,166012.01,0
2025-07-31 08:00:00,DEBIT,173,63173.17,0
2025-07-31 08:00:00,P2P_TRANSFER,462,270364.92,1
2025-07-31 09:00:00,CREDIT,349,260240.58,1
2025-07-31 09:00:00,DEBIT,231,105091.51,0
2025-07-31 09:00:00,P2P_TRANSFER,347,176515.66,1
2025-07-31 10:00:00,CREDIT,453,234600.78,1
2025-07-31 10:00:00,DEBIT,289,194007.72,0
2025-07-31 10:00:00,P2P_TRANSFER,568,317884.32,1
2025-07-31 11:00:00,CREDIT,370,123676.46,1
2025-07-31 11:00:00,DEBIT,220,104447.63,0
2025-07-31 11:00:00,P2P_TRANSFER,266,169632.56,1
2025-07-31 12:00:00,CREDIT,244,128443.84,1
2025-07-31 12:00:00,DEBIT,88,36368.77,0
2025-07-31 12:00:00,P2P_TRANSFER,231,212242.94,1
2025-07-31 13:00:00,CREDIT,215,99492.38,0
2025-07-31 13:00:00,DEBIT,237,128283.16,1
2025-07-31 13:00:00,P2P_TRANSFER,53,30058.55,0
2025-07-31 14:00:00,CREDIT,151,87304.66,0
2025-07-31 14:00:00,DEBIT,302,356692.74,2
2025-07-31 14:00:00,P2P_TRANSFER,288,218591.59,1
2025-07-31 15:00:00,CREDIT,342,248292.56,1
2025-07-31 15:00:00,DEBIT,254,195019.82,0
2025-07-31 15:00:00,P2P_TRANSFER,267,138843.43,1
2025-07-31 16:00:00,CREDIT,338,325541.48,1
2025-07-31 16:00:00,DEBIT,278,207296.81,1
2025-07-31 16:00:00,P2P_TRANSFER,320,204883.97,1
2025-07-31 17:00:00,CREDIT,344,272227.4,1
2025-07-31 17:00:00,DEBIT,467,257501.57,1
2025-07-31 17:00:00,P2P_TRANSFER,460,193248.85,1
2025-07-31 18:00:00,CREDIT,443,294471.1,1
2025-07-31 18:00:00,DEBIT,387,379141.14,1
2025-07-31 18:00:00,P2P_TRANSFER,240,144013.02,1
2025-07-31 19:00:00,CREDIT,359,226880.57,2
2025-07-31 19:00:00,DEBIT,185,83454.59,0
2025-07-31 19:00:00,P2P_TRANSFER,183,148655.09,1
2025-07-31 20:00:00,CREDIT,339,115219.07,1
2025-07-31 20:00:00,DEBIT,222,22293.47,0
2025-07-31 20:00:00,P2P_TRANSFER,326,173449.61,1
2025-07-31 21:00:00,CREDIT,383,204553.08,0
2025-07-31 21:00:00,DEBIT,225,166091.56,1
2025-07-31 21:00:00,P2P_TRANSFER,90,46977.66,0
2025-07-31 22:00:00,CREDIT,275,281690.47,2
2025-07-31 22:00:00,DEBIT,243,185678.62,0
2025-07-31 22:00:00,P2P_TRANSFER,343,196741.2,1
2025-07-31 23:00:00,CREDIT,267,255265.26,0
2025-07-31 23:00:00,DEBIT,254,218735.53,1
2025-07-31 23:00:00,P2P_TRANSFER,181,62102.52,0
2025-08-01 00:00:00,CREDIT,223,152021.77,1
2025-08-01 00:00:00,DEBIT,367,174395.1,2
2025-08-01 00:00:00,P2P_TRANSFER,298,187346.12,1
2025-08-01 01:00:00,CREDIT,225,163498.27,0
2025-08-01 01:00:00,DEBIT,225,62440.76,1
2025-08-01 01:00:00,P2P_TRANSFER,378,213094.79,0
2025-08-01 02:00:00,CREDIT,224,173885.28,1
2025-08-01 02:00:00,DEBIT,238,115647.19,1
2025-08-01 02:00:00,P2P_TRANSFER,181,37125.55,0
2025-08-01 03:00:00,CREDIT,403,340721.89,1
2025-08-01 03:00:00,DEBIT,523,378672.05,1
2025-08-01 03:00:00,P2P_TRANSFER,379,280308.65,1
2025-08-01 04:00:00,CREDIT,298,179867.17,1
2025-08-01 04:00:00,DEBIT,371,134223.05,1
2025-08-01 04:00:00,P2P_TRANSFER,348,193898.52,0
2025-08-01 05:00:00,CREDIT,141,118443.05,0
2025-08-01 05:00:00,DEBIT,113,84631.08,0
2025-08-01 05:00:00,P2P_TRANSFER,138,84783.22,1
2025-08-01 06:00:00,CREDIT,269,129405.48,0
2025-08-01 06:00:00,DEBIT,222,90464.06,1
2025-08-01 06:00:00,P2P_TRANSFER,171,50748.1,1
2025-08-01 07:00:00,CREDIT,288,199762.14,1
2025-08-01 07:00:00,DEBIT,354,111624.76,1
2025-08-01 07:00:00,P2P_TRANSFER,283,179299.61,1
2025-08-01 08:00:00,CREDIT,197,91119.38,0
2025-08-01 08:00:00,DEBIT,360,165580.96,0
2025-08-01 08:00:00,P2P_TRANSFER,367,149214.61,1
2025-08-01 09:00:00,CREDIT,291,99775.54,0
2025-08-01 09:00:00,DEBIT,408,232268.65,1
2025-08-01 09:00:00,P2P_TRANSFER,471,351035.03,1
2025-08-01 10:00:00,CREDIT,473,415423.99,2
2025-08-01 10:00:00,DEBIT,239,75458.5,0
2025-08-01 10:00:00,P2P_TRANSFER,379,196443.41,0
2025-08-01 11:00:00,CREDIT,331,237006.02,1
2025-08-01 11:00:00,DEBIT,344,165865.97,1
2025-08-01 11:00:00,P2P_TRANSFER,444,280771.84,1
2025-08-01 12:00:00,CREDIT,389,238896.22,1
2025-08-01 12:00:00,DEBIT,410,305542.42,1
2025-08-01 12:00:00,P2P_TRANSFER,266,125735.22,0
2025-08-01 13:00:00,CREDIT,213,122517.8,0
2025-08-01 13:00:00,DEBIT,142,53252.22,0
2025-08-01 13:00:00,P2P_TRANSFER,120,106070.06,0
2025-08-01 14:00:00,CREDIT,278,153818.69,1
2025-08-01 14:00:00,DEBIT,164,109415.99,0
2025-08-01 14:00:00,P2P_TRANSFER,229,111076.93,0
2025-08-01 15:00:00,CREDIT,339,160595.47,0
2025-08-01 15:00:00,DEBIT,222,96633.94,0
2025-08-01 15:00:00,P2P_TRANSFER,183,119409.3,0
2025-08-01 16:00:00,CREDIT,335,128527.32,1
2025-08-01 16:00:00,DEBIT,194,99784.92,1
2025-08-01 16:00:00,P2P_TRANSFER,357,242028.42,1
2025-08-01 17:00:00,CREDIT,428,402176.22,3
2025-08-01 17:00:00,DEBIT,300,170286.0,1
2025-08-01 17:00:00,P2P_TRANSFER,220,99383.58,0
2025-08-01 18:00:00,CREDIT,308,281818.08,1
2025-08-01 18:00:00,DEBIT,399,335532.64,2
2025-08-01 18:00:00,P2P_TRANSFER,401,269175.82,1
2025-08-01 19:00:00,CREDIT,469,273804.04,1
2025-08-01 19:00:00,DEBIT,239,137680.03,1
2025-08-01 19:00:00,P2P_TRANSFER,484,194646.52,0
2025-08-01 20:00:00,CREDIT,415,381909.54,2
2025-08-01 20:00:00,DEBIT,245,184719.66,1
2025-08-01 20:00:00,P2P_TRANSFER,333,150544.8,1
2025-08-01 21:00:00,CREDIT,408,272192.81,1
2025-08-01 21:00:00,DEBIT,220,206866.86,1
2025-08-01 21:00:00,P2P_TRANSFER,209,107907.96,1
2025-08-01 22:00:00,CREDIT,291,88954.54,1
2025-08-01 22:00:00,DEBIT,309,124022.12,1
2025-08-01 22:00:00,P2P_TRANSFER,242,79719.8,0
2025-08-01 23:00:00,CREDIT,166,52130.69,0
2025-08-01 23:00:00,DEBIT,206,50157.17,0
2025-08-01 23:00:00,P2P_TRANSFER,179,119071.31,0
2025-08-02 00:00:00,CREDIT,282,67718.51,0
2025-08-02 00:00:00,DEBIT,351,164567.16,1
2025-08-02 00:00:00,P2P_TRANSFER,397,257273.05,1
2025-08-02 01:00:00,CREDIT,344,96478.8,0
2025-08-02 01:00:00,DEBIT,275,209638.99,1
2025-08-02 01:00:00,P2P_TRANSFER,624,412773.43,1
2025-08-02 02:00:00,CREDIT,572,344734.12,1
2025-08-02 02:00:00,DEBIT,477,356894.11,1
2025-08-02 02:00:00,P2P_TRANSFER,474,228642.02,1
2025-08-02 03:00:00,CREDIT,232,72965.58,0
2025-08-02 03:00:00,DEBIT,444,136555.72,1
2025-08-02 03:00:00,P2P_TRANSFER,274,108462.76,0
2025-08-02 04:00:00,CREDIT,251,225969.68,1
2025-08-02 04:00:00,DEBIT,284,181546.72,1
2025-08-02 04:00:00,P2P_TRANSFER,234,175172.89,0
2025-08-02 05:00:00,CREDIT,262,226096.57,1
2025-08-02 05:00:00,DEBIT,164,110742.88,1
2025-08-02 05:00:00,P2P_TRANSFER,110,72568.72,0
2025-08-02 06:00:00,CREDIT,180,95977.82,0
2025-08-02 06:00:00,DEBIT,136,39547.15,0
2025-08-02 06:00:00,P2P_TRANSFER,128,118397.03,1
2025-08-02 07:00:00,CREDIT,300,239425.81,2
2025-08-02 07:00:00,DEBIT,153,77382.49,0
2025-08-02 07:00:00,P2P_TRANSFER,236,75180.59,0
2025-08-02 08:00:00,CREDIT,245,185221.97,0
2025-08-02 08:00:00,DEBIT,220,129925.15,0
2025-08-02 08:00:00,P2P_TRANSFER,404,199614.44,1
2025-08-02 09:00:00,CREDIT,402,232383.79,0
2025-08-02 09:00:00,DEBIT,483,288801.97,1
2025-08-02 09:00:00,P2P_TRANSFER,342,310861.64,1
2025-08-02 10:00:00,CREDIT,318,230945.27,1
2025-08-02 10:00:00,DEBIT,522,505334.42,3
2025-08-02 10:00:00,P2P_TRANSFER,290,74432.38,0
2025-08-02 11:00:00,CREDIT,444,317115.73,1
2025-08-02 11:00:00,DEBIT,161,109511.66,0
2025-08-02 11:00:00,P2P_TRANSFER,369,362759.93,1
2025-08-02 12:00:00,CREDIT,276,179487.71,1
2025-08-02 12:00:00,DEBIT,319,189157.14,0
2025-08-02 12:00:00,P2P_TRANSFER,216,163633.37,1
2025-08-02 13:00:00,CREDIT,303,74013.29,1
2025-08-02 13:00:00,DEBIT,192,67501.87,1
2025-08-02 13:00:00,P2P_TRANSFER,166,132431.12,0
2025-08-02 14:00:00,CREDIT,261,128100.35,1
2025-08-02 14:00:00,DEBIT,165,108465.29,0
2025-08-02 14:00:00,P2P_TRANSFER,335,185566.64,1
2025-08-02 15:00:00,CREDIT,164,23892.56,0
2025-08-02 15:00:00,DEBIT,150,105257.02,0
2025-08-02 15:00:00,P2P_TRANSFER,45,24993.56,0
2025-08-02 16:00:00,CREDIT,143,71780.7,0
2025-08-02 16:00:00,DEBIT,513,297170.36,1
2025-08-02 16:00:00,P2P_TRANSFER,357,437632.8,2
2025-08-02 17:00:00,CREDIT,447,216311.45,1
2025-08-02 17:00:00,DEBIT,515,353321.86,1
2025-08-02 17:00:00,P2P_TRANSFER,470,158815.24,2
2025-08-02 18:00:00,CREDIT,374,333925.38,2
2025-08-02 18:00:00,DEBIT,476,325231.34,2
2025-08-02 18:00:00,P2P_TRANSFER,406,265651.56,2
2025-08-02 19:00:00,CREDIT,694,600000.0,1
2025-08-02 19:00:00,DEBIT,273,205416.32,0
2025-08-02 19:00:00,P2P_TRANSFER,276,189095.42,0
2025-08-02 20:00:00,CREDIT,306,259428.04,1
2025-08-02 20:00:00,DEBIT,359,147564.92,1
2025-08-02 20:00:00,P2P_TRANSFER,331,177579.04,0
2025-08-02 21:00:00,CREDIT,222,138088.6,1
2025-08-02 21:00:00,DEBIT,287,167859.9,0
2025-08-02 21:00:00,P2P_TRANSFER,234,216448.52,0
2025-08-02 22:00:00,CREDIT,293,151548.55,0
2025-08-02 22:00:00,DEBIT,134,34763.26,1
2025-08-02 22:00:00,P2P_TRANSFER,315,192724.34,1
2025-08-02 23:00:00,CREDIT,229,113722.54,1
2025-08-02 23:00:00,DEBIT,261,199044.7,0
2025-08-02 23:00:00,P2P_TRANSFER,409,355382.12,1
2025-08-03 00:00:00,CREDIT,222,108078.1,1
2025-08-03 00:00:00,DEBIT,324,220439.93,1
2025-08-03 00:00:00,P2P_TRANSFER,298,127462.51,1
2025-08-03 01:00:00,CREDIT,516,219177.8,1
2025-08-03 01:00:00,DEBIT,446,178125.46,1
2025-08-03 01:00:00,P2P_TRANSFER,305,124202.7,1
2025-08-03 02:00:00,CREDIT,218,174871.61,1
2025-08-03 02:00:00,DEBIT,310,150733.99,1
2025-08-03 02:00:00,P2P_TRANSFER,432,380937.79,2
2025-08-03 03:00:00,CREDIT,575,272121.32,2
2025-08-03 03:00:00,DEBIT,177,107295.66,0
2025-08-03 03:00:00,P2P_TRANSFER,470,240866.45,1
2025-08-03 04:00:00,CREDIT,193,71482.94,1
2025-08-03 04:00:00,DEBIT,379,125184.32,1
2025-08-03 04:00:00,P2P_TRANSFER,207,151353.08,0
2025-08-03 05:00:00,CREDIT,369,121473.38,0
2025-08-03 05:00:00,DEBIT,171,57655.54,1
2025-08-03 05:00:00,P2P_TRANSFER,176,100460.87,0
2025-08-03 06:00:00,CREDIT,258,128118.19,1
2025-08-03 06:00:00,DEBIT,252,138749.94,1
2025-08-03 06:00:00,P2P_TRANSFER,239,86191.98,0
2025-08-03 07:00:00,CREDIT,220,63397.34,0
2025-08-03 07:00:00,DEBIT,366,222011.6,0
2025-08-03 07:00:00,P2P_TRANSFER,185,154290.92,0
2025-08-03 08:00:00,CREDIT,267,170603.88,0
2025-08-03 08:00:00,DEBIT,195,103655.23,0
2025-08-03 08:00:00,P2P_TRANSFER,317,206845.31,1
2025-08-03 09:00:00,CREDIT,420,344922.74,1
2025-08-03 09:00:00,DEBIT,312,114794.29,0
2025-08-03 09:00:00,P2P_TRANSFER,354,365153.68,2
2025-08-03 10:00:00,CREDIT,619,274833.53,1
2025-08-03 10:00:00,DEBIT,177,74731.37,0
2025-08-03 10:00:00,P2P_TRANSFER,422,333342.61,1
2025-08-03 11:00:00,CREDIT,296,154031.21,0
2025-08-03 11:00:00,DEBIT,384,126363.74,1
2025-08-03 11:00:00,P2P_TRANSFER,283,223581.62,1
2025-08-03 12:00:00,CREDIT,228,111786.97,0
2025-08-03 12:00:00,DEBIT,141,62177.29,0
2025-08-03 12:00:00,P2P_TRANSFER,288,216704.36,0
2025-08-03 13:00:00,CREDIT,237,138575.59,1
2025-08-03 13:00:00,DEBIT,247,212448.07,0
2025-08-03 13:00:00,P2P_TRANSFER,255,102130.82,1
2025-08-03 14:00:00,CREDIT,169,84773.15,0
2025-08-03 14:00:00,DEBIT,198,148339.78,0
2025-08-03 14:00:00,P2P_TRANSFER,255,154370.44,0
2025-08-03 15:00:00,CREDIT,369,364122.04,0
2025-08-03 15:00:00,DEBIT,265,225794.36,0
2025-08-03 15:00:00,P2P_TRANSFER,292,96096.88,1
2025-08-03 16:00:00,CREDIT,311,174636.77,0
2025-08-03 16:00:00,DEBIT,163,74953.99,0
2025-08-03 16:00:00,P2P_TRANSFER,412,265409.81,0
2025-08-03 17:00:00,CREDIT,369,194518.82,1
2025-08-03 17:00:00,DEBIT,452,401991.19,1
2025-08-03 17:00:00,P2P_TRANSFER,433,448450.62,2
2025-08-03 18:00:00,CREDIT,577,296768.14,1
2025-08-03 18:00:00,DEBIT,267,47588.52,1
2025-08-03 18:00:00,P2P_TRANSFER,311,337079.42,1
2025-08-03 19:00:00,CREDIT,266,192133.54,1
2025-08-03 19:00:00,DEBIT,214,100768.32,0
2025-08-03 19:00:00,P2P_TRANSFER,266,152319.64,0
2025-08-03 20:00:00,CREDIT,258,183327.92,1
2025-08-03 20:00:00,DEBIT,225,155001.61,0
2025-08-03 20:00:00,P2P_TRANSFER,348,227698.88,1
2025-08-03 21:00:00,CREDIT,211,185747.11,1
2025-08-03 21:00:00,DEBIT,167,57945.68,0
2025-08-03 21:00:00,P2P_TRANSFER,207,115643.32,1
2025-08-03 22:00:00,CREDIT,266,76399.31,0
2025-08-03 22:00:00,DEBIT,195,116145.13,1
2025-08-03 22:00:00,P2P_TRANSFER,276,155797.62,0
2025-08-03 23:00:00,CREDIT,278,195931.75,1
2025-08-03 23:00:00,DEBIT,322,201313.28,1
2025-08-03 23:00:00,P2P_TRANSFER,267,147135.94,0
2025-08-04 00:00:00,CREDIT,330,187072.75,0
2025-08-04 00:00:00,DEBIT,411,338600.98,1
2025-08-04 00:00:00,P2P_TRANSFER,190,100692.65,0
2025-08-04 01:00:00,CREDIT,406,344504.53,1
2025-08-04 01:00:00,DEBIT,515,115148.96,0
2025-08-04 01:00:00,P2P_TRANSFER,498,237830.39,2
2025-08-04 02:00:00,CREDIT,245,134223.83,0
2025-08-04 02:00:00,DEBIT,380,285475.86,0
2025-08-04 02:00:00,P2P_TRANSFER,390,158509.01,1
2025-08-04 03:00:00,CREDIT,383,181576.21,0
2025-08-04 03:00:00,DEBIT,369,158496.82,1
2025-08-04 03:00:00,P2P_TRANSFER,410,146715.76,0
2025-08-04 04:00:00,CREDIT,364,316392.13,0
2025-08-04 04:00:00,DEBIT,225,47904.12,0
2025-08-04 04:00:00,P2P_TRANSFER,253,144414.48,1
2025-08-04 05:00:00,CREDIT,216,72117.12,0
2025-08-04 05:00:00,DEBIT,177,33920.74,0
2025-08-04 05:00:00,P2P_TRANSFER,304,230006.82,1
2025-08-04 06:00:00,CREDIT,173,83701.6,0
2025-08-04 06:00:00,DEBIT,144,60559.92,1
2025-08-04 06:00:00,P2P_TRANSFER,126,27635.78,1
2025-08-04 07:00:00,CREDIT,202,110868.08,1
2025-08-04 07:00:00,DEBIT,351,222329.99,0
2025-08-04 07:00:00,P2P_TRANSFER,195,123780.28,1
2025-08-04 08:00:00,CREDIT,315,186904.04,0
2025-08-04 08:00:00,DEBIT,343,238353.12,1
2025-08-04 08:00:00,P2P_TRANSFER,335,174274.26,0
2025-08-04 09:00:00,CREDIT,495,429364.16,2
2025-08-04 09:00:00,DEBIT,352,178903.46,1
2025-08-04 09:00:00,P2P_TRANSFER,585,395745.26,2
2025-08-04 10:00:00,CREDIT,354,84228.96,0
2025-08-04 10:00:00,DEBIT,264,143429.92,0
2025-08-04 10:00:00,P2P_TRANSFER,585,453539.44,2
2025-08-04 11:00:00,CREDIT,359,314230.92,1
2025-08-04 11:00:00,DEBIT,58,32949.13,0
2025-08-04 11:00:00,P2P_TRANSFER,354,273841.06,1
2025-08-04 12:00:00,CREDIT,458,399712.66,1
2025-08-04 12:00:00,DEBIT,186,149950.6,0
2025-08-04 12:00:00,P2P_TRANSFER,217,127390.43,1
2025-08-04 13:00:00,CREDIT,328,131779.88,1
2025-08-04 13:00:00,DEBIT,251,91611.36,1
2025-08-04 13:00:00,P2P_TRANSFER,143,82917.84,0
2025-08-04 14:00:00,CREDIT,91,32564.84,0
2025-08-04 14:00:00,DEBIT,219,65486.62,0
2025-08-04 14:00:00,P2P_TRANSFER,166,153403.5,1
2025-08-04 15:00:00,CREDIT,192,84247.48,1
2025-08-04 15:00:00,DEBIT,314,236440.21,0
2025-08-04 15:00:00,P2P_TRANSFER,279,166701.41,1
2025-08-04 16:00:00,CREDIT,217,89947.03,1
2025-08-04 16:00:00,DEBIT,422,467314.79,2
2025-08-04 16:00:00,P2P_TRANSFER,344,198439.96,1
2025-08-04 17:00:00,CREDIT,247,119522.39,1
2025-08-04 17:00:00,DEBIT,345,134777.47,1
2025-08-04 17:00:00,P2P_TRANSFER,373,256341.91,2
2025-08-04 18:00:00,CREDIT,648,341482.74,1
2025-08-04 18:00:00,DEBIT,519,499604.71,1
2025-08-04 18:00:00,P2P_TRANSFER,693,471080.44,2
2025-08-04 19:00:00,CREDIT,389,335059.36,1
2025-08-04 19:00:00,DEBIT,392,229804.19,1
2025-08-04 19:00:00,P2P_TRANSFER,358,279626.5,1
2025-08-04 20:00:00,CREDIT,214,82933.92,0
2025-08-04 20:00:00,DEBIT,327,52135.34,0
2025-08-04 20:00:00,P2P_TRANSFER,84,84890.93,0
2025-08-04 21:00:00,CREDIT,395,140431.75,1
2025-08-04 21:00:00,DEBIT,240,159671.1,0
2025-08-04 21:00:00,P2P_TRANSFER,257,143650.34,0
2025-08-04 22:00:00,CREDIT,174,88201.14,0
2025-08-04 22:00:00,DEBIT,145,102304.57,0
2025-08-04 22:00:00,P2P_TRANSFER,181,94265.34,0
2025-08-04 23:00:00,CREDIT,147,118082.59,0
2025-08-04 23:00:00,DEBIT,271,193688.04,1
2025-08-04 23:00:00,P2P_TRANSFER,321,167411.28,0
2025-08-05 00:00:00,CREDIT,279,272711.09,0
2025-08-05 00:00:00,DEBIT,359,230606.99,2
2025-08-05 00:00:00,P2P_TRANSFER,366,248780.83,0
2025-08-05 01:00:00,CREDIT,389,268430.41,1
2025-08-05 01:00:00,DEBIT,545,471553.48,2
2025-08-05 01:00:00,P2P_TRANSFER,71,52836.12,0
2025-08-05 02:00:00,CREDIT,332,136535.36,1
2025-08-05 02:00:00,DEBIT,461,104742.2,1
2025-08-05 02:00:00,P2P_TRANSFER,272,292701.79,0
2025-08-05 03:00:00,CREDIT,342,152529.49,1
2025-08-05 03:00:00,DEBIT,249,142604.44,1
2025-08-05 03:00:00,P2P_TRANSFER,302,351258.7,1
2025-08-05 04:00:00,CREDIT,301,148142.69,0
2025-08-05 04:00:00,DEBIT,368,125641.73,0
2025-08-05 04:00:00,P2P_TRANSFER,345,284786.22,0
2025-08-05 05:00:00,CREDIT,379,124947.49,1
2025-08-05 05:00:00,DEBIT,204,118432.49,1
2025-08-05 05:00:00,P2P_TRANSFER,162,115171.81,0
2025-08-05 06:00:00,CREDIT,200,160789.67,0
2025-08-05 06:00:00,DEBIT,222,188949.31,1
2025-08-05 06:00:00,P2P_TRANSFER,148,105015.96,0
2025-08-05 07:00:00,CREDIT,253,164796.24,0
2025-08-05 07:00:00,DEBIT,287,106465.2,0
2025-08-05 07:00:00,P2P_TRANSFER,252,174043.39,1
2025-08-05 08:00:00,CREDIT,196,121280.99,0
2025-08-05 08:00:00,DEBIT,292,182931.26,0
2025-08-05 08:00:00,P2P_TRANSFER,316,185748.44,1
2025-08-05 09:00:00,CREDIT,466,130093.19,1
2025-08-05 09:00:00,DEBIT,342,114410.15,0
2025-08-05 09:00:00,P2P_TRANSFER,377,277173.9,1
2025-08-05 10:00:00,CREDIT,440,218054.58,1
2025-08-05 10:00:00,DEBIT,511,361899.62,2
2025-08-05 10:00:00,P2P_TRANSFER,457,381593.32,2
2025-08-05 11:00:00,CREDIT,468,64626.12,1
2025-08-05 11:00:00,DEBIT,210,121593.58,0
2025-08-05 11:00:00,P2P_TRANSFER,316,118004.05,1
2025-08-05 12:00:00,CREDIT,380,254517.18,1
2025-08-05 12:00:00,DEBIT,165,85798.81,1
2025-08-05 12:00:00,P2P_TRANSFER,313,171511.46,1
2025-08-05 13:00:00,CREDIT,364,259998.92,0
2025-08-05 13:00:00,DEBIT,153,92080.15,0
2025-08-05 13:00:00,P2P_TRANSFER,206,162001.57,1
2025-08-05 14:00:00,CREDIT,287,260945.03,1
2025-08-05 14:00:00,DEBIT,246,189860.17,2
2025-08-05 14:00:00,P2P_TRANSFER,331,199296.6,2
2025-08-05 15:00:00,CREDIT,366,160017.18,0
2025-08-05 15:00:00,DEBIT,214,129743.93,1
2025-08-05 15:00:00,P2P_TRANSFER,418,392664.54,2
2025-08-05 16:00:00,CREDIT,212,145258.81,1
2025-08-05 16:00:00,DEBIT,469,285890.98,2
2025-08-05 16:00:00,P2P_TRANSFER,315,208265.4,0
2025-08-05 17:00:00,CREDIT,513,137341.32,1
2025-08-05 17:00:00,DEBIT,366,185014.46,1
2025-08-05 17:00:00,P2P_TRANSFER,159,134112.18,0
2025-08-05 18:00:00,CREDIT,440,432912.71,1
2025-08-05 18:00:00,DEBIT,388,251519.22,1
2025-08-05 18:00:00,P2P_TRANSFER,339,248514.79,1
2025-08-05 19:00:00,CREDIT,512,319291.27,1
2025-08-05 19:00:00,DEBIT,355,190416.31,1
2025-08-05 19:00:00,P2P_TRANSFER,472,329104.5,2
2025-08-05 20:00:00,CREDIT,267,176911.15,1
2025-08-05 20:00:00,DEBIT,194,101864.81,1
2025-08-05 20:00:00,P2P_TRANSFER,166,114089.65,1
2025-08-05 21:00:00,CREDIT,149,37762.75,0
2025-08-05 21:00:00,DEBIT,107,34565.34,0
2025-08-05 21:00:00,P2P_TRANSFER,249,101969.11,0
2025-08-05 22:00:00,CREDIT,199,103544.74,0
2025-08-05 22:00:00,DEBIT,283,147347.22,1
2025-08-05 22:00:00,P2P_TRANSFER,213,112894.93,0
2025-08-05 23:00:00,CREDIT,311,81908.99,0
2025-08-05 23:00:00,DEBIT,242,129198.11,0
2025-08-05 23:00:00,P2P_TRANSFER,254,117137.95,0
2025-08-06 00:00:00,CREDIT,464,241586.0,1
2025-08-06 00:00:00,DEBIT,193,156978.96,0
2025-08-06 00:00:00,P2P_TRANSFER,441,357951.25,1
2025-08-06 01:00:00,CREDIT,236,88437.3,0
2025-08-06 01:00:00,DEBIT,417,161215.8,0
2025-08-06 01:00:00,P2P_TRANSFER,315,222405.36,0
2025-08-06 02:00:00,CREDIT,483,222440.98,1
2025-08-06 02:00:00,DEBIT,442,284098.04,1
2025-08-06 02:00:00,P2P_TRANSFER,306,45674.96,0
2025-08-06 03:00:00,CREDIT,291,105661.49,0
2025-08-06 03:00:00,DEBIT,257,126562.74,1
2025-08-06 03:00:00,P2P_TRANSFER,307,217129.63,1
2025-08-06 04:00:00,CREDIT,190,144905.71,0
2025-08-06 04:00:00,DEBIT,346,208788.74,1
2025-08-06 04:00:00,P2P_TRANSFER,333,174916.56,2
2025-08-06 05:00:00,CREDIT,221,183922.42,1
2025-08-06 05:00:00,DEBIT,267,194268.18,1
2025-08-06 05:00:00,P2P_TRANSFER,347,311961.38,2
2025-08-06 06:00:00,CREDIT,142,138035.9,0
2025-08-06 06:00:00,DEBIT,300,214752.55,0
2025-08-06 06:00:00,P2P_TRANSFER,223,133315.26,0
2025-08-06 07:00:00,CREDIT,221,108793.12,0
2025-08-06 07:00:00,DEBIT,273,144732.96,0
2025-08-06 07:00:00,P2P_TRANSFER,285,196255.63,0
2025-08-06 08:00:00,CREDIT,349,278372.09,2
2025-08-06 08:00:00,DEBIT,118,26100.46,0
2025-08-06 08:00:00,P2P_TRANSFER,524,223881.97,1
2025-08-06 09:00:00,CREDIT,434,292302.19,1
2025-08-06 09:00:00,DEBIT,337,68647.38,1
2025-08-06 09:00:00,P2P_TRANSFER,537,181407.52,1
2025-08-06 10:00:00,CREDIT,492,143308.42,0
2025-08-06 10:00:00,DEBIT,625,426526.7,2
2025-08-06 10:00:00,P2P_TRANSFER,421,220086.4,0
2025-08-06 11:00:00,CREDIT,340,270294.52,1
2025-08-06 11:00:00,DEBIT,263,15221.33,1
2025-08-06 11:00:00,P2P_TRANSFER,295,129408.78,1
2025-08-06 12:00:00,CREDIT,261,178983.73,0
2025-08-06 12:00:00,DEBIT,288,152620.87,0
2025-08-06 12:00:00,P2P_TRANSFER,252,102806.28,1
2025-08-06 13:00:00,CREDIT,315,194903.39,0
2025-08-06 13:00:00,DEBIT,267,190821.14,1
2025-08-06 13:00:00,P2P_TRANSFER,224,47184.08,0
2025-08-06 14:00:00,CREDIT,190,74031.8,1
2025-08-06 14:00:00,DEBIT,216,44442.16,0
2025-08-06 14:00:00,P2P_TRANSFER,174,94537.4,1
2025-08-06 15:00:00,CREDIT,322,276127.16,0
2025-08-06 15:00:00,DEBIT,287,146027.52,1
2025-08-06 15:00:00,P2P_TRANSFER,281,136788.79,0
2025-08-06 16:00:00,CREDIT,351,260398.68,1
2025-08-06 16:00:00,DEBIT,303,214323.11,0
2025-08-06 16:00:00,P2P_TRANSFER,357,138531.14,0
2025-08-06 17:00:00,CREDIT,431,251519.45,1
2025-08-06 17:00:00,DEBIT,402,256669.88,2
2025-08-06 17:00:00,P2P_TRANSFER,564,402953.28,2
2025-08-06 18:00:00,CREDIT,261,208188.8,1
2025-08-06 18:00:00,DEBIT,441,456040.38,1
2025-08-06 18:00:00,P2P_TRANSFER,490,383899.99,1
2025-08-06 19:00:00,CREDIT,404,241618.97,1
2025-08-06 19:00:00,DEBIT,240,198503.52,0
2025-08-06 19:00:00,P2P_TRANSFER,129,54162.77,0
2025-08-06 20:00:00,CREDIT,408,336432.55,3
2025-08-06 20:00:00,DEBIT,177,133100.9,0
2025-08-06 20:00:00,P2P_TRANSFER,273,177991.69,1
2025-08-06 21:00:00,CREDIT,235,105544.76,1
2025-08-06 21:00:00,DEBIT,186,142348.7,1
2025-08-06 21:00:00,P2P_TRANSFER,339,119032.46,0
2025-08-06 22:00:00,CREDIT,165,114583.62,0
2025-08-06 22:00:00,DEBIT,312,171691.16,0
2025-08-06 22:00:00,P2P_TRANSFER,186,95461.93,0
2025-08-06 23:00:00,CREDIT,227,137034.6,1
2025-08-06 23:00:00,DEBIT,293,171644.12,1
2025-08-06 23:00:00,P2P_TRANSFER,329,318987.91,0
2025-08-07 00:00:00,CREDIT,335,226317.78,0
2025-08-07 00:00:00,DEBIT,331,194763.01,0
2025-08-07 00:00:00,P2P_TRANSFER,342,225664.48,0
2025-08-07 01:00:00,CREDIT,323,211803.97,0
2025-08-07 01:00:00,DEBIT,441,132060.25,1
2025-08-07 01:00:00,P2P_TRANSFER,502,267418.45,1
2025-08-07 02:00:00,CREDIT,315,177131.6,1
2025-08-07 02:00:00,DEBIT,480,295248.58,0
2025-08-07 02:00:00,P2P_TRANSFER,261,152380.37,0
2025-08-07 03:00:00,CREDIT,288,227682.28,1
2025-08-07 03:00:00,DEBIT,275,212845.34,0
2025-08-07 03:00:00,P2P_TRANSFER,329,144357.36,1
2025-08-07 04:00:00,CREDIT,330,208328.18,1
2025-08-07 04:00:00,DEBIT,373,172264.36,0
2025-08-07 04:00:00,P2P_TRANSFER,231,168687.08,0
2025-08-07 05:00:00,CREDIT,100,47910.41,1
2025-08-07 05:00:00,DEBIT,261,132554.05,0
2025-08-07 05:00:00,P2P_TRANSFER,249,158467.13,0
2025-08-07 06:00:00,CREDIT,272,147307.07,1
2025-08-07 06:00:00,DEBIT,193,118914.12,0
2025-08-07 06:00:00,P2P_TRANSFER,286,218904.24,0
2025-08-07 07:00:00,CREDIT,204,54849.6,0
2025-08-07 07:00:00,DEBIT,134,42164.51,1
2025-08-07 07:00:00,P2P_TRANSFER,342,178227.74,1
2025-08-07 08:00:00,CREDIT,290,245106.36,0
2025-08-07 08:00:00,DEBIT,450,186067.74,1
2025-08-07 08:00:00,P2P_TRANSFER,486,331441.32,2
2025-08-07 09:00:00,CREDIT,320,109330.48,0
2025-08-07 09:00:00,DEBIT,545,393849.82,2
2025-08-07 09:00:00,P2P_TRANSFER,451,372483.43,1
2025-08-07 10:00:00,CREDIT,396,242199.55,0
2025-08-07 10:00:00,DEBIT,468,159079.1,1
2025-08-07 10:00:00,P2P_TRANSFER,216,199766.77,0
2025-08-07 11:00:00,CREDIT,379,225203.64,1
2025-08-07 11:00:00,DEBIT,404,255728.6,1
2025-08-07 11:00:00,P2P_TRANSFER,269,150374.05,1
2025-08-07 12:00:00,CREDIT,237,100793.36,1
2025-08-07 12:00:00,DEBIT,254,220052.5,1
2025-08-07 12:00:00,P2P_TRANSFER,230,81372.1,0
2025-08-07 13:00:00,CREDIT,175,116938.8,1
2025-08-07 13:00:00,DEBIT,247,95688.32,1
2025-08-07 13:00:00,P2P_TRANSFER,147,59327.18,0
2025-08-07 14:00:00,CREDIT,164,87126.41,0
2025-08-07 14:00:00,DEBIT,229,175314.26,0
2025-08-07 14:00:00,P2P_TRANSFER,302,73256.45,1
2025-08-07 15:00:00,CREDIT,203,152057.36,1
2025-08-07 15:00:00,DEBIT,159,121643.06,1
2025-08-07 15:00:00,P2P_TRANSFER,247,58300.44,1
2025-08-07 16:00:00,CREDIT,197,99259.74,1
2025-08-07 16:00:00,DEBIT,441,323889.25,1
2025-08-07 16:00:00,P2P_TRANSFER,424,234394.0,0
2025-08-07 17:00:00,CREDIT,143,118060.21,0
2025-08-07 17:00:00,DEBIT,388,336609.28,2
2025-08-07 17:00:00,P2P_TRANSFER,525,230453.82,0
2025-08-07 18:00:00,CREDIT,546,268162.61,0
2025-08-07 18:00:00,DEBIT,195,116852.62,1
2025-08-07 18:00:00,P2P_TRANSFER,367,273002.0,0
2025-08-07 19:00:00,CREDIT,233,119107.28,0
2025-08-07 19:00:00,DEBIT,317,187364.2,0
2025-08-07 19:00:00,P2P_TRANSFER,362,266983.48,1
2025-08-07 20:00:00,CREDIT,345,188726.58,1
2025-08-07 20:00:00,DEBIT,174,129733.8,1
2025-08-07 20:00:00,P2P_TRANSFER,228,131814.5,0
2025-08-07 21:00:00,CREDIT,282,191918.9,1
2025-08-07 21:00:00,DEBIT,253,12000.0,0
2025-08-07 21:00:00,P2P_TRANSFER,204,90162.49,1
2025-08-07 22:00:00,CREDIT,298,227949.6,0
2025-08-07 22:00:00,DEBIT,223,160675.86,2
2025-08-07 22:00:00,P2P_TRANSFER,338,151411.24,1
2025-08-07 23:00:00,CREDIT,256,105185.51,0
2025-08-07 23:00:00,DEBIT,289,208834.97,1
2025-08-07 23:00:00,P2P_TRANSFER,292,191698.28,2
2025-08-08 00:00:00,CREDIT,293,121262.21,0
2025-08-08 00:00:00,DEBIT,250,228909.24,1
2025-08-08 00:00:00,P2P_TRANSFER,276,101716.99,0
2025-08-08 01:00:00,CREDIT,423,316585.06,2
2025-08-08 01:00:00,DEBIT,287,71554.46,0
2025-08-08 01:00:00,P2P_TRANSFER,416,241166.41,2
2025-08-08 02:00:00,CREDIT,124,78371.11,1
2025-08-08 02:00:00,DEBIT,319,121685.09,0
2025-08-08 02:00:00,P2P_TRANSFER,396,166239.97,1
2025-08-08 03:00:00,CREDIT,276,132471.92,1
2025-08-08 03:00:00,DEBIT,214,89701.24,1
2025-08-08 03:00:00,P2P_TRANSFER,30,21925.5,0
2025-08-08 04:00:00,CREDIT,254,195581.78,1
2025-08-08 04:00:00,DEBIT,267,136280.47,0
2025-08-08 04:00:00,P2P_TRANSFER,246,128370.26,1
2025-08-08 05:00:00,CREDIT,197,89670.25,1
2025-08-08 05:00:00,DEBIT,205,126346.92,1
2025-08-08 05:00:00,P2P_TRANSFER,174,135890.09,1
2025-08-08 06:00:00,CREDIT,264,161545.33,1
2025-08-08 06:00:00,DEBIT,294,180585.04,0
2025-08-08 06:00:00,P2P_TRANSFER,197,131697.02,0
2025-08-08 07:00:00,CREDIT,291,181923.28,0
2025-08-08 07:00:00,DEBIT,231,105159.24,0
2025-08-08 07:00:00,P2P_TRANSFER,206,39242.71,0
2025-08-08 08:00:00,CREDIT,243,130422.44,0
2025-08-08 08:00:00,DEBIT,276,179497.87,1
2025-08-08 08:00:00,P2P_TRANSFER,233,174304.64,1
2025-08-08 09:00:00,CREDIT,367,237998.23,1
2025-08-08 09:00:00,DEBIT,284,209315.42,1
2025-08-08 09:00:00,P2P_TRANSFER,486,220921.76,2
2025-08-08 10:00:00,CREDIT,140,132981.3,1
2025-08-08 10:00:00,DEBIT,370,238367.14,1
2025-08-08 10:00:00,P2P_TRANSFER,345,145037.42,1
2025-08-08 11:00:00,CREDIT,205,101522.96,0
2025-08-08 11:00:00,DEBIT,425,345371.48,1
2025-08-08 11:00:00,P2P_TRANSFER,244,256774.24,2
2025-08-08 12:00:00,CREDIT,317,310522.04,1
2025-08-08 12:00:00,DEBIT,231,155446.1,2
2025-08-08 12:00:00,P2P_TRANSFER,285,143290.01,0
2025-08-08 13:00:00,CREDIT,240,203641.08,0
2025-08-08 13:00:00,DEBIT,166,115937.21,2
2025-08-08 13:00:00,P2P_TRANSFER,178,20701.52,1
2025-08-08 14:00:00,CREDIT,236,87422.35,1
2025-08-08 14:00:00,DEBIT,251,226823.87,1
2025-08-08 14:00:00,P2P_TRANSFER,269,175002.22,1
2025-08-08 15:00:00,CREDIT,279,117459.68,1
2025-08-08 15:00:00,DEBIT,295,183358.19,0
2025-08-08 15:00:00,P2P_TRANSFER,258,181038.36,1
2025-08-08 16:00:00,CREDIT,304,214597.32,0
2025-08-08 16:00:00,DEBIT,328,233052.6,2
2025-08-08 16:00:00,P2P_TRANSFER,482,364877.11,1
2025-08-08 17:00:00,CREDIT,409,192982.21,1
2025-08-08 17:00:00,DEBIT,470,312112.5,2
2025-08-08 17:00:00,P2P_TRANSFER,441,415074.16,0
2025-08-08 18:00:00,CREDIT,309,248960.95,0
2025-08-08 18:00:00,DEBIT,413,64712.22,0
2025-08-08 18:00:00,P2P_TRANSFER,316,322169.87,2
2025-08-08 19:00:00,CREDIT,267,88639.46,0
2025-08-08 19:00:00,DEBIT,299,102112.14,0
2025-08-08 19:00:00,P2P_TRANSFER,473,281675.32,1
2025-08-08 20:00:00,CREDIT,233,126853.14,0
2025-08-08 20:00:00,DEBIT,264,147585.3,2
2025-08-08 20:00:00,P2P_TRANSFER,248,166605.67,1
2025-08-08 21:00:00,CREDIT,290,199679.09,0
2025-08-08 21:00:00,DEBIT,277,139667.29,0
2025-08-08 21:00:00,P2P_TRANSFER,285,238493.2,1
2025-08-08 22:00:00,CREDIT,374,208720.18,1
2025-08-08 22:00:00,DEBIT,226,125761.26,1
2025-08-08 22:00:00,P2P_TRANSFER,257,164955.65,0
2025-08-08 23:00:00,CREDIT,291,107994.01,0
2025-08-08 23:00:00,DEBIT,317,320271.67,1
2025-08-08 23:00:00,P2P_TRANSFER,287,266206.75,1
2025-08-09 00:00:00,CREDIT,343,152485.26,0
2025-08-09 00:00:00,DEBIT,317,307736.86,0
2025-08-09 00:00:00,P2P_TRANSFER,277,146138.04,0
2025-08-09 01:00:00,CREDIT,364,178238.8,0
2025-08-09 01:00:00,DEBIT,361,280330.42,1
2025-08-09 01:00:00,P2P_TRANSFER,287,37655.15,1
2025-08-09 02:00:00,CREDIT,391,166325.28,1
2025-08-09 02:00:00,DEBIT,480,365046.42,2
2025-08-09 02:00:00,P2P_TRANSFER,398,87933.3,1
2025-08-09 03:00:00,CREDIT,352,330665.21,1
2025-08-09 03:00:00,DEBIT,420,271513.73,2
2025-08-09 03:00:00,P2P_TRANSFER,223,83095.84,0
2025-08-09 04:00:00,CREDIT,30,12000.0,0
2025-08-09 04:00:00,DEBIT,409,242754.68,1
2025-08-09 04:00:00,P2P_TRANSFER,301,129634.75,1
2025-08-09 05:00:00,CREDIT,278,112138.36,1
2025-08-09 05:00:00,DEBIT,215,68392.92,0
2025-08-09 05:00:00,P2P_TRANSFER,173,135959.36,1
2025-08-09 06:00:00,CREDIT,291,139266.54,0
2025-08-09 06:00:00,DEBIT,39,12000.0,0
2025-08-09 06:00:00,P2P_TRANSFER,48,32311.58,0
2025-08-09 07:00:00,CREDIT,327,325711.39,1
2025-08-09 07:00:00,DEBIT,296,138450.08,1
2025-08-09 07:00:00,P2P_TRANSFER,240,121687.66,0
2025-08-09 08:00:00,CREDIT,321,207133.13,1
2025-08-09 08:00:00,DEBIT,160,66684.58,0
2025-08-09 08:00:00,P2P_TRANSFER,276,172411.79,2
2025-08-09 09:00:00,CREDIT,174,117156.59,1
2025-08-09 09:00:00,DEBIT,428,235874.2,1
2025-08-09 09:00:00,P2P_TRANSFER,342,184381.5,1
2025-08-09 10:00:00,CREDIT,315,215964.08,0
2025-08-09 10:00:00,DEBIT,472,436982.16,2
2025-08-09 10:00:00,P2P_TRANSFER,541,295621.44,0
2025-08-09 11:00:00,CREDIT,292,221412.28,1
2025-08-09 11:00:00,DEBIT,321,86363.92,0
2025-08-09 11:00:00,P2P_TRANSFER,346,213009.34,1
2025-08-09 12:00:00,CREDIT,158,70992.65,0
2025-08-09 12:00:00,DEBIT,374,169667.64,1
2025-08-09 12:00:00,P2P_TRANSFER,259,158887.97,0
2025-08-09 13:00:00,CREDIT,256,205725.0,0
2025-08-09 13:00:00,DEBIT,262,185525.53,1
2025-08-09 13:00:00,P2P_TRANSFER,198,99587.08,0
2025-08-09 14:00:00,CREDIT,247,216960.73,0
2025-08-09 14:00:00,DEBIT,159,37749.47,0
2025-08-09 14:00:00,P2P_TRANSFER,333,246677.03,1
2025-08-09 15:00:00,CREDIT,147,106750.16,0
2025-08-09 15:00:00,DEBIT,187,97002.92,1
2025-08-09 15:00:00,P2P_TRANSFER,226,31265.0,0
2025-08-09 16:00:00,CREDIT,468,334052.57,1
2025-08-09 16:00:00,DEBIT,374,291926.93,1
2025-08-09 16:00:00,P2P_TRANSFER,244,172153.51,1
2025-08-09 17:00:00,CREDIT,427,336817.88,2
2025-08-09 17:00:00,DEBIT,312,210153.68,1
2025-08-09 17:00:00,P2P_TRANSFER,213,181931.88,0
2025-08-09 18:00:00,CREDIT,365,171311.93,0
2025-08-09 18:00:00,DEBIT,374,194437.62,1
2025-08-09 18:00:00,P2P_TRANSFER,445,294770.92,0
2025-08-09 19:00:00,CREDIT,38,17517.85,0
2025-08-09 19:00:00,DEBIT,300,142421.93,1
2025-08-09 19:00:00,P2P_TRANSFER,409,378358.5,1
2025-08-09 20:00:00,CREDIT,390,167559.36,1
2025-08-09 20:00:00,DEBIT,490,186168.89,1
2025-08-09 20:00:00,P2P_TRANSFER,335,141179.77,1
2025-08-09 21:00:00,CREDIT,205,86660.99,1
2025-08-09 21:00:00,DEBIT,317,55087.99,0
2025-08-09 21:00:00,P2P_TRANSFER,232,86395.85,1
2025-08-09 22:00:00,CREDIT,305,229564.22,1
2025-08-09 22:00:00,DEBIT,216,181869.37,2
2025-08-09 22:00:00,P2P_TRANSFER,277,98694.54,1
2025-08-09 23:00:00,CREDIT,280,246125.48,1
2025-08-09 23:00:00,DEBIT,327,267115.27,0
2025-08-09 23:00:00,P2P_TRANSFER,359,273615.95,1
2025-08-10 00:00:00,CREDIT,255,124400.71,0
2025-08-10 00:00:00,DEBIT,307,191382.56,1
2025-08-10 00:00:00,P2P_TRANSFER,212,75339.26,1
2025-08-10 01:00:00,CREDIT,375,261714.97,1
2025-08-10 01:00:00,DEBIT,246,99418.37,0
2025-08-10 01:00:00,P2P_TRANSFER,339,58493.09,0
2025-08-10 02:00:00,CREDIT,278,200547.05,0
2025-08-10 02:00:00,DEBIT,383,140960.56,2
2025-08-10 02:00:00,P2P_TRANSFER,549,332058.8,1
2025-08-10 03:00:00,CREDIT,160,82407.43,0
2025-08-10 03:00:00,DEBIT,414,164367.82,1
2025-08-10 03:00:00,P2P_TRANSFER,240,222488.81,0
2025-08-10 04:00:00,CREDIT,237,132687.06,1
2025-08-10 04:00:00,DEBIT,272,112313.14,1
2025-08-10 04:00:00,P2P_TRANSFER,334,231327.74,1
2025-08-10 05:00:00,CREDIT,281,155437.15,1
2025-08-10 05:00:00,DEBIT,131,62947.43,0
2025-08-10 05:00:00,P2P_TRANSFER,214,132049.62,0
2025-08-10 06:00:00,CREDIT,162,87620.94,1
2025-08-10 06:00:00,DEBIT,289,76182.66,1
2025-08-10 06:00:00,P2P_TRANSFER,288,156797.62,2
2025-08-10 07:00:00,CREDIT,300,193164.56,1
2025-08-10 07:00:00,DEBIT,199,109801.99,0
2025-08-10 07:00:00,P2P_TRANSFER,207,140984.86,0
2025-08-10 08:00:00,CREDIT,350,241784.77,1
2025-08-10 08:00:00,DEBIT,452,310604.51,0
2025-08-10 08:00:00,P2P_TRANSFER,289,105508.75,0
2025-08-10 09:00:00,CREDIT,308,293959.25,0
2025-08-10 09:00:00,DEBIT,432,328749.0,1
2025-08-10 09:00:00,P2P_TRANSFER,232,192358.67,1
2025-08-10 10:00:00,CREDIT,254,138405.23,0
2025-08-10 10:00:00,DEBIT,344,120819.3,0
2025-08-10 10:00:00,P2P_TRANSFER,439,249919.36,1
2025-08-10 11:00:00,CREDIT,331,139113.08,0
2025-08-10 11:00:00,DEBIT,290,138833.88,0
2025-08-10 11:00:00,P2P_TRANSFER,345,201532.84,1
2025-08-10 12:00:00,CREDIT,92,63085.19,1
2025-08-10 12:00:00,DEBIT,306,155955.55,1
2025-08-10 12:00:00,P2P_TRANSFER,259,116781.78,0
2025-08-10 13:00:00,CREDIT,272,201215.22,1
2025-08-10 13:00:00,DEBIT,309,160527.44,1
2025-08-10 13:00:00,P2P_TRANSFER,268,120427.81,1
2025-08-10 14:00:00,CREDIT,193,132286.5,1
2025-08-10 14:00:00,DEBIT,257,113139.97,1
2025-08-10 14:00:00,P2P_TRANSFER,339,337283.2,0
2025-08-10 15:00:00,CREDIT,229,74591.56,1
2025-08-10 15:00:00,DEBIT,325,344911.82,1
2025-08-10 15:00:00,P2P_TRANSFER,238,122520.82,0
2025-08-10 16:00:00,CREDIT,405,245796.08,1
2025-08-10 16:00:00,DEBIT,407,190280.35,1
2025-08-10 16:00:00,P2P_TRANSFER,165,129734.62,1
2025-08-10 17:00:00,CREDIT,298,85666.75,0
2025-08-10 17:00:00,DEBIT,241,200737.0,1
2025-08-10 17:00:00,P2P_TRANSFER,202,131221.39,1
2025-08-10 18:00:00,CREDIT,389,235926.9,1
2025-08-10 18:00:00,DEBIT,302,166297.82,1
2025-08-10 18:00:00,P2P_TRANSFER,427,124179.73,2
2025-08-10 19:00:00,CREDIT,297,206252.74,0
2025-08-10 19:00:00,DEBIT,466,116739.19,0
2025-08-10 19:00:00,P2P_TRANSFER,427,294852.66,2
2025-08-10 20:00:00,CREDIT,448,286697.69,1
2025-08-10 20:00:00,DEBIT,284,197608.36,1
2025-08-10 20:00:00,P2P_TRANSFER,306,268555.37,1
2025-08-10 21:00:00,CREDIT,128,53843.26,0
2025-08-10 21:00:00,DEBIT,344,244090.16,0
2025-08-10 21:00:00,P2P_TRANSFER,253,157546.94,1
2025-08-10 22:00:00,CREDIT,297,216854.71,0
2025-08-10 22:00:00,DEBIT,258,146831.06,1
2025-08-10 22:00:00,P2P_TRANSFER,161,89976.22,0
2025-08-10 23:00:00,CREDIT,137,74978.02,0
2025-08-10 23:00:00,DEBIT,127,50829.58,0
2025-08-10 23:00:00,P2P_TRANSFER,356,188217.01,1
2025-08-11 00:00:00,CREDIT,391,191146.28,1
2025-08-11 00:00:00,DEBIT,417,364551.64,1
2025-08-11 00:00:00,P2P_TRANSFER,233,155790.72,1
2025-08-11 01:00:00,CREDIT,407,193443.6,1
2025-08-11 01:00:00,DEBIT,384,68135.95,1
2025-08-11 01:00:00,P2P_TRANSFER,313,192791.35,1
2025-08-11 02:00:00,CREDIT,557,371603.17,1
2025-08-11 02:00:00,DEBIT,442,372597.02,0
2025-08-11 02:00:00,P2P_TRANSFER,419,331194.79,2
2025-08-11 03:00:00,CREDIT,464,246481.06,1
2025-08-11 03:00:00,DEBIT,379,371749.24,2
2025-08-11 03:00:00,P2P_TRANSFER,440,239495.62,1
2025-08-11 04:00:00,CREDIT,409,232383.48,1
2025-08-11 04:00:00,DEBIT,147,117753.48,0
2025-08-11 04:00:00,P2P_TRANSFER,216,133117.84,1
2025-08-11 05:00:00,CREDIT,191,108811.6,0
2025-08-11 05:00:00,DEBIT,342,284357.2,1
2025-08-11 05:00:00,P2P_TRANSFER,233,114419.93,0
2025-08-11 06:00:00,CREDIT,83,89404.8,0
2025-08-11 06:00:00,DEBIT,285,188485.42,1
2025-08-11 06:00:00,P2P_TRANSFER,318,19307.99,0
2025-08-11 07:00:00,CREDIT,333,140967.73,1
2025-08-11 07:00:00,DEBIT,111,92348.2,0
2025-08-11 07:00:00,P2P_TRANSFER,314,164875.56,0
2025-08-11 08:00:00,CREDIT,445,263894.05,1
2025-08-11 08:00:00,DEBIT,375,231108.73,2
2025-08-11 08:00:00,P2P_TRANSFER,129,75376.61,0
2025-08-11 09:00:00,CREDIT,592,475209.35,1
2025-08-11 09:00:00,DEBIT,394,380688.71,1
2025-08-11 09:00:00,P2P_TRANSFER,267,141767.87,0
2025-08-11 10:00:00,CREDIT,405,284191.27,0
2025-08-11 10:00:00,DEBIT,441,237848.76,1
2025-08-11 10:00:00,P2P_TRANSFER,377,207731.64,1
2025-08-11 11:00:00,CREDIT,572,501331.88,2
2025-08-11 11:00:00,DEBIT,274,121644.3,1
2025-08-11 11:00:00,P2P_TRANSFER,426,342847.8,1
2025-08-11 12:00:00,CREDIT,276,191812.43,2
2025-08-11 12:00:00,DEBIT,285,112888.18,0
2025-08-11 12:00:00,P2P_TRANSFER,263,167262.8,1
2025-08-11 13:00:00,CREDIT,255,165339.68,0
2025-08-11 13:00:00,DEBIT,109,78299.33,0
2025-08-11 13:00:00,P2P_TRANSFER,198,132122.69,1
2025-08-11 14:00:00,CREDIT,298,51556.07,1
2025-08-11 14:00:00,DEBIT,167,77687.08,0
2025-08-11 14:00:00,P2P_TRANSFER,192,137665.46,1
2025-08-11 15:00:00,CREDIT,134,64086.08,1
2025-08-11 15:00:00,DEBIT,349,224284.1,0
2025-08-11 15:00:00,P2P_TRANSFER,237,162289.18,0
2025-08-11 16:00:00,CREDIT,390,294834.98,1
2025-08-11 16:00:00,DEBIT,455,372300.79,1
2025-08-11 16:00:00,P2P_TRANSFER,66,36030.94,0
2025-08-11 17:00:00,CREDIT,387,254436.76,2
2025-08-11 17:00:00,DEBIT,439,302407.85,1
2025-08-11 17:00:00,P2P_TRANSFER,284,83936.54,1
2025-08-11 18:00:00,CREDIT,303,148075.86,1
2025-08-11 18:00:00,DEBIT,276,135904.54,0
2025-08-11 18:00:00,P2P_TRANSFER,332,126335.27,0
2025-08-11 19:00:00,CREDIT,300,184948.12,0
2025-08-11 19:00:00,DEBIT,261,158502.05,1
2025-08-11 19:00:00,P2P_TRANSFER,320,120261.77,0
2025-08-11 20:00:00,CREDIT,299,239522.93,0
2025-08-11 20:00:00,DEBIT,354,328422.59,1
2025-08-11 20:00:00,P2P_TRANSFER,178,103586.68,1
2025-08-11 21:00:00,CREDIT,255,119529.7,0
2025-08-11 21:00:00,DEBIT,193,94087.88,1
2025-08-11 21:00:00,P2P_TRANSFER,227,57183.61,1
2025-08-11 22:00:00,CREDIT,171,136013.99,0
2025-08-11 22:00:00,DEBIT,114,60296.6,0
2025-08-11 22:00:00,P2P_TRANSFER,240,139424.36,1
2025-08-11 23:00:00,CREDIT,330,269399.92,1
2025-08-11 23:00:00,DEBIT,316,132231.72,1
2025-08-11 23:00:00,P2P_TRANSFER,240,142476.92,0
2025-08-12 00:00:00,CREDIT,198,47683.73,0
2025-08-12 00:00:00,DEBIT,417,215765.11,0
2025-08-12 00:00:00,P2P_TRANSFER,470,139350.26,1
2025-08-12 01:00:00,CREDIT,447,135113.33,0
2025-08-12 01:00:00,DEBIT,361,283258.48,0
2025-08-12 01:00:00,P2P_TRANSFER,508,337233.55,1
2025-08-12 02:00:00,CREDIT,460,411380.02,1
2025-08-12 02:00:00,DEBIT,276,191861.42,1
2025-08-12 02:00:00,P2P_TRANSFER,365,104673.54,1
2025-08-12 03:00:00,CREDIT,338,252142.04,0
2025-08-12 03:00:00,DEBIT,437,73815.65,0
2025-08-12 03:00:00,P2P_TRANSFER,319,282403.54,1
2025-08-12 04:00:00,CREDIT,247,91084.92,0
2025-08-12 04:00:00,DEBIT,221,113065.56,1
2025-08-12 04:00:00,P2P_TRANSFER,279,144586.31,0
2025-08-12 05:00:00,CREDIT,304,227201.34,0
2025-08-12 05:00:00,DEBIT,141,106313.35,1
2025-08-12 05:00:00,P2P_TRANSFER,345,255663.84,1
2025-08-12 06:00:00,CREDIT,221,107258.34,1
2025-08-12 06:00:00,DEBIT,156,46545.52,1
2025-08-12 06:00:00,P2P_TRANSFER,200,161393.16,0
2025-08-12 07:00:00,CREDIT,233,91497.4,0
2025-08-12 07:00:00,DEBIT,275,184267.26,1
2025-08-12 07:00:00,P2P_TRANSFER,180,75577.9,0
2025-08-12 08:00:00,CREDIT,190,132913.42,0
2025-08-12 08:00:00,DEBIT,338,37746.37,0
2025-08-12 08:00:00,P2P_TRANSFER,411,266977.84,0
2025-08-12 09:00:00,CREDIT,381,336485.42,1
2025-08-12 09:00:00,DEBIT,400,124393.3,1
2025-08-12 09:00:00,P2P_TRANSFER,214,154088.15,0
2025-08-12 10:00:00,CREDIT,566,318283.38,2
2025-08-12 10:00:00,DEBIT,380,252040.93,1
2025-08-12 10:00:00,P2P_TRANSFER,338,160299.54,1
2025-08-12 11:00:00,CREDIT,512,444631.82,1
2025-08-12 11:00:00,DEBIT,373,216723.14,1
2025-08-12 11:00:00,P2P_TRANSFER,375,202182.78,1
2025-08-12 12:00:00,CREDIT,408,313155.44,1
2025-08-12 12:00:00,DEBIT,425,250392.67,1
2025-08-12 12:00:00,P2P_TRANSFER,231,179061.26,0
2025-08-12 13:00:00,CREDIT,320,157097.77,2
2025-08-12 13:00:00,DEBIT,221,174656.59,0
2025-08-12 13:00:00,P2P_TRANSFER,114,61381.3,0
2025-08-12 14:00:00,CREDIT,217,74492.78,1
2025-08-12 14:00:00,DEBIT,210,64340.47,0
2025-08-12 14:00:00,P2P_TRANSFER,305,214211.98,0
2025-08-12 15:00:00,CREDIT,154,94136.05,0
2025-08-12 15:00:00,DEBIT,238,206141.95,0
2025-08-12 15:00:00,P2P_TRANSFER,179,48239.46,0
2025-08-12 16:00:00,CREDIT,263,141037.74,0
2025-08-12 16:00:00,DEBIT,366,267211.28,1
2025-08-12 16:00:00,P2P_TRANSFER,389,310334.42,1
2025-08-12 17:00:00,CREDIT,222,177364.6,0
2025-08-12 17:00:00,DEBIT,239,185065.61,1
2025-08-12 17:00:00,P2P_TRANSFER,332,159555.43,1
2025-08-12 18:00:00,CREDIT,359,105364.55,1
2025-08-12 18:00:00,DEBIT,376,192278.1,0
2025-08-12 18:00:00,P2P_TRANSFER,505,86639.33,0
2025-08-12 19:00:00,CREDIT,438,180634.01,1
2025-08-12 19:00:00,DEBIT,478,218783.59,1
2025-08-12 19:00:00,P2P_TRANSFER,332,190818.83,1
2025-08-12 20:00:00,CREDIT,483,368835.42,1
2025-08-12 20:00:00,DEBIT,276,197987.58,1
2025-08-12 20:00:00,P2P_TRANSFER,292,163550.9,1
2025-08-12 21:00:00,CREDIT,160,153863.41,0
2025-08-12 21:00:00,DEBIT,312,188836.04,1
2025-08-12 21:00:00,P2P_TRANSFER,223,86032.18,0
2025-08-12 22:00:00,CREDIT,274,158807.94,0
2025-08-12 22:00:00,DEBIT,239,81266.58,0
2025-08-12 22:00:00,P2P_TRANSFER,255,80485.06,0
2025-08-12 23:00:00,CREDIT,210,152586.11,1
2025-08-12 23:00:00,DEBIT,218,174402.16,0
2025-08-12 23:00:00,P2P_TRANSFER,327,199267.57,1
2025-08-13 00:00:00,CREDIT,288,217351.06,1
2025-08-13 00:00:00,DEBIT,156,50100.83,0
2025-08-13 00:00:00,P2P_TRANSFER,458,267591.23,1
2025-08-13 01:00:00,CREDIT,401,275904.76,1
2025-08-13 01:00:00,DEBIT,438,159367.78,2
2025-08-13 01:00:00,P2P_TRANSFER,594,417036.2,2
2025-08-13 02:00:00,CREDIT,387,212279.99,1
2025-08-13 02:00:00,DEBIT,480,490992.76,1
2025-08-13 02:00:00,P2P_TRANSFER,336,215777.81,1
2025-08-13 03:00:00,CREDIT,168,114474.17,0
2025-08-13 03:00:00,DEBIT,378,249864.19,1
2025-08-13 03:00:00,P2P_TRANSFER,276,67626.55,0
2025-08-13 04:00:00,CREDIT,386,302827.58,1
2025-08-13 04:00:00,DEBIT,39,24868.5,0
2025-08-13 04:00:00,P2P_TRANSFER,210,193694.23,0
2025-08-13 05:00:00,CREDIT,206,45329.64,1
2025-08-13 05:00:00,DEBIT,209,146823.2,0
2025-08-13 05:00:00,P2P_TRANSFER,76,62901.67,0
2025-08-13 06:00:00,CREDIT,47,27876.24,0
2025-08-13 06:00:00,DEBIT,110,78988.46,0
2025-08-13 06:00:00,P2P_TRANSFER,230,126224.4,0
2025-08-13 07:00:00,CREDIT,187,134536.94,1
2025-08-13 07:00:00,DEBIT,411,23758.33,1
2025-08-13 07:00:00,P2P_TRANSFER,310,151862.08,0
2025-08-13 08:00:00,CREDIT,144,134090.39,0
2025-08-13 08:00:00,DEBIT,114,37306.74,0
2025-08-13 08:00:00,P2P_TRANSFER,370,326792.38,0
2025-08-13 09:00:00,CREDIT,125,72093.14,0
2025-08-13 09:00:00,DEBIT,318,236057.24,1
2025-08-13 09:00:00,P2P_TRANSFER,493,428670.77,1
2025-08-13 10:00:00,CREDIT,365,240057.28,0
2025-08-13 10:00:00,DEBIT,281,230091.72,1
2025-08-13 10:00:00,P2P_TRANSFER,368,323570.81,1
2025-08-13 11:00:00,CREDIT,525,450927.55,2
2025-08-13 11:00:00,DEBIT,461,339746.14,1
2025-08-13 11:00:00,P2P_TRANSFER,365,177664.16,1
2025-08-13 12:00:00,CREDIT,391,243968.23,2
2025-08-13 12:00:00,DEBIT,287,150448.84,1
2025-08-13 12:00:00,P2P_TRANSFER,277,184162.4,1
2025-08-13 13:00:00,CREDIT,136,71838.43,0
2025-08-13 13:00:00,DEBIT,208,178830.62,0
2025-08-13 13:00:00,P2P_TRANSFER,210,199700.18,0
2025-08-13 14:00:00,CREDIT,190,142882.15,0
2025-08-13 14:00:00,DEBIT,218,125197.45,0
2025-08-13 14:00:00,P2P_TRANSFER,135,50747.66,0
2025-08-13 15:00:00,CREDIT,246,91468.27,1
2025-08-13 15:00:00,DEBIT,208,122838.6,0
2025-08-13 15:00:00,P2P_TRANSFER,255,209966.95,0
2025-08-13 16:00:00,CREDIT,240,138559.12,0
2025-08-13 16:00:00,DEBIT,261,235649.63,1
2025-08-13 16:00:00,P2P_TRANSFER,218,85753.15,1
2025-08-13 17:00:00,CREDIT,443,209954.95,1
2025-08-13 17:00:00,DEBIT,522,277023.77,2
2025-08-13 17:00:00,P2P_TRANSFER,168,73547.51,0
2025-08-13 18:00:00,CREDIT,522,483180.43,1
2025-08-13 18:00:00,DEBIT,546,401401.07,2
2025-08-13 18:00:00,P2P_TRANSFER,227,162567.34,1
2025-08-13 19:00:00,CREDIT,270,198245.51,1
2025-08-13 19:00:00,DEBIT,357,219615.61,0
2025-08-13 19:00:00,P2P_TRANSFER,439,414837.71,1
2025-08-13 20:00:00,CREDIT,355,273016.32,1
2025-08-13 20:00:00,DEBIT,285,164469.8,2
2025-08-13 20:00:00,P2P_TRANSFER,365,340365.79,2
2025-08-13 21:00:00,CREDIT,217,105006.54,0
2025-08-13 21:00:00,DEBIT,250,202207.24,0
2025-08-13 21:00:00,P2P_TRANSFER,199,146186.65,0
2025-08-13 22:00:00,CREDIT,171,195474.98,1
2025-08-13 22:00:00,DEBIT,213,124045.81,0
2025-08-13 22:00:00,P2P_TRANSFER,234,199619.8,0
2025-08-13 23:00:00,CREDIT,375,125503.08,0
2025-08-13 23:00:00,DEBIT,279,78937.4,0
2025-08-13 23:00:00,P2P_TRANSFER,408,248951.86,1
2025-08-14 00:00:00,CREDIT,225,161625.59,0
2025-08-14 00:00:00,DEBIT,257,231036.83,0
2025-08-14 00:00:00,P2P_TRANSFER,432,226462.16,1
2025-08-14 01:00:00,CREDIT,438,276240.38,1
2025-08-14 01:00:00,DEBIT,441,165464.62,1
2025-08-14 01:00:00,P2P_TRANSFER,345,96920.15,1
2025-08-14 02:00:00,CREDIT,419,192385.19,1
2025-08-14 02:00:00,DEBIT,429,182310.94,0
2025-08-14 02:00:00,P2P_TRANSFER,150,55581.16,0
2025-08-14 03:00:00,CREDIT,462,336545.12,0
2025-08-14 03:00:00,DEBIT,373,133310.33,1
2025-08-14 03:00:00,P2P_TRANSFER,297,141766.44,1
2025-08-14 04:00:00,CREDIT,356,249209.62,1
2025-08-14 04:00:00,DEBIT,281,60560.57,1
2025-08-14 04:00:00,P2P_TRANSFER,258,264329.3,1
2025-08-14 05:00:00,CREDIT,240,222006.13,1
2025-08-14 05:00:00,DEBIT,201,133146.7,0
2025-08-14 05:00:00,P2P_TRANSFER,174,76626.2,0
2025-08-14 06:00:00,CREDIT,202,93108.12,0
2025-08-14 06:00:00,DEBIT,173,136524.52,0
2025-08-14 06:00:00,P2P_TRANSFER,91,37246.33,0
2025-08-14 07:00:00,CREDIT,189,176460.35,1
2025-08-14 07:00:00,DEBIT,227,128058.82,1
2025-08-14 07:00:00,P2P_TRANSFER,262,284443.79,0
2025-08-14 08:00:00,CREDIT,424,190495.84,2
2025-08-14 08:00:00,DEBIT,333,154604.14,1
2025-08-14 08:00:00,P2P_TRANSFER,336,113735.02,0
2025-08-14 09:00:00,CREDIT,325,335346.1,1
2025-08-14 09:00:00,DEBIT,303,186425.87,0
2025-08-14 09:00:00,P2P_TRANSFER,654,410955.37,2
2025-08-14 10:00:00,CREDIT,448,341893.9,1
2025-08-14 10:00:00,DEBIT,432,246665.47,1
2025-08-14 10:00:00,P2P_TRANSFER,602,379066.1,2
2025-08-14 11:00:00,CREDIT,530,532631.42,1
2025-08-14 11:00:00,DEBIT,428,366415.75,1
2025-08-14 11:00:00,P2P_TRANSFER,274,180771.44,0
2025-08-14 12:00:00,CREDIT,206,133770.55,1
2025-08-14 12:00:00,DEBIT,308,298953.1,1
2025-08-14 12:00:00,P2P_TRANSFER,229,148229.45,1
2025-08-14 13:00:00,CREDIT,128,54278.51,1
2025-08-14 13:00:00,DEBIT,156,61732.44,1
2025-08-14 13:00:00,P2P_TRANSFER,295,122955.05,0
2025-08-14 14:00:00,CREDIT,260,114143.03,0
2025-08-14 14:00:00,DEBIT,194,34166.18,0
2025-08-14 14:00:00,P2P_TRANSFER,282,131229.41,1
2025-08-14 15:00:00,CREDIT,187,98609.42,1
2025-08-14 15:00:00,DEBIT,166,113946.12,1
2025-08-14 15:00:00,P2P_TRANSFER,253,249365.87,0
2025-08-14 16:00:00,CREDIT,356,298167.53,0
2025-08-14 16:00:00,DEBIT,399,125561.5,1
2025-08-14 16:00:00,P2P_TRANSFER,336,174866.42,1
2025-08-14 17:00:00,CREDIT,406,316174.04,1
2025-08-14 17:00:00,DEBIT,251,112157.82,1
2025-08-14 17:00:00,P2P_TRANSFER,286,272681.48,1
2025-08-14 18:00:00,CREDIT,346,96248.47,0
2025-08-14 18:00:00,DEBIT,446,417616.1,1
2025-08-14 18:00:00,P2P_TRANSFER,303,221318.42,1
2025-08-14 19:00:00,CREDIT,396,155140.72,0
2025-08-14 19:00:00,DEBIT,312,168393.71,2
2025-08-14 19:00:00,P2P_TRANSFER,276,124950.32,0
2025-08-14 20:00:00,CREDIT,216,109029.28,0
2025-08-14 20:00:00,DEBIT,383,245978.24,1
2025-08-14 20:00:00,P2P_TRANSFER,217,142183.4,0
2025-08-14 21:00:00,CREDIT,219,158318.83,0
2025-08-14 21:00:00,DEBIT,249,189906.83,0
2025-08-14 21:00:00,P2P_TRANSFER,236,101970.24,1
2025-08-14 22:00:00,CREDIT,214,151474.98,1
2025-08-14 22:00:00,DEBIT,121,28894.42,0
2025-08-14 22:00:00,P2P_TRANSFER,108,54664.31,1
2025-08-14 23:00:00,CREDIT,265,88777.49,1
2025-08-14 23:00:00,DEBIT,288,273320.8,1
2025-08-14 23:00:00,P2P_TRANSFER,267,211198.63,0
2025-08-15 00:00:00,CREDIT,399,323031.47,0
2025-08-15 00:00:00,DEBIT,249,123909.06,0
2025-08-15 00:00:00,P2P_TRANSFER,328,174283.36,1
2025-08-15 01:00:00,CREDIT,651,283253.05,2
2025-08-15 01:00:00,DEBIT,252,54632.32,0
2025-08-15 01:00:00,P2P_TRANSFER,455,306107.87,1
2025-08-15 02:00:00,CREDIT,540,355158.43,2
2025-08-15 02:00:00,DEBIT,258,41803.75,0
2025-08-15 02:00:00,P2P_TRANSFER,273,200510.93,1
2025-08-15 03:00:00,CREDIT,124,70604.64,1
2025-08-15 03:00:00,DEBIT,238,139233.14,1
2025-08-15 03:00:00,P2P_TRANSFER,237,115608.67,1
2025-08-15 04:00:00,CREDIT,415,475763.6,2
2025-08-15 04:00:00,DEBIT,333,160043.59,1
2025-08-15 04:00:00,P2P_TRANSFER,355,261019.74,1
2025-08-15 05:00:00,CREDIT,301,199834.76,2
2025-08-15 05:00:00,DEBIT,368,154226.98,1
2025-08-15 05:00:00,P2P_TRANSFER,132,124814.63,0
2025-08-15 06:00:00,CREDIT,189,130397.86,1
2025-08-15 06:00:00,DEBIT,217,145190.65,0
2025-08-15 06:00:00,P2P_TRANSFER,231,162307.74,0
2025-08-15 07:00:00,CREDIT,311,132957.35,0
2025-08-15 07:00:00,DEBIT,402,185124.3,1
2025-08-15 07:00:00,P2P_TRANSFER,270,84872.22,0
2025-08-15 08:00:00,CREDIT,320,193391.68,0
2025-08-15 08:00:00,DEBIT,341,274498.82,1
2025-08-15 08:00:00,P2P_TRANSFER,285,149327.93,0
2025-08-15 09:00:00,CREDIT,417,181378.31,1
2025-08-15 09:00:00,DEBIT,151,120975.72,1
2025-08-15 09:00:00,P2P_TRANSFER,350,242452.14,1
2025-08-15 10:00:00,CREDIT,357,162776.41,1
2025-08-15 10:00:00,DEBIT,277,232231.08,0
2025-08-15 10:00:00,P2P_TRANSFER,346,197314.4,1
2025-08-15 11:00:00,CREDIT,604,248547.28,1
2025-08-15 11:00:00,DEBIT,315,103597.72,1
2025-08-15 11:00:00,P2P_TRANSFER,367,222396.82,1
2025-08-15 12:00:00,CREDIT,179,96611.38,1
2025-08-15 12:00:00,DEBIT,157,94847.12,0
2025-08-15 12:00:00,P2P_TRANSFER,231,213996.77,0
2025-08-15 13:00:00,CREDIT,434,314106.62,1
2025-08-15 13:00:00,DEBIT,314,182990.98,0
2025-08-15 13:00:00,P2P_TRANSFER,261,89622.66,0
2025-08-15 14:00:00,CREDIT,209,138751.78,1
2025-08-15 14:00:00,DEBIT,122,65618.51,0
2025-08-15 14:00:00,P2P_TRANSFER,216,88004.9,0
2025-08-15 15:00:00,CREDIT,321,185106.96,1
2025-08-15 15:00:00,DEBIT,175,156349.26,0
2025-08-15 15:00:00,P2P_TRANSFER,304,227751.26,1
2025-08-15 16:00:00,CREDIT,165,52920.11,0
2025-08-15 16:00:00,DEBIT,364,261941.45,0
2025-08-15 16:00:00,P2P_TRANSFER,441,324936.44,1
2025-08-15 17:00:00,CREDIT,375,266326.79,0
2025-08-15 17:00:00,DEBIT,339,187025.7,0
2025-08-15 17:00:00,P2P_TRANSFER,361,275309.93,2
2025-08-15 18:00:00,CREDIT,330,261684.01,1
2025-08-15 18:00:00,DEBIT,275,88737.13,1
2025-08-15 18:00:00,P2P_TRANSFER,297,120857.77,0
2025-08-15 19:00:00,CREDIT,433,396360.47,2
2025-08-15 19:00:00,DEBIT,465,215285.8,1
2025-08-15 19:00:00,P2P_TRANSFER,303,161398.24,1
2025-08-15 20:00:00,CREDIT,384,231289.76,2
2025-08-15 20:00:00,DEBIT,146,69663.78,0
2025-08-15 20:00:00,P2P_TRANSFER,256,182672.06,0
2025-08-15 21:00:00,CREDIT,210,168988.75,0
2025-08-15 21:00:00,DEBIT,232,86112.54,0
2025-08-15 21:00:00,P2P_TRANSFER,335,239186.59,2
2025-08-15 22:00:00,CREDIT,172,105898.32,1
2025-08-15 22:00:00,DEBIT,199,152929.64,0
2025-08-15 22:00:00,P2P_TRANSFER,215,22124.71,1
2025-08-15 23:00:00,CREDIT,215,170307.38,0
2025-08-15 23:00:00,DEBIT,140,78137.48,0
2025-08-15 23:00:00,P2P_TRANSFER,320,121016.59,0
2025-08-16 00:00:00,CREDIT,349,237714.24,1
2025-08-16 00:00:00,DEBIT,318,225590.04,1
2025-08-16 00:00:00,P2P_TRANSFER,306,191557.68,0
2025-08-16 01:00:00,CREDIT,300,237806.02,1
2025-08-16 01:00:00,DEBIT,465,347689.74,2
2025-08-16 01:00:00,P2P_TRANSFER,315,233918.94,1
2025-08-16 02:00:00,CREDIT,66,56807.82,0
2025-08-16 02:00:00,DEBIT,246,164318.24,0
2025-08-16 02:00:00,P2P_TRANSFER,441,259420.16,1
2025-08-16 03:00:00,CREDIT,240,128712.48,0
2025-08-16 03:00:00,DEBIT,416,205945.44,1
2025-08-16 03:00:00,P2P_TRANSFER,387,292429.8,1
2025-08-16 04:00:00,CREDIT,283,190049.6,1
2025-08-16 04:00:00,DEBIT,379,232302.49,1
2025-08-16 04:00:00,P2P_TRANSFER,324,227201.24,2
2025-08-16 05:00:00,CREDIT,430,235507.01,1
2025-08-16 05:00:00,DEBIT,225,150226.93,0
2025-08-16 05:00:00,P2P_TRANSFER,351,213404.28,1
2025-08-16 06:00:00,CREDIT,250,161741.0,1
2025-08-16 06:00:00,DEBIT,144,72529.76,0
2025-08-16 06:00:00,P2P_TRANSFER,149,87217.21,1
2025-08-16 07:00:00,CREDIT,259,170687.36,0
2025-08-16 07:00:00,DEBIT,53,39568.13,0
2025-08-16 07:00:00,P2P_TRANSFER,216,147817.92,1
2025-08-16 08:00:00,CREDIT,226,131085.04,0
2025-08-16 08:00:00,DEBIT,405,363163.37,1
2025-08-16 08:00:00,P2P_TRANSFER,227,132737.02,0
2025-08-16 09:00:00,CREDIT,396,402376.92,2
2025-08-16 09:00:00,DEBIT,298,178562.63,1
2025-08-16 09:00:00,P2P_TRANSFER,341,278468.0,1
2025-08-16 10:00:00,CREDIT,355,188546.04,1
2025-08-16 10:00:00,DEBIT,288,219350.06,1
2025-08-16 10:00:00,P2P_TRANSFER,342,205646.75,1
2025-08-16 11:00:00,CREDIT,115,48722.33,0
2025-08-16 11:00:00,DEBIT,448,291704.16,1
2025-08-16 11:00:00,P2P_TRANSFER,470,295242.76,0
2025-08-16 12:00:00,CREDIT,351,242941.87,0
2025-08-16 12:00:00,DEBIT,291,133650.4,1
2025-08-16 12:00:00,P2P_TRANSFER,200,103549.75,1
2025-08-16 13:00:00,CREDIT,285,158832.36,1
2025-08-16 13:00:00,DEBIT,240,44443.86,1
2025-08-16 13:00:00,P2P_TRANSFER,265,161084.39,1
2025-08-16 14:00:00,CREDIT,291,293524.38,1
2025-08-16 14:00:00,DEBIT,170,103343.92,1
2025-08-16 14:00:00,P2P_TRANSFER,280,136417.42,0
2025-08-16 15:00:00,CREDIT,201,93818.38,0
2025-08-16 15:00:00,DEBIT,231,122332.0,1
2025-08-16 15:00:00,P2P_TRANSFER,451,313977.48,2
2025-08-16 16:00:00,CREDIT,240,167148.61,0
2025-08-16 16:00:00,DEBIT,315,104361.85,1
2025-08-16 16:00:00,P2P_TRANSFER,419,305970.64,2
2025-08-16 17:00:00,CREDIT,215,148095.26,0
2025-08-16 17:00:00,DEBIT,273,322871.45,0
2025-08-16 17:00:00,P2P_TRANSFER,440,251503.66,1
2025-08-16 18:00:00,CREDIT,408,361883.98,1
2025-08-16 18:00:00,DEBIT,492,456458.48,2
2025-08-16 18:00:00,P2P_TRANSFER,457,264332.47,1
2025-08-16 19:00:00,CREDIT,328,96655.7,1
2025-08-16 19:00:00,DEBIT,454,158482.12,1
2025-08-16 19:00:00,P2P_TRANSFER,357,245823.32,2
2025-08-16 20:00:00,CREDIT,171,72874.55,0
2025-08-16 20:00:00,DEBIT,384,423152.11,1
2025-08-16 20:00:00,P2P_TRANSFER,245,98452.8,0
2025-08-16 21:00:00,CREDIT,189,116265.18,0
2025-08-16 21:00:00,DEBIT,237,125220.01,0
2025-08-16 21:00:00,P2P_TRANSFER,246,186422.42,1
2025-08-16 22:00:00,CREDIT,178,138835.36,0
2025-08-16 22:00:00,DEBIT,354,280578.01,2
2025-08-16 22:00:00,P2P_TRANSFER,231,226903.81,0
2025-08-16 23:00:00,CREDIT,151,56658.11,0
2025-08-16 23:00:00,DEBIT,324,239322.56,0
2025-08-16 23:00:00,P2P_TRANSFER,242,134190.11,0
2025-08-17 00:00:00,CREDIT,285,171241.08,0
2025-08-17 00:00:00,DEBIT,297,197832.35,0
2025-08-17 00:00:00,P2P_TRANSFER,166,121509.97,0
2025-08-17 01:00:00,CREDIT,218,106673.95,2
2025-08-17 01:00:00,DEBIT,526,286039.58,2
2025-08-17 01:00:00,P2P_TRANSFER,358,95337.26,0
2025-08-17 02:00:00,CREDIT,606,440732.66,1
2025-08-17 02:00:00,DEBIT,291,94125.73,0
2025-08-17 02:00:00,P2P_TRANSFER,470,290463.17,1
2025-08-17 03:00:00,CREDIT,496,339826.28,1
2025-08-17 03:00:00,DEBIT,412,268337.71,1
2025-08-17 03:00:00,P2P_TRANSFER,275,227509.12,0
2025-08-17 04:00:00,CREDIT,195,57431.92,0
2025-08-17 04:00:00,DEBIT,180,95202.98,0
2025-08-17 04:00:00,P2P_TRANSFER,177,186764.96,0
2025-08-17 05:00:00,CREDIT,139,51025.48,0
2025-08-17 05:00:00,DEBIT,242,155516.82,1
2025-08-17 05:00:00,P2P_TRANSFER,245,142928.94,1
2025-08-17 06:00:00,CREDIT,231,159649.63,1
2025-08-17 06:00:00,DEBIT,161,59266.22,1
2025-08-17 06:00:00,P2P_TRANSFER,147,65564.62,0
2025-08-17 07:00:00,CREDIT,159,71026.51,0
2025-08-17 07:00:00,DEBIT,243,185208.08,1
2025-08-17 07:00:00,P2P_TRANSFER,271,273709.46,1
2025-08-17 08:00:00,CREDIT,258,202846.37,0
2025-08-17 08:00:00,DEBIT,184,155453.0,1
2025-08-17 08:00:00,P2P_TRANSFER,279,181429.37,1
2025-08-17 09:00:00,CREDIT,298,212366.84,1
2025-08-17 09:00:00,DEBIT,282,203997.35,0
2025-08-17 09:00:00,P2P_TRANSFER,574,504113.64,1
2025-08-17 10:00:00,CREDIT,277,193264.91,1
2025-08-17 10:00:00,DEBIT,278,209836.66,0
2025-08-17 10:00:00,P2P_TRANSFER,416,144631.78,1
2025-08-17 11:00:00,CREDIT,400,276414.37,1
2025-08-17 11:00:00,DEBIT,181,67399.26,1
2025-08-17 11:00:00,P2P_TRANSFER,279,238083.66,0
2025-08-17 12:00:00,CREDIT,364,175161.04,0
2025-08-17 12:00:00,DEBIT,247,136678.9,0
2025-08-17 12:00:00,P2P_TRANSFER,287,249333.1,0
2025-08-17 13:00:00,CREDIT,65,59791.14,0
2025-08-17 13:00:00,DEBIT,221,189815.99,0
2025-08-17 13:00:00,P2P_TRANSFER,141,65316.08,0
2025-08-17 14:00:00,CREDIT,211,146727.46,0
2025-08-17 14:00:00,DEBIT,291,125927.81,0
2025-08-17 14:00:00,P2P_TRANSFER,333,249378.73,0
2025-08-17 15:00:00,CREDIT,307,154331.81,0
2025-08-17 15:00:00,DEBIT,218,182570.03,0
2025-08-17 15:00:00,P2P_TRANSFER,345,162674.34,1
2025-08-17 16:00:00,CREDIT,226,115659.0,0
2025-08-17 16:00:00,DEBIT,571,447686.69,2
2025-08-17 16:00:00,P2P_TRANSFER,151,106276.98,0
2025-08-17 17:00:00,CREDIT,313,191676.23,0
2025-08-17 17:00:00,DEBIT,390,142627.21,0
2025-08-17 17:00:00,P2P_TRANSFER,277,205842.76,1
2025-08-17 18:00:00,CREDIT,451,366904.82,1
2025-08-17 18:00:00,DEBIT,596,391270.46,2
2025-08-17 18:00:00,P2P_TRANSFER,607,214774.49,1
2025-08-17 19:00:00,CREDIT,450,294661.27,1
2025-08-17 19:00:00,DEBIT,294,125746.67,0
2025-08-17 19:00:00,P2P_TRANSFER,474,327940.92,1
2025-08-17 20:00:00,CREDIT,226,108242.16,0
2025-08-17 20:00:00,DEBIT,301,144726.61,0
2025-08-17 20:00:00,P2P_TRANSFER,286,164265.48,0
2025-08-17 21:00:00,CREDIT,354,114610.6,1
2025-08-17 21:00:00,DEBIT,192,150524.76,1
2025-08-17 21:00:00,P2P_TRANSFER,233,159248.16,1
2025-08-17 22:00:00,CREDIT,227,192509.71,0
2025-08-17 22:00:00,DEBIT,180,107569.78,0
2025-08-17 22:00:00,P2P_TRANSFER,200,129086.3,0
2025-08-17 23:00:00,CREDIT,234,120801.82,0
2025-08-17 23:00:00,DEBIT,283,91756.27,1
2025-08-17 23:00:00,P2P_TRANSFER,352,216258.22,0
2025-08-18 00:00:00,CREDIT,289,230519.02,0
2025-08-18 00:00:00,DEBIT,92,70238.0,1
2025-08-18 00:00:00,P2P_TRANSFER,471,217464.07,2
2025-08-18 01:00:00,CREDIT,351,279499.82,0
2025-08-18 01:00:00,DEBIT,326,222734.64,1
2025-08-18 01:00:00,P2P_TRANSFER,420,257135.08,1
2025-08-18 02:00:00,CREDIT,407,26165.38,0
2025-08-18 02:00:00,DEBIT,536,443020.46,1
2025-08-18 02:00:00,P2P_TRANSFER,508,110635.66,0
2025-08-18 03:00:00,CREDIT,490,375833.27,1
2025-08-18 03:00:00,DEBIT,484,355068.24,1
2025-08-18 03:00:00,P2P_TRANSFER,262,137046.5,0
2025-08-18 04:00:00,CREDIT,373,220842.12,0
2025-08-18 04:00:00,DEBIT,339,99369.8,0
2025-08-18 04:00:00,P2P_TRANSFER,279,202677.46,1
2025-08-18 05:00:00,CREDIT,189,132280.97,1
2025-08-18 05:00:00,DEBIT,209,112782.96,0
2025-08-18 05:00:00,P2P_TRANSFER,122,111787.14,0
2025-08-18 06:00:00,CREDIT,208,134408.71,1
2025-08-18 06:00:00,DEBIT,221,197816.74,1
2025-08-18 06:00:00,P2P_TRANSFER,176,129501.11,0
2025-08-18 07:00:00,CREDIT,141,56754.5,0
2025-08-18 07:00:00,DEBIT,286,179146.9,1
2025-08-18 07:00:00,P2P_TRANSFER,212,148266.64,0
2025-08-18 08:00:00,CREDIT,390,232399.0,1
2025-08-18 08:00:00,DEBIT,305,229422.49,2
2025-08-18 08:00:00,P2P_TRANSFER,369,111233.02,1
2025-08-18 09:00:00,CREDIT,207,98403.96,0
2025-08-18 09:00:00,DEBIT,513,295727.0,2
2025-08-18 09:00:00,P2P_TRANSFER,403,136139.29,1
2025-08-18 10:00:00,CREDIT,189,162846.55,1
2025-08-18 10:00:00,DEBIT,360,259867.61,1
2025-08-18 10:00:00,P2P_TRANSFER,527,346055.69,1
2025-08-18 11:00:00,CREDIT,511,216988.16,1
2025-08-18 11:00:00,DEBIT,465,525282.9,2
2025-08-18 11:00:00,P2P_TRANSFER,302,178803.89,1
2025-08-18 12:00:00,CREDIT,228,91629.44,0
2025-08-18 12:00:00,DEBIT,462,276403.58,2
2025-08-18 12:00:00,P2P_TRANSFER,279,194125.72,1
2025-08-18 13:00:00,CREDIT,214,106733.06,1
2025-08-18 13:00:00,DEBIT,190,157516.37,1
2025-08-18 13:00:00,P2P_TRANSFER,169,62255.98,0
2025-08-18 14:00:00,CREDIT,237,188671.55,1
2025-08-18 14:00:00,DEBIT,187,130020.04,1
2025-08-18 14:00:00,P2P_TRANSFER,247,181139.44,1
2025-08-18 15:00:00,CREDIT,190,165213.02,0
2025-08-18 15:00:00,DEBIT,229,206009.22,0
2025-08-18 15:00:00,P2P_TRANSFER,437,286348.02,1
2025-08-18 16:00:00,CREDIT,154,146094.65,0
2025-08-18 16:00:00,DEBIT,390,193953.06,1
2025-08-18 16:00:00,P2P_TRANSFER,357,86608.68,1
2025-08-18 17:00:00,CREDIT,165,105126.55,1
2025-08-18 17:00:00,DEBIT,458,278444.59,0
2025-08-18 17:00:00,P2P_TRANSFER,327,253523.81,1
2025-08-18 18:00:00,CREDIT,438,182843.75,1
2025-08-18 18:00:00,DEBIT,426,145225.69,1
2025-08-18 18:00:00,P2P_TRANSFER,250,117855.02,0
2025-08-18 19:00:00,CREDIT,240,243410.4,1
2025-08-18 19:00:00,DEBIT,426,146791.5,1
2025-08-18 19:00:00,P2P_TRANSFER,234,170449.26,1
2025-08-18 20:00:00,CREDIT,319,180067.92,1
2025-08-18 20:00:00,DEBIT,251,143065.55,1
2025-08-18 20:00:00,P2P_TRANSFER,147,73172.28,0
2025-08-18 21:00:00,CREDIT,324,232835.9,1
2025-08-18 21:00:00,DEBIT,253,184690.27,0
2025-08-18 21:00:00,P2P_TRANSFER,276,116047.08,1
2025-08-18 22:00:00,CREDIT,164,97574.89,1
2025-08-18 22:00:00,DEBIT,234,143786.34,0
2025-08-18 22:00:00,P2P_TRANSFER,177,33518.89,0
2025-08-18 23:00:00,CREDIT,203,95562.28,0
2025-08-18 23:00:00,DEBIT,213,183334.38,1
2025-08-18 23:00:00,P2P_TRANSFER,403,332810.46,1
2025-08-19 00:00:00,CREDIT,246,95900.56,1
2025-08-19 00:00:00,DEBIT,425,207903.84,1
2025-08-19 00:00:00,P2P_TRANSFER,324,245232.76,0
2025-08-19 01:00:00,CREDIT,311,86834.71,1
2025-08-19 01:00:00,DEBIT,540,177080.87,1
2025-08-19 01:00:00,P2P_TRANSFER,423,232026.85,0
2025-08-19 02:00:00,CREDIT,333,90324.97,1
2025-08-19 02:00:00,DEBIT,558,214388.98,1
2025-08-19 02:00:00,P2P_TRANSFER,351,159882.02,1
2025-08-19 03:00:00,CREDIT,290,83738.88,0
2025-08-19 03:00:00,DEBIT,470,211980.58,1
2025-08-19 03:00:00,P2P_TRANSFER,343,309014.36,1
2025-08-19 04:00:00,CREDIT,353,255580.73,1
2025-08-19 04:00:00,DEBIT,93,67573.51,1
2025-08-19 04:00:00,P2P_TRANSFER,160,91574.76,0
2025-08-19 05:00:00,CREDIT,224,103611.65,0
2025-08-19 05:00:00,DEBIT,164,100790.98,0
2025-08-19 05:00:00,P2P_TRANSFER,265,179747.09,1
2025-08-19 06:00:00,CREDIT,150,104537.46,1
2025-08-19 06:00:00,DEBIT,245,110230.91,1
2025-08-19 06:00:00,P2P_TRANSFER,203,121982.81,1
2025-08-19 07:00:00,CREDIT,170,105693.18,0
2025-08-19 07:00:00,DEBIT,166,116465.56,0
2025-08-19 07:00:00,P2P_TRANSFER,278,171886.43,1
2025-08-19 08:00:00,CREDIT,207,155269.36,0
2025-08-19 08:00:00,DEBIT,290,109714.46,0
2025-08-19 08:00:00,P2P_TRANSFER,338,180693.3,0
2025-08-19 09:00:00,CREDIT,419,259467.46,0
2025-08-19 09:00:00,DEBIT,419,302551.55,1
2025-08-19 09:00:00,P2P_TRANSFER,399,369598.22,1
2025-08-19 10:00:00,CREDIT,492,371172.0,2
2025-08-19 10:00:00,DEBIT,307,178140.91,1
2025-08-19 10:00:00,P2P_TRANSFER,510,414808.91,1
2025-08-19 11:00:00,CREDIT,317,261107.26,0
2025-08-19 11:00:00,DEBIT,354,306650.59,1
2025-08-19 11:00:00,P2P_TRANSFER,237,117619.51,2
2025-08-19 12:00:00,CREDIT,290,116248.46,1
2025-08-19 12:00:00,DEBIT,163,34309.36,0
2025-08-19 12:00:00,P2P_TRANSFER,278,208284.12,0
2025-08-19 13:00:00,CREDIT,238,201219.06,1
2025-08-19 13:00:00,DEBIT,271,178876.91,0
2025-08-19 13:00:00,P2P_TRANSFER,194,91897.74,0
2025-08-19 14:00:00,CREDIT,88,46437.29,0
2025-08-19 14:00:00,DEBIT,133,87805.63,0
2025-08-19 14:00:00,P2P_TRANSFER,208,80876.05,0
2025-08-19 15:00:00,CREDIT,237,100252.1,1
2025-08-19 15:00:00,DEBIT,214,60361.8,0
2025-08-19 15:00:00,P2P_TRANSFER,332,253821.77,0
2025-08-19 16:00:00,CREDIT,370,250376.39,1
2025-08-19 16:00:00,DEBIT,257,165167.89,0
2025-08-19 16:00:00,P2P_TRANSFER,257,213928.45,2
2025-08-19 17:00:00,CREDIT,396,386892.36,1
2025-08-19 17:00:00,DEBIT,365,113189.33,2
2025-08-19 17:00:00,P2P_TRANSFER,440,164778.12,1
2025-08-19 18:00:00,CREDIT,342,201179.89,1
2025-08-19 18:00:00,DEBIT,453,12000.0,0
2025-08-19 18:00:00,P2P_TRANSFER,68,51601.72,0
2025-08-19 19:00:00,CREDIT,246,136140.43,1
2025-08-19 19:00:00,DEBIT,542,437569.22,1
2025-08-19 19:00:00,P2P_TRANSFER,295,261158.26,1
2025-08-19 20:00:00,CREDIT,165,137580.66,0
2025-08-19 20:00:00,DEBIT,225,114633.67,1
2025-08-19 20:00:00,P2P_TRANSFER,377,199993.8,1
2025-08-19 21:00:00,CREDIT,348,243518.63,1
2025-08-19 21:00:00,DEBIT,300,265940.99,0
2025-08-19 21:00:00,P2P_TRANSFER,292,271297.2,0
2025-08-19 22:00:00,CREDIT,271,183934.98,1
2025-08-19 22:00:00,DEBIT,166,103679.42,1
2025-08-19 22:00:00,P2P_TRANSFER,208,115269.43,1
2025-08-19 23:00:00,CREDIT,216,89936.65,0
2025-08-19 23:00:00,DEBIT,213,197416.07,0
2025-08-19 23:00:00,P2P_TRANSFER,135,113120.95,1
2025-08-20 00:00:00,CREDIT,353,241271.89,1
2025-08-20 00:00:00,DEBIT,205,160351.72,0
2025-08-20 00:00:00,P2P_TRANSFER,133,25190.82,0
2025-08-20 01:00:00,CREDIT,468,307518.08,2
2025-08-20 01:00:00,DEBIT,520,419207.71,1
2025-08-20 01:00:00,P2P_TRANSFER,379,158759.14,1
2025-08-20 02:00:00,CREDIT,525,255810.05,0
2025-08-20 02:00:00,DEBIT,363,121521.53,0
2025-08-20 02:00:00,P2P_TRANSFER,290,155914.88,1
2025-08-20 03:00:00,CREDIT,570,200301.04,2
2025-08-20 03:00:00,DEBIT,292,236971.03,1
2025-08-20 03:00:00,P2P_TRANSFER,419,366336.74,2
2025-08-20 04:00:00,CREDIT,382,229340.02,1
2025-08-20 04:00:00,DEBIT,197,138148.16,0
2025-08-20 04:00:00,P2P_TRANSFER,275,242684.36,1
2025-08-20 05:00:00,CREDIT,177,102629.0,0
2025-08-20 05:00:00,DEBIT,170,135380.09,0
2025-08-20 05:00:00,P2P_TRANSFER,299,78025.91,0
2025-08-20 06:00:00,CREDIT,248,85558.4,0
2025-08-20 06:00:00,DEBIT,209,209463.24,0
2025-08-20 06:00:00,P2P_TRANSFER,192,171762.72,0
2025-08-20 07:00:00,CREDIT,273,96908.52,0
2025-08-20 07:00:00,DEBIT,490,234863.56,1
2025-08-20 07:00:00,P2P_TRANSFER,267,203427.17,0
2025-08-20 08:00:00,CREDIT,317,144158.81,0
2025-08-20 08:00:00,DEBIT,430,367042.86,1
2025-08-20 08:00:00,P2P_TRANSFER,258,164758.48,0
2025-08-20 09:00:00,CREDIT,309,113977.31,2
2025-08-20 09:00:00,DEBIT,358,267771.43,1
2025-08-20 09:00:00,P2P_TRANSFER,292,150104.11,0
2025-08-20 10:00:00,CREDIT,343,218185.04,1
2025-08-20 10:00:00,DEBIT,377,185725.0,1
2025-08-20 10:00:00,P2P_TRANSFER,348,140074.4,0
2025-08-20 11:00:00,CREDIT,386,185487.24,1
2025-08-20 11:00:00,DEBIT,422,244419.83,1
2025-08-20 11:00:00,P2P_TRANSFER,231,190608.67,0
2025-08-20 12:00:00,CREDIT,496,430242.01,2
2025-08-20 12:00:00,DEBIT,299,48891.41,0
2025-08-20 12:00:00,P2P_TRANSFER,64,47694.83,1
2025-08-20 13:00:00,CREDIT,298,110775.64,0
2025-08-20 13:00:00,DEBIT,220,108482.21,0
2025-08-20 13:00:00,P2P_TRANSFER,196,145838.83,0
2025-08-20 14:00:00,CREDIT,255,213579.78,1
2025-08-20 14:00:00,DEBIT,157,20386.68,1
2025-08-20 14:00:00,P2P_TRANSFER,251,138071.14,1
2025-08-20 15:00:00,CREDIT,238,120847.2,1
2025-08-20 15:00:00,DEBIT,340,140491.08,1
2025-08-20 15:00:00,P2P_TRANSFER,178,110228.65,0
2025-08-20 16:00:00,CREDIT,236,153685.14,0
2025-08-20 16:00:00,DEBIT,324,128792.88,0
2025-08-20 16:00:00,P2P_TRANSFER,483,234122.58,1
2025-08-20 17:00:00,CREDIT,245,144064.13,0
2025-08-20 17:00:00,DEBIT,318,144062.89,1
2025-08-20 17:00:00,P2P_TRANSFER,269,125595.13,0
2025-08-20 18:00:00,CREDIT,499,223033.69,1
2025-08-20 18:00:00,DEBIT,348,243699.7,1
2025-08-20 18:00:00,P2P_TRANSFER,306,279478.97,0
2025-08-20 19:00:00,CREDIT,341,63702.1,0
2025-08-20 19:00:00,DEBIT,240,148496.45,1
2025-08-20 19:00:00,P2P_TRANSFER,338,244881.49,0
2025-08-20 20:00:00,CREDIT,358,154361.66,0
2025-08-20 20:00:00,DEBIT,195,144114.11,1
2025-08-20 20:00:00,P2P_TRANSFER,296,163716.25,1
2025-08-20 21:00:00,CREDIT,364,276002.57,2
2025-08-20 21:00:00,DEBIT,30,25388.22,0
2025-08-20 21:00:00,P2P_TRANSFER,195,177263.1,0
2025-08-20 22:00:00,CREDIT,287,213409.44,1
2025-08-20 22:00:00,DEBIT,199,194519.18,0
2025-08-20 22:00:00,P2P_TRANSFER,248,134351.8,0
2025-08-20 23:00:00,CREDIT,204,179808.43,1
2025-08-20 23:00:00,DEBIT,183,141279.62,1
2025-08-20 23:00:00,P2P_TRANSFER,270,212702.87,0
2025-08-21 00:00:00,CREDIT,181,102782.99,0
2025-08-21 00:00:00,DEBIT,416,346953.59,1
2025-08-21 00:00:00,P2P_TRANSFER,294,176734.57,1
2025-08-21 01:00:00,CREDIT,430,243947.0,1
2025-08-21 01:00:00,DEBIT,524,485591.88,2
2025-08-21 01:00:00,P2P_TRANSFER,177,90222.64,0
2025-08-21 02:00:00,CREDIT,501,483602.05,2
2025-08-21 02:00:00,DEBIT,531,305926.94,1
2025-08-21 02:00:00,P2P_TRANSFER,406,331971.91,1
2025-08-21 03:00:00,CREDIT,501,88940.38,0
2025-08-21 03:00:00,DEBIT,391,226382.92,1
2025-08-21 03:00:00,P2P_TRANSFER,370,139407.1,1
2025-08-21 04:00:00,CREDIT,399,226237.74,1
2025-08-21 04:00:00,DEBIT,335,63940.51,0
2025-08-21 04:00:00,P2P_TRANSFER,328,220097.56,1
2025-08-21 05:00:00,CREDIT,366,208119.65,0
2025-08-21 05:00:00,DEBIT,175,115042.06,1
2025-08-21 05:00:00,P2P_TRANSFER,135,107542.1,0
2025-08-21 06:00:00,CREDIT,270,80505.48,0
2025-08-21 06:00:00,DEBIT,161,113115.48,1
2025-08-21 06:00:00,P2P_TRANSFER,281,63563.09,0
2025-08-21 07:00:00,CREDIT,312,208648.67,1
2025-08-21 07:00:00,DEBIT,219,139224.49,0
2025-08-21 07:00:00,P2P_TRANSFER,242,112719.12,1
2025-08-21 08:00:00,CREDIT,101,41792.18,0
2025-08-21 08:00:00,DEBIT,358,117038.38,1
2025-08-21 08:00:00,P2P_TRANSFER,378,275563.61,1
2025-08-21 09:00:00,CREDIT,319,219054.36,1
2025-08-21 09:00:00,DEBIT,295,225303.18,1
2025-08-21 09:00:00,P2P_TRANSFER,375,317978.2,0
2025-08-21 10:00:00,CREDIT,374,252471.38,1
2025-08-21 10:00:00,DEBIT,340,97145.46,1
2025-08-21 10:00:00,P2P_TRANSFER,345,240731.12,0
2025-08-21 11:00:00,CREDIT,270,165750.76,1
2025-08-21 11:00:00,DEBIT,391,282931.32,1
2025-08-21 11:00:00,P2P_TRANSFER,252,137933.99,0
2025-08-21 12:00:00,CREDIT,331,198838.97,1
2025-08-21 12:00:00,DEBIT,237,83978.7,0
2025-08-21 12:00:00,P2P_TRANSFER,308,234914.81,1
2025-08-21 13:00:00,CREDIT,155,76322.6,0
2025-08-21 13:00:00,DEBIT,269,115084.84,0
2025-08-21 13:00:00,P2P_TRANSFER,262,60122.09,0
2025-08-21 14:00:00,CREDIT,244,42545.09,0
2025-08-21 14:00:00,DEBIT,268,181073.44,0
2025-08-21 14:00:00,P2P_TRANSFER,200,111457.36,0
2025-08-21 15:00:00,CREDIT,305,133411.3,1
2025-08-21 15:00:00,DEBIT,216,99792.6,0
2025-08-21 15:00:00,P2P_TRANSFER,329,137672.17,1
2025-08-21 16:00:00,CREDIT,283,222070.62,1
2025-08-21 16:00:00,DEBIT,449,105972.8,1
2025-08-21 16:00:00,P2P_TRANSFER,506,215042.28,1
2025-08-21 17:00:00,CREDIT,261,162455.52,0
2025-08-21 17:00:00,DEBIT,388,330751.68,0
2025-08-21 17:00:00,P2P_TRANSFER,389,309631.55,1
2025-08-21 18:00:00,CREDIT,281,199024.56,0
2025-08-21 18:00:00,DEBIT,450,226714.55,1
2025-08-21 18:00:00,P2P_TRANSFER,514,369781.44,1
2025-08-21 19:00:00,CREDIT,368,149831.76,1
2025-08-21 19:00:00,DEBIT,306,65673.17,0
2025-08-21 19:00:00,P2P_TRANSFER,412,126524.7,1
2025-08-21 20:00:00,CREDIT,349,126565.32,1
2025-08-21 20:00:00,DEBIT,256,189148.0,1
2025-08-21 20:00:00,P2P_TRANSFER,210,146576.69,1
2025-08-21 21:00:00,CREDIT,242,132476.6,0
2025-08-21 21:00:00,DEBIT,161,108609.6,0
2025-08-21 21:00:00,P2P_TRANSFER,169,115574.06,0
2025-08-21 22:00:00,CREDIT,306,254554.45,1
2025-08-21 22:00:00,DEBIT,138,58248.44,0
2025-08-21 22:00:00,P2P_TRANSFER,92,83739.3,0
2025-08-21 23:00:00,CREDIT,332,245474.89,1
2025-08-21 23:00:00,DEBIT,194,76037.74,0
2025-08-21 23:00:00,P2P_TRANSFER,206,160455.31,0
2025-08-22 00:00:00,CREDIT,204,54584.12,0
2025-08-22 00:00:00,DEBIT,328,190801.92,1
2025-08-22 00:00:00,P2P_TRANSFER,373,169530.2,1
2025-08-22 01:00:00,CREDIT,564,447805.24,1
2025-08-22 01:00:00,DEBIT,387,179902.99,1
2025-08-22 01:00:00,P2P_TRANSFER,402,293962.87,1
2025-08-22 02:00:00,CREDIT,360,225344.29,1
2025-08-22 02:00:00,DEBIT,476,196586.05,1
2025-08-22 02:00:00,P2P_TRANSFER,368,238866.68,1
2025-08-22 03:00:00,CREDIT,498,322093.75,1
2025-08-22 03:00:00,DEBIT,272,153860.2,1
2025-08-22 03:00:00,P2P_TRANSFER,306,126409.74,1
2025-08-22 04:00:00,CREDIT,398,279869.64,1
2025-08-22 04:00:00,DEBIT,249,166426.9,0
2025-08-22 04:00:00,P2P_TRANSFER,245,183090.44,0
2025-08-22 05:00:00,CREDIT,256,126466.21,0
2025-08-22 05:00:00,DEBIT,241,86545.73,1
2025-08-22 05:00:00,P2P_TRANSFER,307,183992.36,0
2025-08-22 06:00:00,CREDIT,267,188821.45,0
2025-08-22 06:00:00,DEBIT,68,50280.46,0
2025-08-22 06:00:00,P2P_TRANSFER,282,239082.26,1
2025-08-22 07:00:00,CREDIT,207,131407.44,0
2025-08-22 07:00:00,DEBIT,95,80015.27,1
2025-08-22 07:00:00,P2P_TRANSFER,307,152691.25,1
2025-08-22 08:00:00,CREDIT,392,248774.27,1
2025-08-22 08:00:00,DEBIT,286,108911.82,1
2025-08-22 08:00:00,P2P_TRANSFER,289,247741.16,0
2025-08-22 09:00:00,CREDIT,459,393242.45,2
2025-08-22 09:00:00,DEBIT,281,166499.56,0
2025-08-22 09:00:00,P2P_TRANSFER,467,292814.27,2
2025-08-22 10:00:00,CREDIT,247,91212.02,1
2025-08-22 10:00:00,DEBIT,392,346784.33,1
2025-08-22 10:00:00,P2P_TRANSFER,490,259243.43,1
2025-08-22 11:00:00,CREDIT,414,190428.61,0
2025-08-22 11:00:00,DEBIT,326,139472.5,1
2025-08-22 11:00:00,P2P_TRANSFER,298,199620.94,1
2025-08-22 12:00:00,CREDIT,261,79464.65,0
2025-08-22 12:00:00,DEBIT,306,188898.47,1
2025-08-22 12:00:00,P2P_TRANSFER,343,200149.13,0
2025-08-22 13:00:00,CREDIT,193,111708.65,1
2025-08-22 13:00:00,DEBIT,212,106246.87,1
2025-08-22 13:00:00,P2P_TRANSFER,267,197668.27,1
2025-08-22 14:00:00,CREDIT,226,261410.94,1
2025-08-22 14:00:00,DEBIT,324,253613.87,0
2025-08-22 14:00:00,P2P_TRANSFER,210,132012.86,1
2025-08-22 15:00:00,CREDIT,223,114281.27,0
2025-08-22 15:00:00,DEBIT,348,199055.05,0
2025-08-22 15:00:00,P2P_TRANSFER,272,47787.77,0
2025-08-22 16:00:00,CREDIT,492,265506.16,1
2025-08-22 16:00:00,DEBIT,405,276614.16,2
2025-08-22 16:00:00,P2P_TRANSFER,248,61770.14,0
2025-08-22 17:00:00,CREDIT,439,187410.65,1
2025-08-22 17:00:00,DEBIT,504,202927.73,1
2025-08-22 17:00:00,P2P_TRANSFER,479,284791.0,2
2025-08-22 18:00:00,CREDIT,510,249805.86,0
2025-08-22 18:00:00,DEBIT,463,251743.78,1
2025-08-22 18:00:00,P2P_TRANSFER,452,200459.54,1
2025-08-22 19:00:00,CREDIT,539,377917.7,2
2025-08-22 19:00:00,DEBIT,267,172495.34,0
2025-08-22 19:00:00,P2P_TRANSFER,361,165950.05,0
2025-08-22 20:00:00,CREDIT,111,54722.82,0
2025-08-22 20:00:00,DEBIT,271,219286.84,1
2025-08-22 20:00:00,P2P_TRANSFER,201,122295.65,0
2025-08-22 21:00:00,CREDIT,313,71968.96,1
2025-08-22 21:00:00,DEBIT,160,78500.11,0
2025-08-22 21:00:00,P2P_TRANSFER,109,57415.08,1
2025-08-22 22:00:00,CREDIT,225,202207.14,0
2025-08-22 22:00:00,DEBIT,207,103621.54,1
2025-08-22 22:00:00,P2P_TRANSFER,303,113933.94,1
2025-08-22 23:00:00,CREDIT,280,266197.2,1
2025-08-22 23:00:00,DEBIT,166,48844.27,0
2025-08-22 23:00:00,P2P_TRANSFER,403,224346.07,1
2025-08-23 00:00:00,CREDIT,269,74917.8,0
2025-08-23 00:00:00,DEBIT,266,43654.94,0
2025-08-23 00:00:00,P2P_TRANSFER,85,35685.8,0
2025-08-23 01:00:00,CREDIT,359,311535.76,1
2025-08-23 01:00:00,DEBIT,486,446678.08,2
2025-08-23 01:00:00,P2P_TRANSFER,343,205624.74,0
2025-08-23 02:00:00,CREDIT,582,294384.07,1
2025-08-23 02:00:00,DEBIT,378,259409.82,1
2025-08-23 02:00:00,P2P_TRANSFER,240,109114.93,1
2025-08-23 03:00:00,CREDIT,287,136673.4,0
2025-08-23 03:00:00,DEBIT,381,296829.61,1
2025-08-23 03:00:00,P2P_TRANSFER,274,251595.17,1
2025-08-23 04:00:00,CREDIT,443,307889.02,1
2025-08-23 04:00:00,DEBIT,246,93944.23,0
2025-08-23 04:00:00,P2P_TRANSFER,235,246512.35,0
2025-08-23 05:00:00,CREDIT,298,274188.08,1
2025-08-23 05:00:00,DEBIT,304,223764.31,1
2025-08-23 05:00:00,P2P_TRANSFER,156,122427.73,0
2025-08-23 06:00:00,CREDIT,170,103940.09,1
2025-08-23 06:00:00,DEBIT,184,113793.12,0
2025-08-23 06:00:00,P2P_TRANSFER,147,142780.32,0
2025-08-23 07:00:00,CREDIT,204,186735.64,0
2025-08-23 07:00:00,DEBIT,243,177354.8,1
2025-08-23 07:00:00,P2P_TRANSFER,329,261784.63,0
2025-08-23 08:00:00,CREDIT,154,20451.19,0
2025-08-23 08:00:00,DEBIT,422,349022.77,1
2025-08-23 08:00:00,P2P_TRANSFER,316,243586.34,1
2025-08-23 09:00:00,CREDIT,213,224984.29,2
2025-08-23 09:00:00,DEBIT,216,159446.98,0
2025-08-23 09:00:00,P2P_TRANSFER,365,272264.77,2
2025-08-23 10:00:00,CREDIT,408,201465.64,1
2025-08-23 10:00:00,DEBIT,551,226152.54,1
2025-08-23 10:00:00,P2P_TRANSFER,238,148630.09,1
2025-08-23 11:00:00,CREDIT,432,357928.69,1
2025-08-23 11:00:00,DEBIT,294,148532.05,1
2025-08-23 11:00:00,P2P_TRANSFER,287,209201.82,1
2025-08-23 12:00:00,CREDIT,210,105890.18,0
2025-08-23 12:00:00,DEBIT,279,145361.16,1
2025-08-23 12:00:00,P2P_TRANSFER,325,130209.1,1
2025-08-23 13:00:00,CREDIT,269,143365.32,1
2025-08-23 13:00:00,DEBIT,147,72148.45,0
2025-08-23 13:00:00,P2P_TRANSFER,226,112044.36,1
2025-08-23 14:00:00,CREDIT,109,55087.86,0
2025-08-23 14:00:00,DEBIT,260,120891.26,0
2025-08-23 14:00:00,P2P_TRANSFER,274,295259.24,1
2025-08-23 15:00:00,CREDIT,215,118216.28,0
2025-08-23 15:00:00,DEBIT,381,276192.62,1
2025-08-23 15:00:00,P2P_TRANSFER,328,175692.61,1
2025-08-23 16:00:00,CREDIT,390,147237.46,1
2025-08-23 16:00:00,DEBIT,221,150107.88,1
2025-08-23 16:00:00,P2P_TRANSFER,379,375267.55,1
2025-08-23 17:00:00,CREDIT,394,211695.16,2
2025-08-23 17:00:00,DEBIT,261,201784.99,0
2025-08-23 17:00:00,P2P_TRANSFER,349,228414.04,1
2025-08-23 18:00:00,CREDIT,384,226585.38,1
2025-08-23 18:00:00,DEBIT,533,134380.02,1
2025-08-23 18:00:00,P2P_TRANSFER,159,84456.68,1
2025-08-23 19:00:00,CREDIT,393,264956.72,1
2025-08-23 19:00:00,DEBIT,501,374806.54,1
2025-08-23 19:00:00,P2P_TRANSFER,432,358576.92,1
2025-08-23 20:00:00,CREDIT,297,316465.76,2
2025-08-23 20:00:00,DEBIT,242,210822.0,0
2025-08-23 20:00:00,P2P_TRANSFER,338,120950.74,1
2025-08-23 21:00:00,CREDIT,189,112781.39,1
2025-08-23 21:00:00,DEBIT,293,140013.13,1
2025-08-23 21:00:00,P2P_TRANSFER,205,128474.98,1
2025-08-23 22:00:00,CREDIT,255,155628.24,0
2025-08-23 22:00:00,DEBIT,201,136680.01,0
2025-08-23 22:00:00,P2P_TRANSFER,264,94382.58,1
2025-08-23 23:00:00,CREDIT,207,64725.91,1
2025-08-23 23:00:00,DEBIT,386,141426.8,0
2025-08-23 23:00:00,P2P_TRANSFER,178,61318.34,0
2025-08-24 00:00:00,CREDIT,287,163620.86,0
2025-08-24 00:00:00,DEBIT,360,341523.89,2
2025-08-24 00:00:00,P2P_TRANSFER,411,335889.97,1
2025-08-24 01:00:00,CREDIT,293,227533.02,1
2025-08-24 01:00:00,DEBIT,357,242925.74,1
2025-08-24 01:00:00,P2P_TRANSFER,423,403707.91,1
2025-08-24 02:00:00,CREDIT,246,195233.56,1
2025-08-24 02:00:00,DEBIT,401,203571.26,0
2025-08-24 02:00:00,P2P_TRANSFER,434,281810.63,2
2025-08-24 03:00:00,CREDIT,290,244419.96,1
2025-08-24 03:00:00,DEBIT,388,238032.68,1
2025-08-24 03:00:00,P2P_TRANSFER,275,132898.58,0
2025-08-24 04:00:00,CREDIT,206,155592.13,0
2025-08-24 04:00:00,DEBIT,160,143307.92,0
2025-08-24 04:00:00,P2P_TRANSFER,117,59883.37,0
2025-08-24 05:00:00,CREDIT,271,12000.0,0
2025-08-24 05:00:00,DEBIT,336,248289.11,1
2025-08-24 05:00:00,P2P_TRANSFER,204,118319.09,0
2025-08-24 06:00:00,CREDIT,190,111470.84,1
2025-08-24 06:00:00,DEBIT,221,157811.03,1
2025-08-24 06:00:00,P2P_TRANSFER,306,235426.02,1
2025-08-24 07:00:00,CREDIT,313,241985.39,1
2025-08-24 07:00:00,DEBIT,225,121935.36,1
2025-08-24 07:00:00,P2P_TRANSFER,243,50474.8,0
2025-08-24 08:00:00,CREDIT,361,164448.73,0
2025-08-24 08:00:00,DEBIT,287,113831.59,1
2025-08-24 08:00:00,P2P_TRANSFER,600,317935.91,2
2025-08-24 09:00:00,CREDIT,262,168819.26,0
2025-08-24 09:00:00,DEBIT,265,138864.04,1
2025-08-24 09:00:00,P2P_TRANSFER,447,57607.72,1
2025-08-24 10:00:00,CREDIT,661,600000.0,2
2025-08-24 10:00:00,DEBIT,395,320454.65,0
2025-08-24 10:00:00,P2P_TRANSFER,242,138214.81,0
2025-08-24 11:00:00,CREDIT,422,282546.11,1
2025-08-24 11:00:00,DEBIT,504,294499.16,1
2025-08-24 11:00:00,P2P_TRANSFER,391,289967.54,0
2025-08-24 12:00:00,CREDIT,294,41842.2,0
2025-08-24 12:00:00,DEBIT,284,191825.38,0
2025-08-24 12:00:00,P2P_TRANSFER,332,206131.3,0
2025-08-24 13:00:00,CREDIT,177,78377.52,0
2025-08-24 13:00:00,DEBIT,152,125166.22,1
2025-08-24 13:00:00,P2P_TRANSFER,112,76447.87,0
2025-08-24 14:00:00,CREDIT,147,128418.36,1
2025-08-24 14:00:00,DEBIT,216,120322.85,0
2025-08-24 14:00:00,P2P_TRANSFER,222,92143.26,0
2025-08-24 15:00:00,CREDIT,133,52433.09,0
2025-08-24 15:00:00,DEBIT,230,91524.46,1
2025-08-24 15:00:00,P2P_TRANSFER,279,298382.6,1
2025-08-24 16:00:00,CREDIT,168,75769.51,1
2025-08-24 16:00:00,DEBIT,356,232858.94,1
2025-08-24 16:00:00,P2P_TRANSFER,425,167674.63,1
2025-08-24 17:00:00,CREDIT,214,129416.82,1
2025-08-24 17:00:00,DEBIT,486,321861.96,1
2025-08-24 17:00:00,P2P_TRANSFER,540,236602.46,0
2025-08-24 18:00:00,CREDIT,459,262108.97,1
2025-08-24 18:00:00,DEBIT,490,382143.65,2
2025-08-24 18:00:00,P2P_TRANSFER,511,431319.37,2
2025-08-24 19:00:00,CREDIT,523,271175.56,2
2025-08-24 19:00:00,DEBIT,422,285707.63,2
2025-08-24 19:00:00,P2P_TRANSFER,177,160737.86,1
2025-08-24 20:00:00,CREDIT,376,215532.73,2
2025-08-24 20:00:00,DEBIT,390,209975.89,1
2025-08-24 20:00:00,P2P_TRANSFER,352,292584.67,1
2025-08-24 21:00:00,CREDIT,180,55386.48,0
2025-08-24 21:00:00,DEBIT,211,119621.89,0
2025-08-24 21:00:00,P2P_TRANSFER,305,17403.55,1
2025-08-24 22:00:00,CREDIT,292,196565.64,0
2025-08-24 22:00:00,DEBIT,303,259108.1,1
2025-08-24 22:00:00,P2P_TRANSFER,268,176160.91,0
2025-08-24 23:00:00,CREDIT,221,204939.46,1
2025-08-24 23:00:00,DEBIT,110,99522.07,0
2025-08-24 23:00:00,P2P_TRANSFER,288,223528.48,1
2025-08-25 00:00:00,CREDIT,211,127441.15,0
2025-08-25 00:00:00,DEBIT,411,212972.08,1
2025-08-25 00:00:00,P2P_TRANSFER,339,152887.97,0
2025-08-25 01:00:00,CREDIT,296,97157.72,1
2025-08-25 01:00:00,DEBIT,344,280764.06,1
2025-08-25 01:00:00,P2P_TRANSFER,371,346428.68,2
2025-08-25 02:00:00,CREDIT,452,176868.98,1
2025-08-25 02:00:00,DEBIT,407,223959.78,0
2025-08-25 02:00:00,P2P_TRANSFER,357,324918.65,0
2025-08-25 03:00:00,CREDIT,568,427247.93,1
2025-08-25 03:00:00,DEBIT,327,177957.37,1
2025-08-25 03:00:00,P2P_TRANSFER,257,248458.1,1
2025-08-25 04:00:00,CREDIT,378,342454.73,1
2025-08-25 04:00:00,DEBIT,316,118225.45,0
2025-08-25 04:00:00,P2P_TRANSFER,261,247188.02,2
2025-08-25 05:00:00,CREDIT,219,61293.83,0
2025-08-25 05:00:00,DEBIT,232,248142.79,1
2025-08-25 05:00:00,P2P_TRANSFER,209,145316.48,1
2025-08-25 06:00:00,CREDIT,201,130583.38,1
2025-08-25 06:00:00,DEBIT,177,102993.01,1
2025-08-25 06:00:00,P2P_TRANSFER,313,171525.19,1
2025-08-25 07:00:00,CREDIT,361,212605.54,2
2025-08-25 07:00:00,DEBIT,173,47473.06,1
2025-08-25 07:00:00,P2P_TRANSFER,239,55203.61,0
2025-08-25 08:00:00,CREDIT,240,146942.96,1
2025-08-25 08:00:00,DEBIT,310,168973.14,1
2025-08-25 08:00:00,P2P_TRANSFER,407,189351.13,1
2025-08-25 09:00:00,CREDIT,299,212676.04,1
2025-08-25 09:00:00,DEBIT,495,283742.3,1
2025-08-25 09:00:00,P2P_TRANSFER,360,119815.16,0
2025-08-25 10:00:00,CREDIT,402,301288.76,2
2025-08-25 10:00:00,DEBIT,331,151912.8,1
2025-08-25 10:00:00,P2P_TRANSFER,293,165817.09,1
2025-08-25 11:00:00,CREDIT,300,126036.19,0
2025-08-25 11:00:00,DEBIT,423,302502.86,1
2025-08-25 11:00:00,P2P_TRANSFER,528,432871.74,1
2025-08-25 12:00:00,CREDIT,342,140752.46,2
2025-08-25 12:00:00,DEBIT,255,195817.28,0
2025-08-25 12:00:00,P2P_TRANSFER,249,126313.08,1
2025-08-25 13:00:00,CREDIT,170,72222.72,1
2025-08-25 13:00:00,DEBIT,266,91048.73,0
2025-08-25 13:00:00,P2P_TRANSFER,30,14128.58,0
2025-08-25 14:00:00,CREDIT,316,203223.37,1
2025-08-25 14:00:00,DEBIT,196,141804.02,0
2025-08-25 14:00:00,P2P_TRANSFER,268,205777.33,0
2025-08-25 15:00:00,CREDIT,135,121418.77,1
2025-08-25 15:00:00,DEBIT,422,181475.59,1
2025-08-25 15:00:00,P2P_TRANSFER,81,62488.94,0
2025-08-25 16:00:00,CREDIT,258,49844.0,3
2025-08-25 16:00:00,DEBIT,520,108630.83,3
2025-08-25 16:00:00,P2P_TRANSFER,572,177202.35,3
2025-08-25 17:00:00,CREDIT,482,79093.82,1
2025-08-25 17:00:00,DEBIT,398,102307.71,1
2025-08-25 17:00:00,P2P_TRANSFER,866,251972.4,4
2025-08-25 18:00:00,CREDIT,509,188214.5,6
2025-08-25 18:00:00,DEBIT,685,201574.03,6
2025-08-25 18:00:00,P2P_TRANSFER,469,132683.02,3
2025-08-25 19:00:00,CREDIT,624,162014.92,1
2025-08-25 19:00:00,DEBIT,419,65999.34,1
2025-08-25 19:00:00,P2P_TRANSFER,363,64647.05,1
2025-08-25 20:00:00,CREDIT,674,184713.73,6
2025-08-25 20:00:00,DEBIT,357,58215.33,3
2025-08-25 20:00:00,P2P_TRANSFER,467,105566.12,3
2025-08-25 21:00:00,CREDIT,313,97677.52,3
2025-08-25 21:00:00,DEBIT,287,59221.31,1
2025-08-25 21:00:00,P2P_TRANSFER,455,116317.7,4
2025-08-25 22:00:00,CREDIT,371,89845.82,0
2025-08-25 22:00:00,DEBIT,363,109448.01,1
2025-08-25 22:00:00,P2P_TRANSFER,376,103927.28,3
2025-08-25 23:00:00,CREDIT,458,145796.64,0
2025-08-25 23:00:00,DEBIT,537,114034.43,1
2025-08-25 23:00:00,P2P_TRANSFER,527,125326.27,1
2025-08-26 00:00:00,CREDIT,482,108247.31,3
2025-08-26 00:00:00,DEBIT,334,50091.28,1
2025-08-26 00:00:00,P2P_TRANSFER,744,61104.35,3
2025-08-26 01:00:00,CREDIT,678,112035.25,4
2025-08-26 01:00:00,DEBIT,435,106110.11,1
2025-08-26 01:00:00,P2P_TRANSFER,609,153932.8,4
2025-08-26 02:00:00,CREDIT,652,216954.56,3
2025-08-26 02:00:00,DEBIT,647,138665.87,4
2025-08-26 02:00:00,P2P_TRANSFER,651,156877.9,4
2025-08-26 03:00:00,CREDIT,845,171266.66,3
2025-08-26 03:00:00,DEBIT,410,63817.33,0
2025-08-26 03:00:00,P2P_TRANSFER,353,102164.46,3
2025-08-26 04:00:00,CREDIT,722,170180.3,6
2025-08-26 04:00:00,DEBIT,289,55016.62,1
2025-08-26 04:00:00,P2P_TRANSFER,446,89429.06,3
2025-08-26 05:00:00,CREDIT,325,61727.66,3
2025-08-26 05:00:00,DEBIT,556,103290.23,1
2025-08-26 05:00:00,P2P_TRANSFER,430,92457.73,0
2025-08-26 06:00:00,CREDIT,350,105241.78,3
2025-08-26 06:00:00,DEBIT,366,72360.78,4
2025-08-26 06:00:00,P2P_TRANSFER,325,66019.1,0
2025-08-26 07:00:00,CREDIT,278,89934.63,0
2025-08-26 07:00:00,DEBIT,406,129058.89,4
2025-08-26 07:00:00,P2P_TRANSFER,270,66678.46,1
2025-08-26 08:00:00,CREDIT,288,87082.98,1
2025-08-26 08:00:00,DEBIT,426,101694.53,3
2025-08-26 08:00:00,P2P_TRANSFER,596,181152.78,3
2025-08-26 09:00:00,CREDIT,594,150063.34,4
2025-08-26 09:00:00,DEBIT,699,151437.93,3
2025-08-26 09:00:00,P2P_TRANSFER,269,31272.21,3
2025-08-26 10:00:00,CREDIT,565,102857.9,1
2025-08-26 10:00:00,DEBIT,729,214713.85,6
2025-08-26 10:00:00,P2P_TRANSFER,732,120433.27,4
2025-08-26 11:00:00,CREDIT,737,165713.78,3
2025-08-26 11:00:00,DEBIT,599,96779.43,1
2025-08-26 11:00:00,P2P_TRANSFER,329,70327.26,1
2025-08-26 12:00:00,CREDIT,682,189745.49,4
2025-08-26 12:00:00,DEBIT,546,142579.54,1
2025-08-26 12:00:00,P2P_TRANSFER,806,143571.68,3
2025-08-26 13:00:00,CREDIT,468,148091.44,6
2025-08-26 13:00:00,DEBIT,443,131849.27,3
2025-08-26 13:00:00,P2P_TRANSFER,438,144330.96,3
2025-08-26 14:00:00,CREDIT,242,45430.34,0
2025-08-26 14:00:00,DEBIT,478,81114.67,0
2025-08-26 14:00:00,P2P_TRANSFER,398,66897.0,4
2025-08-26 15:00:00,CREDIT,275,70150.61,1
2025-08-26 15:00:00,DEBIT,279,62957.01,3
2025-08-26 15:00:00,P2P_TRANSFER,602,113824.36,4
2025-08-26 16:00:00,CREDIT,652,72403.82,1
2025-08-26 16:00:00,DEBIT,571,109806.94,6
2025-08-26 16:00:00,P2P_TRANSFER,793,228841.38,6
2025-08-26 17:00:00,CREDIT,969,292142.14,4
2025-08-26 17:00:00,DEBIT,670,157547.51,3
2025-08-26 17:00:00,P2P_TRANSFER,683,154430.18,3
2025-08-26 18:00:00,CREDIT,940,187433.3,6
2025-08-26 18:00:00,DEBIT,855,180350.86,3
2025-08-26 18:00:00,P2P_TRANSFER,520,124020.71,3
2025-08-26 19:00:00,CREDIT,451,104371.78,3
2025-08-26 19:00:00,DEBIT,593,255226.99,3
2025-08-26 19:00:00,P2P_TRANSFER,519,221242.42,0
2025-08-26 20:00:00,CREDIT,579,193434.31,3
2025-08-26 20:00:00,DEBIT,529,96217.38,3
2025-08-26 20:00:00,P2P_TRANSFER,498,87059.82,0
2025-08-26 21:00:00,CREDIT,372,106977.47,1
2025-08-26 21:00:00,DEBIT,473,131828.66,0
2025-08-26 21:00:00,P2P_TRANSFER,274,47305.37,0
2025-08-26 22:00:00,CREDIT,246,77915.62,1
2025-08-26 22:00:00,DEBIT,333,105068.36,0
2025-08-26 22:00:00,P2P_TRANSFER,528,84976.41,4
2025-08-26 23:00:00,CREDIT,393,99466.74,6
2025-08-26 23:00:00,DEBIT,635,161690.56,3
2025-08-26 23:00:00,P2P_TRANSFER,362,97945.78,3
2025-08-27 00:00:00,CREDIT,365,138240.1,3
2025-08-27 00:00:00,DEBIT,485,166060.15,1
2025-08-27 00:00:00,P2P_TRANSFER,418,126544.28,1
2025-08-27 01:00:00,CREDIT,387,104597.91,1
2025-08-27 01:00:00,DEBIT,678,241162.31,4
2025-08-27 01:00:00,P2P_TRANSFER,636,232701.87,6
2025-08-27 02:00:00,CREDIT,315,54240.94,4
2025-08-27 02:00:00,DEBIT,670,189407.08,4
2025-08-27 02:00:00,P2P_TRANSFER,510,219524.26,6
2025-08-27 03:00:00,CREDIT,664,183572.53,3
2025-08-27 03:00:00,DEBIT,587,107169.62,4
2025-08-27 03:00:00,P2P_TRANSFER,400,107865.54,4
2025-08-27 04:00:00,CREDIT,427,147427.73,4
2025-08-27 04:00:00,DEBIT,501,85150.11,1
2025-08-27 04:00:00,P2P_TRANSFER,443,110337.2,3
2025-08-27 05:00:00,CREDIT,518,89206.16,0
2025-08-27 05:00:00,DEBIT,382,103620.65,1
2025-08-27 05:00:00,P2P_TRANSFER,384,130912.13,1
2025-08-27 06:00:00,CREDIT,461,94373.79,3
2025-08-27 06:00:00,DEBIT,326,48723.82,1
2025-08-27 06:00:00,P2P_TRANSFER,376,66084.38,0
2025-08-27 07:00:00,CREDIT,293,75619.38,4
2025-08-27 07:00:00,DEBIT,373,37578.15,0
2025-08-27 07:00:00,P2P_TRANSFER,401,87919.18,4
2025-08-27 08:00:00,CREDIT,310,69998.72,3
2025-08-27 08:00:00,DEBIT,515,117887.61,3
2025-08-27 08:00:00,P2P_TRANSFER,552,164276.99,4
2025-08-27 09:00:00,CREDIT,636,84679.54,3
2025-08-27 09:00:00,DEBIT,805,186665.74,3
2025-08-27 09:00:00,P2P_TRANSFER,628,133289.97,3
2025-08-27 10:00:00,CREDIT,686,194541.01,1
2025-08-27 10:00:00,DEBIT,639,156170.14,6
2025-08-27 10:00:00,P2P_TRANSFER,390,56942.7,1
2025-08-27 11:00:00,CREDIT,625,40217.9,1
2025-08-27 11:00:00,DEBIT,668,236671.76,4
2025-08-27 11:00:00,P2P_TRANSFER,757,133661.38,6
2025-08-27 12:00:00,CREDIT,654,163872.23,3
2025-08-27 12:00:00,DEBIT,289,86338.27,3
2025-08-27 12:00:00,P2P_TRANSFER,253,65549.26,1
2025-08-27 13:00:00,CREDIT,157,41696.94,0
2025-08-27 13:00:00,DEBIT,389,88272.91,1
2025-08-27 13:00:00,P2P_TRANSFER,495,112326.15,4
2025-08-27 14:00:00,CREDIT,291,55739.32,0
2025-08-27 14:00:00,DEBIT,333,74131.38,0
2025-08-27 14:00:00,P2P_TRANSFER,287,43634.05,1
2025-08-27 15:00:00,CREDIT,384,137935.58,1
2025-08-27 15:00:00,DEBIT,445,113145.02,3
2025-08-27 15:00:00,P2P_TRANSFER,687,107056.18,3
2025-08-27 16:00:00,CREDIT,531,107427.02,3
2025-08-27 16:00:00,DEBIT,143,34950.23,1
2025-08-27 16:00:00,P2P_TRANSFER,132,23267.49,0
2025-08-27 17:00:00,CREDIT,566,190758.22,0
2025-08-27 17:00:00,DEBIT,551,148945.25,4
2025-08-27 17:00:00,P2P_TRANSFER,600,95121.52,3
2025-08-27 18:00:00,CREDIT,537,139134.06,1
2025-08-27 18:00:00,DEBIT,653,145540.87,4
2025-08-27 18:00:00,P2P_TRANSFER,801,139817.74,4
2025-08-27 19:00:00,CREDIT,729,247330.7,3
2025-08-27 19:00:00,DEBIT,841,129152.58,4
2025-08-27 19:00:00,P2P_TRANSFER,839,88286.02,3
2025-08-27 20:00:00,CREDIT,666,224629.69,4
2025-08-27 20:00:00,DEBIT,475,76269.82,1
2025-08-27 20:00:00,P2P_TRANSFER,512,125173.06,6
2025-08-27 21:00:00,CREDIT,439,78676.86,3
2025-08-27 21:00:00,DEBIT,330,110684.28,3
2025-08-27 21:00:00,P2P_TRANSFER,310,49101.26,3
2025-08-27 22:00:00,CREDIT,321,53826.62,0
2025-08-27 22:00:00,DEBIT,369,116881.06,4
2025-08-27 22:00:00,P2P_TRANSFER,358,109814.81,3
2025-08-27 23:00:00,CREDIT,378,115571.99,3
2025-08-27 23:00:00,DEBIT,502,121900.61,3
2025-08-27 23:00:00,P2P_TRANSFER,358,32971.7,3
2025-08-28 00:00:00,CREDIT,509,127509.99,3
2025-08-28 00:00:00,DEBIT,551,175583.98,6
2025-08-28 00:00:00,P2P_TRANSFER,257,56596.61,3
2025-08-28 01:00:00,CREDIT,563,81466.05,3
2025-08-28 01:00:00,DEBIT,564,182952.3,4
2025-08-28 01:00:00,P2P_TRANSFER,485,113836.94,3
2025-08-28 02:00:00,CREDIT,859,274082.3,7
2025-08-28 02:00:00,DEBIT,358,95815.98,1
2025-08-28 02:00:00,P2P_TRANSFER,604,219438.68,3
2025-08-28 03:00:00,CREDIT,488,63371.59,1
2025-08-28 03:00:00,DEBIT,376,78862.35,1
2025-08-28 03:00:00,P2P_TRANSFER,675,125042.09,3
2025-08-28 04:00:00,CREDIT,187,48050.56,0
2025-08-28 04:00:00,DEBIT,619,74859.52,4
2025-08-28 04:00:00,P2P_TRANSFER,401,124098.49,1
2025-08-28 05:00:00,CREDIT,512,83133.06,3
2025-08-28 05:00:00,DEBIT,255,33517.48,0
2025-08-28 05:00:00,P2P_TRANSFER,409,119241.28,3
2025-08-28 06:00:00,CREDIT,386,114197.24,1
2025-08-28 06:00:00,DEBIT,288,69941.26,1
2025-08-28 06:00:00,P2P_TRANSFER,413,141318.2,3
2025-08-28 07:00:00,CREDIT,293,86728.0,1
2025-08-28 07:00:00,DEBIT,453,96362.14,3
2025-08-28 07:00:00,P2P_TRANSFER,455,170246.95,4
2025-08-28 08:00:00,CREDIT,171,43555.94,0
2025-08-28 08:00:00,DEBIT,498,113974.94,3
2025-08-28 08:00:00,P2P_TRANSFER,637,123005.51,1
2025-08-28 09:00:00,CREDIT,493,200719.23,1
2025-08-28 09:00:00,DEBIT,753,216680.58,4
2025-08-28 09:00:00,P2P_TRANSFER,672,143026.57,4
2025-08-28 10:00:00,CREDIT,374,43415.36,0
2025-08-28 10:00:00,DEBIT,760,121761.23,3
2025-08-28 10:00:00,P2P_TRANSFER,376,93639.34,1
2025-08-28 11:00:00,CREDIT,756,137087.86,1
2025-08-28 11:00:00,DEBIT,333,34647.27,0
2025-08-28 11:00:00,P2P_TRANSFER,532,121600.04,4
2025-08-28 12:00:00,CREDIT,261,21636.14,0
2025-08-28 12:00:00,DEBIT,435,127006.49,4
2025-08-28 12:00:00,P2P_TRANSFER,265,45605.88,0
2025-08-28 13:00:00,CREDIT,223,60868.69,1
2025-08-28 13:00:00,DEBIT,517,150859.53,4
2025-08-28 13:00:00,P2P_TRANSFER,456,76513.29,0
2025-08-28 14:00:00,CREDIT,445,107569.63,1
2025-08-28 14:00:00,DEBIT,422,156991.11,3
2025-08-28 14:00:00,P2P_TRANSFER,379,70974.3,0
2025-08-28 15:00:00,CREDIT,533,151728.76,3
2025-08-28 15:00:00,DEBIT,504,146812.78,3
2025-08-28 15:00:00,P2P_TRANSFER,355,81654.66,3
2025-08-28 16:00:00,CREDIT,354,86876.03,1
2025-08-28 16:00:00,DEBIT,277,73154.91,3
2025-08-28 16:00:00,P2P_TRANSFER,224,8000.0,0
2025-08-28 17:00:00,CREDIT,368,73553.72,1
2025-08-28 17:00:00,DEBIT,858,233930.1,7
2025-08-28 17:00:00,P2P_TRANSFER,849,238338.65,7
2025-08-28 18:00:00,CREDIT,410,52585.9,1
2025-08-28 18:00:00,DEBIT,707,132766.58,3
2025-08-28 18:00:00,P2P_TRANSFER,498,146663.16,4
2025-08-28 19:00:00,CREDIT,573,34291.81,1
2025-08-28 19:00:00,DEBIT,497,65671.41,1
2025-08-28 19:00:00,P2P_TRANSFER,647,138479.07,4
2025-08-28 20:00:00,CREDIT,515,66767.52,3
2025-08-28 20:00:00,DEBIT,390,100723.41,1
2025-08-28 20:00:00,P2P_TRANSFER,632,65082.75,0
2025-08-28 21:00:00,CREDIT,417,122814.39,1
2025-08-28 21:00:00,DEBIT,398,131157.73,4
2025-08-28 21:00:00,P2P_TRANSFER,466,95356.78,3
2025-08-28 22:00:00,CREDIT,369,73703.27,4
2025-08-28 22:00:00,DEBIT,238,52289.66,1
2025-08-28 22:00:00,P2P_TRANSFER,362,88349.85,0
2025-08-28 23:00:00,CREDIT,532,94026.04,3
2025-08-28 23:00:00,DEBIT,319,96232.54,1
2025-08-28 23:00:00,P2P_TRANSFER,533,98580.17,3
2025-08-29 00:00:00,CREDIT,192,47101.94,3
2025-08-29 00:00:00,DEBIT,682,154869.82,4
2025-08-29 00:00:00,P2P_TRANSFER,667,63104.86,3
2025-08-29 01:00:00,CREDIT,747,141228.78,4
2025-08-29 01:00:00,DEBIT,324,72823.12,3
2025-08-29 01:00:00,P2P_TRANSFER,584,137177.43,4
2025-08-29 02:00:00,CREDIT,818,120520.06,4
2025-08-29 02:00:00,DEBIT,409,80315.52,1
2025-08-29 02:00:00,P2P_TRANSFER,717,130797.35,3
2025-08-29 03:00:00,CREDIT,729,184076.6,4
2025-08-29 03:00:00,DEBIT,478,107097.02,1
2025-08-29 03:00:00,P2P_TRANSFER,673,198637.98,3
2025-08-29 04:00:00,CREDIT,379,104881.49,1
2025-08-29 04:00:00,DEBIT,529,103721.48,3
2025-08-29 04:00:00,P2P_TRANSFER,134,26521.21,3
2025-08-29 05:00:00,CREDIT,294,41933.2,1
2025-08-29 05:00:00,DEBIT,359,111185.94,4
2025-08-29 05:00:00,P2P_TRANSFER,439,116762.68,3
2025-08-29 06:00:00,CREDIT,382,95374.54,0
2025-08-29 06:00:00,DEBIT,366,25849.05,1
2025-08-29 06:00:00,P2P_TRANSFER,336,132683.16,0
2025-08-29 07:00:00,CREDIT,269,37966.26,0
2025-08-29 07:00:00,DEBIT,368,72959.02,0
2025-08-29 07:00:00,P2P_TRANSFER,432,120941.98,3
2025-08-29 08:00:00,CREDIT,512,128900.96,7
2025-08-29 08:00:00,DEBIT,693,174505.68,3
2025-08-29 08:00:00,P2P_TRANSFER,582,194710.53,3
2025-08-29 09:00:00,CREDIT,667,212253.2,4
2025-08-29 09:00:00,DEBIT,749,189692.5,6
2025-08-29 09:00:00,P2P_TRANSFER,580,137085.03,3
2025-08-29 10:00:00,CREDIT,794,131266.34,6
2025-08-29 10:00:00,DEBIT,528,152678.46,3
2025-08-29 10:00:00,P2P_TRANSFER,762,167051.95,1
2025-08-29 11:00:00,CREDIT,1049,278085.58,7
2025-08-29 11:00:00,DEBIT,551,136250.98,3
2025-08-29 11:00:00,P2P_TRANSFER,458,25601.22,1
2025-08-29 12:00:00,CREDIT,746,118642.94,1
2025-08-29 12:00:00,DEBIT,383,80727.9,4
2025-08-29 12:00:00,P2P_TRANSFER,239,101059.94,3
2025-08-29 13:00:00,CREDIT,239,57115.79,3
2025-08-29 13:00:00,DEBIT,380,47289.58,1
2025-08-29 13:00:00,P2P_TRANSFER,601,152068.53,0
2025-08-29 14:00:00,CREDIT,553,169839.51,4
2025-08-29 14:00:00,DEBIT,354,81575.02,4
2025-08-29 14:00:00,P2P_TRANSFER,186,8000.0,1
2025-08-29 15:00:00,CREDIT,303,28662.89,3
2025-08-29 15:00:00,DEBIT,570,183624.94,3
2025-08-29 15:00:00,P2P_TRANSFER,615,132202.56,1
2025-08-29 16:00:00,CREDIT,436,89413.36,3
2025-08-29 16:00:00,DEBIT,196,45935.33,1
2025-08-29 16:00:00,P2P_TRANSFER,494,142092.66,1
2025-08-29 17:00:00,CREDIT,526,118372.14,0
2025-08-29 17:00:00,DEBIT,525,144575.88,1
2025-08-29 17:00:00,P2P_TRANSFER,690,161604.98,3
2025-08-29 18:00:00,CREDIT,797,232697.63,6
2025-08-29 18:00:00,DEBIT,732,217096.06,6
2025-08-29 18:00:00,P2P_TRANSFER,397,74729.61,1
2025-08-29 19:00:00,CREDIT,688,136837.78,1
2025-08-29 19:00:00,DEBIT,526,131768.86,7
2025-08-29 19:00:00,P2P_TRANSFER,625,188464.42,4
2025-08-29 20:00:00,CREDIT,536,78402.3,3
2025-08-29 20:00:00,DEBIT,493,146096.03,1
2025-08-29 20:00:00,P2P_TRANSFER,353,70680.34,1
2025-08-29 21:00:00,CREDIT,607,191509.8,4
2025-08-29 21:00:00,DEBIT,344,58017.33,0
2025-08-29 21:00:00,P2P_TRANSFER,333,69735.46,0
2025-08-29 22:00:00,CREDIT,521,115971.63,4
2025-08-29 22:00:00,DEBIT,489,109510.51,1
2025-08-29 22:00:00,P2P_TRANSFER,384,65353.25,1
2025-08-29 23:00:00,CREDIT,237,81294.03,1
2025-08-29 23:00:00,DEBIT,510,69597.46,1
2025-08-29 23:00:00,P2P_TRANSFER,513,153580.08,1
2025-08-30 00:00:00,CREDIT,801,198137.2,3
2025-08-30 00:00:00,DEBIT,436,161923.05,1
2025-08-30 00:00:00,P2P_TRANSFER,577,199052.13,3
2025-08-30 01:00:00,CREDIT,223,67693.86,3
2025-08-30 01:00:00,DEBIT,465,105897.64,3
2025-08-30 01:00:00,P2P_TRANSFER,372,113279.97,1
2025-08-30 02:00:00,CREDIT,534,162775.58,3
2025-08-30 02:00:00,DEBIT,630,200414.01,1
2025-08-30 02:00:00,P2P_TRANSFER,676,198494.13,7
2025-08-30 03:00:00,CREDIT,473,91845.74,0
2025-08-30 03:00:00,DEBIT,380,84212.26,1
2025-08-30 03:00:00,P2P_TRANSFER,406,92956.85,1
2025-08-30 04:00:00,CREDIT,612,81835.56,3
2025-08-30 04:00:00,DEBIT,666,176436.31,4
2025-08-30 04:00:00,P2P_TRANSFER,439,155532.62,6
2025-08-30 05:00:00,CREDIT,462,92477.39,6
2025-08-30 05:00:00,DEBIT,333,96469.27,0
2025-08-30 05:00:00,P2P_TRANSFER,370,126405.94,1
2025-08-30 06:00:00,CREDIT,386,23810.07,0
2025-08-30 06:00:00,DEBIT,221,55808.83,0
2025-08-30 06:00:00,P2P_TRANSFER,481,109378.3,3
2025-08-30 07:00:00,CREDIT,395,44639.8,4
2025-08-30 07:00:00,DEBIT,470,95377.19,1
2025-08-30 07:00:00,P2P_TRANSFER,664,109280.66,1
2025-08-30 08:00:00,CREDIT,476,110674.67,0
2025-08-30 08:00:00,DEBIT,289,42115.45,0
2025-08-30 08:00:00,P2P_TRANSFER,770,180243.28,3
2025-08-30 09:00:00,CREDIT,582,173493.72,4
2025-08-30 09:00:00,DEBIT,386,70061.01,0
2025-08-30 09:00:00,P2P_TRANSFER,579,117677.1,3
2025-08-30 10:00:00,CREDIT,755,156400.52,4
2025-08-30 10:00:00,DEBIT,482,129338.48,1
2025-08-30 10:00:00,P2P_TRANSFER,947,211922.88,4
2025-08-30 11:00:00,CREDIT,617,82450.98,4
2025-08-30 11:00:00,DEBIT,367,69631.75,1
2025-08-30 11:00:00,P2P_TRANSFER,444,113088.38,4
2025-08-30 12:00:00,CREDIT,407,85629.22,3
2025-08-30 12:00:00,DEBIT,147,24245.85,1
2025-08-30 12:00:00,P2P_TRANSFER,385,141495.3,3
2025-08-30 13:00:00,CREDIT,359,66328.26,0
2025-08-30 13:00:00,DEBIT,396,85522.1,4
2025-08-30 13:00:00,P2P_TRANSFER,89,20039.03,1
2025-08-30 14:00:00,CREDIT,252,58203.1,1
2025-08-30 14:00:00,DEBIT,504,237795.16,6
2025-08-30 14:00:00,P2P_TRANSFER,480,145727.73,4
2025-08-30 15:00:00,CREDIT,570,165528.38,3
2025-08-30 15:00:00,DEBIT,423,130013.22,0
2025-08-30 15:00:00,P2P_TRANSFER,445,92562.29,4
2025-08-30 16:00:00,CREDIT,564,217027.66,4
2025-08-30 16:00:00,DEBIT,464,138197.87,3
2025-08-30 16:00:00,P2P_TRANSFER,534,136589.31,4
2025-08-30 17:00:00,CREDIT,574,181484.94,3
2025-08-30 17:00:00,DEBIT,779,171667.71,4
2025-08-30 17:00:00,P2P_TRANSFER,767,128832.57,4
2025-08-30 18:00:00,CREDIT,738,196314.06,4
2025-08-30 18:00:00,DEBIT,645,252760.76,3
2025-08-30 18:00:00,P2P_TRANSFER,401,96008.68,3
2025-08-30 19:00:00,CREDIT,599,151253.71,6
2025-08-30 19:00:00,DEBIT,308,55636.39,1
2025-08-30 19:00:00,P2P_TRANSFER,306,99103.39,3
2025-08-30 20:00:00,CREDIT,566,76812.71,3
2025-08-30 20:00:00,DEBIT,371,14862.31,1
2025-08-30 20:00:00,P2P_TRANSFER,544,115633.07,4
2025-08-30 21:00:00,CREDIT,638,136368.72,1
2025-08-30 21:00:00,DEBIT,375,110727.7,3
2025-08-30 21:00:00,P2P_TRANSFER,150,31318.44,1
2025-08-30 22:00:00,CREDIT,459,187793.65,6
2025-08-30 22:00:00,DEBIT,405,123785.74,1
2025-08-30 22:00:00,P2P_TRANSFER,572,131160.8,3
2025-08-30 23:00:00,CREDIT,446,170176.84,1
2025-08-30 23:00:00,DEBIT,424,145823.69,3
2025-08-30 23:00:00,P2P_TRANSFER,303,41401.68,0
2025-08-31 00:00:00,CREDIT,372,101347.85,3
2025-08-31 00:00:00,DEBIT,613,116263.4,6
2025-08-31 00:00:00,P2P_TRANSFER,497,124897.42,3
2025-08-31 01:00:00,CREDIT,375,108998.85,1
2025-08-31 01:00:00,DEBIT,375,41627.18,3
2025-08-31 01:00:00,P2P_TRANSFER,631,142063.19,0
2025-08-31 02:00:00,CREDIT,374,115923.52,3
2025-08-31 02:00:00,DEBIT,397,77098.13,3
2025-08-31 02:00:00,P2P_TRANSFER,303,24750.37,1
2025-08-31 03:00:00,CREDIT,673,227147.93,4
2025-08-31 03:00:00,DEBIT,872,252448.03,4
2025-08-31 03:00:00,P2P_TRANSFER,633,186872.43,4
2025-08-31 04:00:00,CREDIT,498,119911.45,3
2025-08-31 04:00:00,DEBIT,619,89482.03,4
2025-08-31 04:00:00,P2P_TRANSFER,580,129265.68,1
2025-08-31 05:00:00,CREDIT,235,78962.03,1
2025-08-31 05:00:00,DEBIT,189,56420.72,0
2025-08-31 05:00:00,P2P_TRANSFER,230,56522.14,3
2025-08-31 06:00:00,CREDIT,449,86270.32,1
2025-08-31 06:00:00,DEBIT,370,60309.38,3
2025-08-31 06:00:00,P2P_TRANSFER,285,33832.06,3
2025-08-31 07:00:00,CREDIT,481,133174.76,3
2025-08-31 07:00:00,DEBIT,591,74416.5,3
2025-08-31 07:00:00,P2P_TRANSFER,473,119533.07,3
2025-08-31 08:00:00,CREDIT,328,60746.26,1
2025-08-31 08:00:00,DEBIT,600,110387.3,1
2025-08-31 08:00:00,P2P_TRANSFER,612,99476.41,4
2025-08-31 09:00:00,CREDIT,485,66517.02,1
2025-08-31 09:00:00,DEBIT,680,154845.77,4
2025-08-31 09:00:00,P2P_TRANSFER,786,234023.35,3
2025-08-31 10:00:00,CREDIT,788,276949.33,6
2025-08-31 10:00:00,DEBIT,398,50305.66,0
2025-08-31 10:00:00,P2P_TRANSFER,633,130962.27,1
2025-08-31 11:00:00,CREDIT,552,158004.02,3
2025-08-31 11:00:00,DEBIT,573,110577.31,3
2025-08-31 11:00:00,P2P_TRANSFER,741,187181.22,3
2025-08-31 12:00:00,CREDIT,649,159264.14,3
2025-08-31 12:00:00,DEBIT,684,203694.94,4
2025-08-31 12:00:00,P2P_TRANSFER,444,83823.48,0
2025-08-31 13:00:00,CREDIT,355,81678.54,1
2025-08-31 13:00:00,DEBIT,237,35501.48,1
2025-08-31 13:00:00,P2P_TRANSFER,200,70713.38,0
2025-08-31 14:00:00,CREDIT,464,102545.79,3
2025-08-31 14:00:00,DEBIT,273,72943.99,0
2025-08-31 14:00:00,P2P_TRANSFER,382,74051.29,0
2025-08-31 15:00:00,CREDIT,566,107063.65,1
2025-08-31 15:00:00,DEBIT,370,64422.62,0
2025-08-31 15:00:00,P2P_TRANSFER,305,79606.2,1
2025-08-31 16:00:00,CREDIT,559,85684.88,3
2025-08-31 16:00:00,DEBIT,324,66523.28,4
2025-08-31 16:00:00,P2P_TRANSFER,595,161352.28,4
2025-08-31 17:00:00,CREDIT,714,268117.48,9
2025-08-31 17:00:00,DEBIT,501,113524.0,3
2025-08-31 17:00:00,P2P_TRANSFER,367,66255.72,0
2025-08-31 18:00:00,CREDIT,514,187878.72,4
2025-08-31 18:00:00,DEBIT,665,223688.42,6
2025-08-31 18:00:00,P2P_TRANSFER,669,179450.54,4
2025-08-31 19:00:00,CREDIT,782,182536.02,3
2025-08-31 19:00:00,DEBIT,399,91786.69,4
2025-08-31 19:00:00,P2P_TRANSFER,807,129764.34,1
2025-08-31 20:00:00,CREDIT,692,254606.36,7
2025-08-31 20:00:00,DEBIT,408,123146.44,3
2025-08-31 20:00:00,P2P_TRANSFER,555,100363.2,3
2025-08-31 21:00:00,CREDIT,680,181461.87,4
2025-08-31 21:00:00,DEBIT,367,137911.24,4
2025-08-31 21:00:00,P2P_TRANSFER,348,71938.64,3
2025-08-31 22:00:00,CREDIT,486,59303.02,3
2025-08-31 22:00:00,DEBIT,515,82681.42,3
2025-08-31 22:00:00,P2P_TRANSFER,404,53146.54,1
2025-08-31 23:00:00,CREDIT,278,34753.79,0
2025-08-31 23:00:00,DEBIT,344,33438.11,1
2025-08-31 23:00:00,P2P_TRANSFER,298,79380.87,1
2025-09-01 00:00:00,CREDIT,471,45145.67,1
2025-09-01 00:00:00,DEBIT,585,109711.44,3
2025-09-01 00:00:00,P2P_TRANSFER,663,171515.37,4
2025-09-01 01:00:00,CREDIT,574,64319.2,0
2025-09-01 01:00:00,DEBIT,459,139759.33,3
2025-09-01 01:00:00,P2P_TRANSFER,1040,275182.29,4
2025-09-01 02:00:00,CREDIT,954,229822.74,3
2025-09-01 02:00:00,DEBIT,796,237929.41,4
2025-09-01 02:00:00,P2P_TRANSFER,791,152428.02,4
2025-09-01 03:00:00,CREDIT,388,48643.72,1
2025-09-01 03:00:00,DEBIT,740,91037.14,3
2025-09-01 03:00:00,P2P_TRANSFER,457,72308.5,0
2025-09-01 04:00:00,CREDIT,418,150646.46,4
2025-09-01 04:00:00,DEBIT,474,121031.14,3
2025-09-01 04:00:00,P2P_TRANSFER,391,116781.93,1
2025-09-01 05:00:00,CREDIT,437,150731.05,3
2025-09-01 05:00:00,DEBIT,274,73828.58,3
2025-09-01 05:00:00,P2P_TRANSFER,184,48379.14,1
2025-09-01 06:00:00,CREDIT,301,63985.22,1
2025-09-01 06:00:00,DEBIT,227,26364.77,0
2025-09-01 06:00:00,P2P_TRANSFER,214,78931.35,3
2025-09-01 07:00:00,CREDIT,501,159617.21,6
2025-09-01 07:00:00,DEBIT,255,51588.33,0
2025-09-01 07:00:00,P2P_TRANSFER,394,50120.39,1
2025-09-01 08:00:00,CREDIT,408,123481.31,0
2025-09-01 08:00:00,DEBIT,367,86616.77,1
2025-09-01 08:00:00,P2P_TRANSFER,674,133076.3,3
2025-09-01 09:00:00,CREDIT,671,154922.53,1
2025-09-01 09:00:00,DEBIT,806,192534.65,3
2025-09-01 09:00:00,P2P_TRANSFER,570,207241.1,4
2025-09-01 10:00:00,CREDIT,531,153963.51,4
2025-09-01 10:00:00,DEBIT,871,336889.62,9
2025-09-01 10:00:00,P2P_TRANSFER,484,49621.58,1
2025-09-01 11:00:00,CREDIT,740,211410.49,4
2025-09-01 11:00:00,DEBIT,268,73007.78,0
2025-09-01 11:00:00,P2P_TRANSFER,615,241839.95,3
2025-09-01 12:00:00,CREDIT,460,119658.47,3
2025-09-01 12:00:00,DEBIT,532,126104.76,1
2025-09-01 12:00:00,P2P_TRANSFER,360,109088.91,3
2025-09-01 13:00:00,CREDIT,506,49342.19,3
2025-09-01 13:00:00,DEBIT,320,45001.25,3
2025-09-01 13:00:00,P2P_TRANSFER,278,88287.42,1
2025-09-01 14:00:00,CREDIT,435,85400.23,3
2025-09-01 14:00:00,DEBIT,275,72310.19,1
2025-09-01 14:00:00,P2P_TRANSFER,559,123711.1,3
2025-09-01 15:00:00,CREDIT,274,15928.38,0
2025-09-01 15:00:00,DEBIT,251,70171.34,0
2025-09-01 15:00:00,P2P_TRANSFER,75,16662.38,1
2025-09-01 16:00:00,CREDIT,238,47853.8,0
2025-09-01 16:00:00,DEBIT,855,198113.58,4
2025-09-01 16:00:00,P2P_TRANSFER,595,291755.2,6
2025-09-01 17:00:00,CREDIT,745,144207.63,4
2025-09-01 17:00:00,DEBIT,859,235547.9,4
2025-09-01 17:00:00,P2P_TRANSFER,784,105876.82,6
2025-09-01 18:00:00,CREDIT,623,222616.92,6
2025-09-01 18:00:00,DEBIT,794,216820.9,6
2025-09-01 18:00:00,P2P_TRANSFER,677,177101.04,6
2025-09-01 19:00:00,CREDIT,1157,400000.0,4
2025-09-01 19:00:00,DEBIT,455,136944.22,1
2025-09-01 19:00:00,P2P_TRANSFER,461,126063.62,1
2025-09-01 20:00:00,CREDIT,511,172952.02,3
2025-09-01 20:00:00,DEBIT,599,98376.62,3
2025-09-01 20:00:00,P2P_TRANSFER,552,118386.02,1
2025-09-01 21:00:00,CREDIT,370,92059.06,3
2025-09-01 21:00:00,DEBIT,479,111906.6,1
2025-09-01 21:00:00,P2P_TRANSFER,391,144299.02,1
2025-09-01 22:00:00,CREDIT,489,101032.37,0
2025-09-01 22:00:00,DEBIT,223,23175.5,3
2025-09-01 22:00:00,P2P_TRANSFER,525,128482.9,4
2025-09-01 23:00:00,CREDIT,382,75815.02,3
2025-09-01 23:00:00,DEBIT,436,132696.46,1
2025-09-01 23:00:00,P2P_TRANSFER,682,236921.42,3
2025-09-02 00:00:00,CREDIT,370,72052.06,3
2025-09-02 00:00:00,DEBIT,540,146959.95,3
2025-09-02 00:00:00,P2P_TRANSFER,498,84975.01,3
2025-09-02 01:00:00,CREDIT,861,146118.54,4
2025-09-02 01:00:00,DEBIT,743,118750.3,3
2025-09-02 01:00:00,P2P_TRANSFER,509,82801.8,3
2025-09-02 02:00:00,CREDIT,364,116581.07,3
2025-09-02 02:00:00,DEBIT,517,100489.33,3
2025-09-02 02:00:00,P2P_TRANSFER,720,253958.53,6
2025-09-02 03:00:00,CREDIT,959,181414.22,7
2025-09-02 03:00:00,DEBIT,295,71530.44,0
2025-09-02 03:00:00,P2P_TRANSFER,784,160577.63,3
2025-09-02 04:00:00,CREDIT,322,47655.3,3
2025-09-02 04:00:00,DEBIT,632,83456.22,4
2025-09-02 04:00:00,P2P_TRANSFER,345,100902.06,0
2025-09-02 05:00:00,CREDIT,615,80982.26,1
2025-09-02 05:00:00,DEBIT,286,38437.02,3
2025-09-02 05:00:00,P2P_TRANSFER,294,66973.91,1
2025-09-02 06:00:00,CREDIT,430,85412.13,3
2025-09-02 06:00:00,DEBIT,420,92499.96,3
2025-09-02 06:00:00,P2P_TRANSFER,399,57461.32,0
2025-09-02 07:00:00,CREDIT,367,42264.9,1
2025-09-02 07:00:00,DEBIT,611,148007.74,0
2025-09-02 07:00:00,P2P_TRANSFER,309,102860.62,0
2025-09-02 08:00:00,CREDIT,446,113735.92,1
2025-09-02 08:00:00,DEBIT,326,69103.49,0
2025-09-02 08:00:00,P2P_TRANSFER,529,137896.87,3
2025-09-02 09:00:00,CREDIT,701,229948.5,4
2025-09-02 09:00:00,DEBIT,521,76529.53,1
2025-09-02 09:00:00,P2P_TRANSFER,591,243435.78,6
2025-09-02 10:00:00,CREDIT,1032,183222.35,4
2025-09-02 10:00:00,DEBIT,296,49820.91,1
2025-09-02 10:00:00,P2P_TRANSFER,704,222228.41,3
2025-09-02 11:00:00,CREDIT,493,102687.47,0
2025-09-02 11:00:00,DEBIT,640,84242.5,3
2025-09-02 11:00:00,P2P_TRANSFER,473,149054.42,4
2025-09-02 12:00:00,CREDIT,381,74524.65,1
2025-09-02 12:00:00,DEBIT,236,41451.53,1
2025-09-02 12:00:00,P2P_TRANSFER,480,144469.58,0
2025-09-02 13:00:00,CREDIT,395,92383.73,3
2025-09-02 13:00:00,DEBIT,412,141632.05,1
2025-09-02 13:00:00,P2P_TRANSFER,425,68087.22,3
2025-09-02 14:00:00,CREDIT,283,56515.43,1
2025-09-02 14:00:00,DEBIT,330,98893.18,1
2025-09-02 14:00:00,P2P_TRANSFER,425,102913.62,1
2025-09-02 15:00:00,CREDIT,616,242748.02,1
2025-09-02 15:00:00,DEBIT,442,150529.58,1
2025-09-02 15:00:00,P2P_TRANSFER,488,64064.58,3
2025-09-02 16:00:00,CREDIT,519,116424.51,1
2025-09-02 16:00:00,DEBIT,273,49969.33,1
2025-09-02 16:00:00,P2P_TRANSFER,687,176939.87,1
2025-09-02 17:00:00,CREDIT,616,129679.22,3
2025-09-02 17:00:00,DEBIT,753,267994.13,3
2025-09-02 17:00:00,P2P_TRANSFER,722,298967.08,6
2025-09-02 18:00:00,CREDIT,962,197845.42,4
2025-09-02 18:00:00,DEBIT,446,31725.68,3
2025-09-02 18:00:00,P2P_TRANSFER,519,224719.62,3
2025-09-02 19:00:00,CREDIT,444,128089.02,3
2025-09-02 19:00:00,DEBIT,357,67178.88,0
2025-09-02 19:00:00,P2P_TRANSFER,444,101546.42,1
2025-09-02 20:00:00,CREDIT,431,122218.62,3
2025-09-02 20:00:00,DEBIT,376,103334.41,0
2025-09-02 20:00:00,P2P_TRANSFER,581,151799.26,4
2025-09-02 21:00:00,CREDIT,352,123831.41,3
2025-09-02 21:00:00,DEBIT,278,38630.46,1
2025-09-02 21:00:00,P2P_TRANSFER,346,77095.54,3
2025-09-02 22:00:00,CREDIT,444,50932.87,1
2025-09-02 22:00:00,DEBIT,326,77430.09,3
2025-09-02 22:00:00,P2P_TRANSFER,461,103865.08,0
2025-09-02 23:00:00,CREDIT,464,130621.17,4
2025-09-02 23:00:00,DEBIT,538,134208.86,4
2025-09-02 23:00:00,P2P_TRANSFER,446,98090.62,1
2025-09-03 00:00:00,CREDIT,550,124715.17,1
2025-09-03 00:00:00,DEBIT,686,225733.98,4
2025-09-03 00:00:00,P2P_TRANSFER,317,67128.43,0
2025-09-03 01:00:00,CREDIT,678,229669.69,3
2025-09-03 01:00:00,DEBIT,859,76765.98,1
2025-09-03 01:00:00,P2P_TRANSFER,831,158553.59,6
2025-09-03 02:00:00,CREDIT,409,89482.55,0
2025-09-03 02:00:00,DEBIT,634,190317.24,1
2025-09-03 02:00:00,P2P_TRANSFER,651,105672.67,4
2025-09-03 03:00:00,CREDIT,638,121050.81,1
2025-09-03 03:00:00,DEBIT,616,105664.54,4
2025-09-03 03:00:00,P2P_TRANSFER,684,97810.5,1
2025-09-03 04:00:00,CREDIT,607,210928.09,1
2025-09-03 04:00:00,DEBIT,376,31936.08,0
2025-09-03 04:00:00,P2P_TRANSFER,422,96276.32,4
2025-09-03 05:00:00,CREDIT,361,48078.08,1
2025-09-03 05:00:00,DEBIT,296,22613.82,1
2025-09-03 05:00:00,P2P_TRANSFER,508,153337.88,3
2025-09-03 06:00:00,CREDIT,289,55801.06,1
2025-09-03 06:00:00,DEBIT,240,40373.28,3
2025-09-03 06:00:00,P2P_TRANSFER,210,18423.86,3
2025-09-03 07:00:00,CREDIT,338,73912.06,3
2025-09-03 07:00:00,DEBIT,586,148219.99,1
2025-09-03 07:00:00,P2P_TRANSFER,325,82520.18,3
2025-09-03 08:00:00,CREDIT,526,124602.7,0
2025-09-03 08:00:00,DEBIT,572,158902.08,4
2025-09-03 08:00:00,P2P_TRANSFER,559,116182.84,0
2025-09-03 09:00:00,CREDIT,826,286242.78,6
2025-09-03 09:00:00,DEBIT,588,119268.98,4
2025-09-03 09:00:00,P2P_TRANSFER,976,263830.18,7
2025-09-03 10:00:00,CREDIT,591,56152.64,1
2025-09-03 10:00:00,DEBIT,441,95619.94,1
2025-09-03 10:00:00,P2P_TRANSFER,975,302359.62,7
2025-09-03 11:00:00,CREDIT,598,209487.28,4
2025-09-03 11:00:00,DEBIT,97,21966.09,1
2025-09-03 11:00:00,P2P_TRANSFER,591,182560.7,3
2025-09-03 12:00:00,CREDIT,764,266475.1,4
2025-09-03 12:00:00,DEBIT,311,99967.06,1
2025-09-03 12:00:00,P2P_TRANSFER,362,84926.95,3
2025-09-03 13:00:00,CREDIT,547,87853.26,3
2025-09-03 13:00:00,DEBIT,418,61074.24,3
2025-09-03 13:00:00,P2P_TRANSFER,239,55278.56,1
2025-09-03 14:00:00,CREDIT,153,21709.9,0
2025-09-03 14:00:00,DEBIT,365,43657.74,1
2025-09-03 14:00:00,P2P_TRANSFER,277,102269.0,3
2025-09-03 15:00:00,CREDIT,321,56164.98,3
2025-09-03 15:00:00,DEBIT,524,157626.81,1
2025-09-03 15:00:00,P2P_TRANSFER,466,111134.27,3
2025-09-03 16:00:00,CREDIT,362,59964.69,3
2025-09-03 16:00:00,DEBIT,703,311543.19,6
2025-09-03 16:00:00,P2P_TRANSFER,574,132293.3,3
2025-09-03 17:00:00,CREDIT,412,79681.59,3
2025-09-03 17:00:00,DEBIT,575,89851.65,3
2025-09-03 17:00:00,P2P_TRANSFER,622,170894.61,6
2025-09-03 18:00:00,CREDIT,1081,227655.16,3
2025-09-03 18:00:00,DEBIT,865,333069.81,4
2025-09-03 18:00:00,P2P_TRANSFER,1156,314053.62,7
2025-09-03 19:00:00,CREDIT,649,223372.9,4
2025-09-03 19:00:00,DEBIT,654,153202.79,4
2025-09-03 19:00:00,P2P_TRANSFER,597,186417.66,3
2025-09-03 20:00:00,CREDIT,357,55289.28,1
2025-09-03 20:00:00,DEBIT,546,34756.9,1
2025-09-03 20:00:00,P2P_TRANSFER,140,56593.95,1
2025-09-03 21:00:00,CREDIT,659,93621.17,3
2025-09-03 21:00:00,DEBIT,400,106447.4,1
2025-09-03 21:00:00,P2P_TRANSFER,429,95766.9,1
2025-09-03 22:00:00,CREDIT,291,58800.76,1
2025-09-03 22:00:00,DEBIT,243,68203.05,1
2025-09-03 22:00:00,P2P_TRANSFER,303,62843.56,0
2025-09-03 23:00:00,CREDIT,246,78721.73,1
2025-09-03 23:00:00,DEBIT,452,129125.36,3
2025-09-03 23:00:00,P2P_TRANSFER,536,111607.52,1
2025-09-04 00:00:00,CREDIT,466,181807.39,1
2025-09-04 00:00:00,DEBIT,599,153737.99,6
2025-09-04 00:00:00,P2P_TRANSFER,610,165853.89,1
2025-09-04 01:00:00,CREDIT,649,178953.61,3
2025-09-04 01:00:00,DEBIT,908,314368.98,6
2025-09-04 01:00:00,P2P_TRANSFER,119,35224.08,0
2025-09-04 02:00:00,CREDIT,553,91023.58,3
2025-09-04 02:00:00,DEBIT,769,69828.14,4
2025-09-04 02:00:00,P2P_TRANSFER,454,195134.53,0
2025-09-04 03:00:00,CREDIT,571,101686.33,3
2025-09-04 03:00:00,DEBIT,416,95069.62,3
2025-09-04 03:00:00,P2P_TRANSFER,504,234172.46,4
2025-09-04 04:00:00,CREDIT,502,98761.79,1
2025-09-04 04:00:00,DEBIT,613,83761.15,0
2025-09-04 04:00:00,P2P_TRANSFER,575,189857.48,1
2025-09-04 05:00:00,CREDIT,632,83298.33,3
2025-09-04 05:00:00,DEBIT,341,78954.99,3
2025-09-04 05:00:00,P2P_TRANSFER,271,76781.21,0
2025-09-04 06:00:00,CREDIT,334,107193.11,0
2025-09-04 06:00:00,DEBIT,371,125966.21,3
2025-09-04 06:00:00,P2P_TRANSFER,247,70010.64,0
2025-09-04 07:00:00,CREDIT,423,109864.16,0
2025-09-04 07:00:00,DEBIT,478,70976.8,0
2025-09-04 07:00:00,P2P_TRANSFER,420,116028.93,3
2025-09-04 08:00:00,CREDIT,328,80853.99,1
2025-09-04 08:00:00,DEBIT,488,121954.18,1
2025-09-04 08:00:00,P2P_TRANSFER,527,123832.3,3
2025-09-04 09:00:00,CREDIT,778,86728.79,4
2025-09-04 09:00:00,DEBIT,570,76273.43,1
2025-09-04 09:00:00,P2P_TRANSFER,629,184782.6,3
2025-09-04 10:00:00,CREDIT,734,145369.72,3
2025-09-04 10:00:00,DEBIT,853,241266.42,6
2025-09-04 10:00:00,P2P_TRANSFER,762,254395.54,6
2025-09-04 11:00:00,CREDIT,781,43084.08,3
2025-09-04 11:00:00,DEBIT,350,81062.38,1
2025-09-04 11:00:00,P2P_TRANSFER,528,78669.37,3
2025-09-04 12:00:00,CREDIT,634,169678.12,4
2025-09-04 12:00:00,DEBIT,275,57199.21,3
2025-09-04 12:00:00,P2P_TRANSFER,523,114340.98,4
2025-09-04 13:00:00,CREDIT,608,173332.62,1
2025-09-04 13:00:00,DEBIT,256,61386.77,0
2025-09-04 13:00:00,P2P_TRANSFER,344,108001.05,3
2025-09-04 14:00:00,CREDIT,479,173963.35,3
2025-09-04 14:00:00,DEBIT,411,126573.45,6
2025-09-04 14:00:00,P2P_TRANSFER,553,132864.4,6
2025-09-04 15:00:00,CREDIT,611,106678.12,1
2025-09-04 15:00:00,DEBIT,357,86495.95,3
2025-09-04 15:00:00,P2P_TRANSFER,698,261776.36,6
2025-09-04 16:00:00,CREDIT,354,96839.21,3
2025-09-04 16:00:00,DEBIT,782,190593.98,6
2025-09-04 16:00:00,P2P_TRANSFER,526,138843.6,1
2025-09-04 17:00:00,CREDIT,855,91560.88,3
2025-09-04 17:00:00,DEBIT,611,123342.98,3
2025-09-04 17:00:00,P2P_TRANSFER,266,89408.12,1
2025-09-04 18:00:00,CREDIT,733,288608.47,4
2025-09-04 18:00:00,DEBIT,648,167679.48,3
2025-09-04 18:00:00,P2P_TRANSFER,566,165676.53,3
2025-09-04 19:00:00,CREDIT,853,212860.85,3
2025-09-04 19:00:00,DEBIT,592,126944.21,3
2025-09-04 19:00:00,P2P_TRANSFER,787,219403.0,6
2025-09-04 20:00:00,CREDIT,445,117940.77,4
2025-09-04 20:00:00,DEBIT,323,67909.87,3
2025-09-04 20:00:00,P2P_TRANSFER,278,76059.77,3
2025-09-04 21:00:00,CREDIT,249,25175.17,1
2025-09-04 21:00:00,DEBIT,178,23043.56,0
2025-09-04 21:00:00,P2P_TRANSFER,416,67979.41,0
2025-09-04 22:00:00,CREDIT,333,69029.82,1
2025-09-04 22:00:00,DEBIT,473,98231.48,3
2025-09-04 22:00:00,P2P_TRANSFER,356,75263.29,0
2025-09-04 23:00:00,CREDIT,519,54605.99,1
2025-09-04 23:00:00,DEBIT,403,86132.07,1
2025-09-04 23:00:00,P2P_TRANSFER,423,78091.97,0
2025-09-05 00:00:00,CREDIT,774,161057.34,3
2025-09-05 00:00:00,DEBIT,322,104652.64,0
2025-09-05 00:00:00,P2P_TRANSFER,735,238634.17,3
2025-09-05 01:00:00,CREDIT,393,58958.2,1
2025-09-05 01:00:00,DEBIT,695,107477.2,1
2025-09-05 01:00:00,P2P_TRANSFER,525,148270.24,1
2025-09-05 02:00:00,CREDIT,805,148293.98,4
2025-09-05 02:00:00,DEBIT,737,189398.7,3
2025-09-05 02:00:00,P2P_TRANSFER,510,30449.98,0
2025-09-05 03:00:00,CREDIT,486,70440.99,1
2025-09-05 03:00:00,DEBIT,429,84375.16,3
2025-09-05 03:00:00,P2P_TRANSFER,512,144753.09,3
2025-09-05 04:00:00,CREDIT,318,96603.81,0
2025-09-05 04:00:00,DEBIT,578,139192.5,3
2025-09-05 04:00:00,P2P_TRANSFER,555,116611.04,6
2025-09-05 05:00:00,CREDIT,369,122614.94,4
2025-09-05 05:00:00,DEBIT,446,129512.12,3
2025-09-05 05:00:00,P2P_TRANSFER,579,207974.26,6
2025-09-05 06:00:00,CREDIT,237,92023.94,0
2025-09-05 06:00:00,DEBIT,500,143168.37,0
2025-09-05 06:00:00,P2P_TRANSFER,372,88876.84,1
2025-09-05 07:00:00,CREDIT,369,72528.74,0
2025-09-05 07:00:00,DEBIT,456,96488.64,0
2025-09-05 07:00:00,P2P_TRANSFER,475,130837.09,1
2025-09-05 08:00:00,CREDIT,582,185581.39,6
2025-09-05 08:00:00,DEBIT,197,17400.3,0
2025-09-05 08:00:00,P2P_TRANSFER,874,149254.65,4
2025-09-05 09:00:00,CREDIT,724,194868.13,3
2025-09-05 09:00:00,DEBIT,563,45764.92,3
2025-09-05 09:00:00,P2P_TRANSFER,895,120938.34,4
2025-09-05 10:00:00,CREDIT,820,95538.94,1
2025-09-05 10:00:00,DEBIT,1043,284351.14,7
2025-09-05 10:00:00,P2P_TRANSFER,703,146724.26,1
2025-09-05 11:00:00,CREDIT,567,180196.34,4
2025-09-05 11:00:00,DEBIT,439,10147.55,3
2025-09-05 11:00:00,P2P_TRANSFER,492,86272.52,3
2025-09-05 12:00:00,CREDIT,435,119322.49,1
2025-09-05 12:00:00,DEBIT,480,101747.25,1
2025-09-05 12:00:00,P2P_TRANSFER,421,68537.52,3
2025-09-05 13:00:00,CREDIT,525,129935.59,1
2025-09-05 13:00:00,DEBIT,445,127214.1,3
2025-09-05 13:00:00,P2P_TRANSFER,373,31456.06,1
2025-09-05 14:00:00,CREDIT,317,49354.54,3
2025-09-05 14:00:00,DEBIT,361,29628.1,1
2025-09-05 14:00:00,P2P_TRANSFER,291,63024.94,3
2025-09-05 15:00:00,CREDIT,538,184084.78,1
2025-09-05 15:00:00,DEBIT,478,97351.68,3
2025-09-05 15:00:00,P2P_TRANSFER,469,91192.53,1
2025-09-05 16:00:00,CREDIT,586,173599.12,4
2025-09-05 16:00:00,DEBIT,505,142882.07,1
2025-09-05 16:00:00,P2P_TRANSFER,596,92354.1,0
2025-09-05 17:00:00,CREDIT,719,167679.63,3
2025-09-05 17:00:00,DEBIT,671,171113.26,6
2025-09-05 17:00:00,P2P_TRANSFER,940,268635.52,6
2025-09-05 18:00:00,CREDIT,436,138792.54,3
2025-09-05 18:00:00,DEBIT,736,304026.92,4
2025-09-05 18:00:00,P2P_TRANSFER,818,255933.33,3
2025-09-05 19:00:00,CREDIT,674,161079.31,3
2025-09-05 19:00:00,DEBIT,401,132335.68,0
2025-09-05 19:00:00,P2P_TRANSFER,215,36108.51,0
2025-09-05 20:00:00,CREDIT,680,224288.37,9
2025-09-05 20:00:00,DEBIT,295,88733.94,0
2025-09-05 20:00:00,P2P_TRANSFER,456,118661.13,4
2025-09-05 21:00:00,CREDIT,392,70363.18,3
2025-09-05 21:00:00,DEBIT,311,94899.14,3
2025-09-05 21:00:00,P2P_TRANSFER,566,79354.98,1
2025-09-05 22:00:00,CREDIT,275,76389.08,0
2025-09-05 22:00:00,DEBIT,520,114460.78,1
2025-09-05 22:00:00,P2P_TRANSFER,310,63641.29,0
2025-09-05 23:00:00,CREDIT,379,91356.4,3
2025-09-05 23:00:00,DEBIT,488,114429.42,3
2025-09-05 23:00:00,P2P_TRANSFER,548,212658.61,1
2025-09-06 00:00:00,CREDIT,559,150878.52,0
2025-09-06 00:00:00,DEBIT,553,129842.01,0
2025-09-06 00:00:00,P2P_TRANSFER,571,150442.98,0
2025-09-06 01:00:00,CREDIT,539,141202.65,0
2025-09-06 01:00:00,DEBIT,736,88040.17,3
2025-09-06 01:00:00,P2P_TRANSFER,838,178278.97,4
2025-09-06 02:00:00,CREDIT,526,118087.74,4
2025-09-06 02:00:00,DEBIT,800,196832.38,1
2025-09-06 02:00:00,P2P_TRANSFER,436,101586.91,1
2025-09-06 03:00:00,CREDIT,481,151788.18,4
2025-09-06 03:00:00,DEBIT,459,141896.9,1
2025-09-06 03:00:00,P2P_TRANSFER,548,96238.24,4
2025-09-06 04:00:00,CREDIT,550,138885.46,3
2025-09-06 04:00:00,DEBIT,622,114842.9,1
2025-09-06 04:00:00,P2P_TRANSFER,386,112458.06,0
2025-09-06 05:00:00,CREDIT,168,31940.27,3
2025-09-06 05:00:00,DEBIT,435,88369.37,1
2025-09-06 05:00:00,P2P_TRANSFER,415,105644.75,1
2025-09-06 06:00:00,CREDIT,453,98204.71,4
2025-09-06 06:00:00,DEBIT,322,79276.08,1
2025-09-06 06:00:00,P2P_TRANSFER,477,145936.16,0
2025-09-06 07:00:00,CREDIT,340,36566.4,0
2025-09-06 07:00:00,DEBIT,224,28109.67,3
2025-09-06 07:00:00,P2P_TRANSFER,570,118818.5,3
2025-09-06 08:00:00,CREDIT,484,163404.24,1
2025-09-06 08:00:00,DEBIT,751,124045.16,3
2025-09-06 08:00:00,P2P_TRANSFER,811,220960.88,6
2025-09-06 09:00:00,CREDIT,534,72886.98,1
2025-09-06 09:00:00,DEBIT,909,262566.54,6
2025-09-06 09:00:00,P2P_TRANSFER,753,248322.29,4
2025-09-06 10:00:00,CREDIT,661,161466.37,0
2025-09-06 10:00:00,DEBIT,780,106052.74,3
2025-09-06 10:00:00,P2P_TRANSFER,361,133177.85,1
2025-09-06 11:00:00,CREDIT,632,150135.76,4
2025-09-06 11:00:00,DEBIT,673,170485.74,4
2025-09-06 11:00:00,P2P_TRANSFER,449,100249.37,4
2025-09-06 12:00:00,CREDIT,396,67195.58,4
2025-09-06 12:00:00,DEBIT,423,146701.66,4
2025-09-06 12:00:00,P2P_TRANSFER,384,54248.06,1
2025-09-06 13:00:00,CREDIT,293,77959.2,3
2025-09-06 13:00:00,DEBIT,412,63792.22,3
2025-09-06 13:00:00,P2P_TRANSFER,245,39551.46,1
2025-09-06 14:00:00,CREDIT,274,58084.27,1
2025-09-06 14:00:00,DEBIT,383,116876.18,1
2025-09-06 14:00:00,P2P_TRANSFER,503,48837.63,3
2025-09-06 15:00:00,CREDIT,339,101371.58,3
2025-09-06 15:00:00,DEBIT,265,81095.38,4
2025-09-06 15:00:00,P2P_TRANSFER,412,38866.96,3
2025-09-06 16:00:00,CREDIT,329,66173.16,3
2025-09-06 16:00:00,DEBIT,735,215926.17,4
2025-09-06 16:00:00,P2P_TRANSFER,707,156262.66,1
2025-09-06 17:00:00,CREDIT,238,78706.81,1
2025-09-06 17:00:00,DEBIT,647,224406.18,6
2025-09-06 17:00:00,P2P_TRANSFER,876,153635.88,1
2025-09-06 18:00:00,CREDIT,910,178775.07,1
2025-09-06 18:00:00,DEBIT,326,77901.74,3
2025-09-06 18:00:00,P2P_TRANSFER,612,182001.34,1
2025-09-06 19:00:00,CREDIT,388,79404.86,0
2025-09-06 19:00:00,DEBIT,528,124909.46,1
2025-09-06 19:00:00,P2P_TRANSFER,603,177988.98,4
2025-09-06 20:00:00,CREDIT,575,125817.72,3
2025-09-06 20:00:00,DEBIT,291,86489.2,3
2025-09-06 20:00:00,P2P_TRANSFER,380,87876.34,1
2025-09-06 21:00:00,CREDIT,471,127945.94,3
2025-09-06 21:00:00,DEBIT,423,8000.0,1
2025-09-06 21:00:00,P2P_TRANSFER,341,60108.33,3
2025-09-06 22:00:00,CREDIT,497,151966.4,1
2025-09-06 22:00:00,DEBIT,373,107117.24,6
2025-09-06 22:00:00,P2P_TRANSFER,564,100940.82,3
2025-09-06 23:00:00,CREDIT,427,70123.67,1
2025-09-06 23:00:00,DEBIT,482,139223.31,4
2025-09-06 23:00:00,P2P_TRANSFER,487,127798.86,6
2025-09-07 00:00:00,CREDIT,489,80841.47,1
2025-09-07 00:00:00,DEBIT,417,152606.16,4
2025-09-07 00:00:00,P2P_TRANSFER,460,67811.33,0
2025-09-07 01:00:00,CREDIT,706,211056.7,6
2025-09-07 01:00:00,DEBIT,479,47702.98,1
2025-09-07 01:00:00,P2P_TRANSFER,694,160777.61,6
2025-09-07 02:00:00,CREDIT,207,52247.41,3
2025-09-07 02:00:00,DEBIT,532,81123.39,1
2025-09-07 02:00:00,P2P_TRANSFER,660,110826.65,3
2025-09-07 03:00:00,CREDIT,460,88314.62,3
2025-09-07 03:00:00,DEBIT,358,59800.82,3
2025-09-07 03:00:00,P2P_TRANSFER,50,14617.0,1
2025-09-07 04:00:00,CREDIT,424,130387.86,4
2025-09-07 04:00:00,DEBIT,445,90853.65,1
2025-09-07 04:00:00,P2P_TRANSFER,411,85580.18,4
2025-09-07 05:00:00,CREDIT,329,59780.17,3
2025-09-07 05:00:00,DEBIT,342,84231.28,3
2025-09-07 05:00:00,P2P_TRANSFER,290,90593.39,3
2025-09-07 06:00:00,CREDIT,440,107696.89,3
2025-09-07 06:00:00,DEBIT,490,120390.02,1
2025-09-07 06:00:00,P2P_TRANSFER,328,87798.02,1
2025-09-07 07:00:00,CREDIT,486,121282.18,1
2025-09-07 07:00:00,DEBIT,386,70106.16,1
2025-09-07 07:00:00,P2P_TRANSFER,343,26161.81,1
2025-09-07 08:00:00,CREDIT,406,86948.3,1
2025-09-07 08:00:00,DEBIT,460,119665.25,3
2025-09-07 08:00:00,P2P_TRANSFER,388,116203.1,3
2025-09-07 09:00:00,CREDIT,613,158665.49,4
2025-09-07 09:00:00,DEBIT,473,139543.62,3
2025-09-07 09:00:00,P2P_TRANSFER,810,147281.18,6
2025-09-07 10:00:00,CREDIT,233,88654.2,3
2025-09-07 10:00:00,DEBIT,617,158911.42,3
2025-09-07 10:00:00,P2P_TRANSFER,576,96691.62,4
2025-09-07 11:00:00,CREDIT,342,67681.98,0
2025-09-07 11:00:00,DEBIT,708,230247.66,4
2025-09-07 11:00:00,P2P_TRANSFER,407,171182.82,7
2025-09-07 12:00:00,CREDIT,529,207014.7,3
2025-09-07 12:00:00,DEBIT,385,103630.74,6
2025-09-07 12:00:00,P2P_TRANSFER,475,95526.67,1
2025-09-07 13:00:00,CREDIT,400,135760.72,1
2025-09-07 13:00:00,DEBIT,278,77291.47,6
2025-09-07 13:00:00,P2P_TRANSFER,297,13801.02,3
2025-09-07 14:00:00,CREDIT,394,58281.57,3
2025-09-07 14:00:00,DEBIT,419,151215.91,4
2025-09-07 14:00:00,P2P_TRANSFER,449,116668.14,3
2025-09-07 15:00:00,CREDIT,465,78306.46,3
2025-09-07 15:00:00,DEBIT,492,122238.79,1
2025-09-07 15:00:00,P2P_TRANSFER,431,120692.24,3
2025-09-07 16:00:00,CREDIT,508,143064.88,1
2025-09-07 16:00:00,DEBIT,547,155368.4,6
2025-09-07 16:00:00,P2P_TRANSFER,804,243251.41,4
2025-09-07 17:00:00,CREDIT,683,128654.81,3
2025-09-07 17:00:00,DEBIT,784,208075.0,7
2025-09-07 17:00:00,P2P_TRANSFER,735,276716.1,1
2025-09-07 18:00:00,CREDIT,516,165973.97,0
2025-09-07 18:00:00,DEBIT,689,43141.48,1
2025-09-07 18:00:00,P2P_TRANSFER,527,214779.91,6
2025-09-07 19:00:00,CREDIT,446,59092.98,0
2025-09-07 19:00:00,DEBIT,499,68074.76,1
2025-09-07 19:00:00,P2P_TRANSFER,789,187783.54,3
2025-09-07 20:00:00,CREDIT,389,84568.76,1
2025-09-07 20:00:00,DEBIT,440,98390.2,6
2025-09-07 20:00:00,P2P_TRANSFER,414,111070.45,3
2025-09-07 21:00:00,CREDIT,484,133119.39,1
2025-09-07 21:00:00,DEBIT,462,93111.53,1
2025-09-07 21:00:00,P2P_TRANSFER,476,158995.46,4
2025-09-07 22:00:00,CREDIT,624,139146.78,4
2025-09-07 22:00:00,DEBIT,377,83840.84,3
2025-09-07 22:00:00,P2P_TRANSFER,429,109970.43,0
2025-09-07 23:00:00,CREDIT,485,71996.01,1
2025-09-07 23:00:00,DEBIT,529,213514.45,4
2025-09-07 23:00:00,P2P_TRANSFER,479,177471.17,4
2025-09-08 00:00:00,CREDIT,572,101656.84,0
2025-09-08 00:00:00,DEBIT,528,205157.9,0
2025-09-08 00:00:00,P2P_TRANSFER,463,97425.36,1
2025-09-08 01:00:00,CREDIT,608,118825.86,1
2025-09-08 01:00:00,DEBIT,603,186886.94,3
2025-09-08 01:00:00,P2P_TRANSFER,478,25103.43,3
2025-09-08 02:00:00,CREDIT,653,110883.52,4
2025-09-08 02:00:00,DEBIT,800,243364.28,7
2025-09-08 02:00:00,P2P_TRANSFER,664,58622.2,4
2025-09-08 03:00:00,CREDIT,587,220443.47,4
2025-09-08 03:00:00,DEBIT,701,181009.15,6
2025-09-08 03:00:00,P2P_TRANSFER,372,55397.22,0
2025-09-08 04:00:00,CREDIT,50,8000.0,0
2025-09-08 04:00:00,DEBIT,682,161836.46,4
2025-09-08 04:00:00,P2P_TRANSFER,502,86423.17,3
2025-09-08 05:00:00,CREDIT,464,74758.9,4
2025-09-08 05:00:00,DEBIT,358,45595.28,0
2025-09-08 05:00:00,P2P_TRANSFER,289,90639.58,3
2025-09-08 06:00:00,CREDIT,485,92844.36,1
2025-09-08 06:00:00,DEBIT,66,8000.0,0
2025-09-08 06:00:00,P2P_TRANSFER,81,21541.06,1
2025-09-08 07:00:00,CREDIT,545,217140.93,4
2025-09-08 07:00:00,DEBIT,493,92300.06,3
2025-09-08 07:00:00,P2P_TRANSFER,400,81125.1,1
2025-09-08 08:00:00,CREDIT,536,138088.75,3
2025-09-08 08:00:00,DEBIT,268,44456.38,0
2025-09-08 08:00:00,P2P_TRANSFER,461,114941.19,6
2025-09-08 09:00:00,CREDIT,291,78104.39,3
2025-09-08 09:00:00,DEBIT,714,157249.46,4
2025-09-08 09:00:00,P2P_TRANSFER,571,122921.0,4
2025-09-08 10:00:00,CREDIT,525,143976.06,1
2025-09-08 10:00:00,DEBIT,787,291321.44,7
2025-09-08 10:00:00,P2P_TRANSFER,903,197080.96,1
2025-09-08 11:00:00,CREDIT,487,147608.18,3
2025-09-08 11:00:00,DEBIT,536,57575.94,0
2025-09-08 11:00:00,P2P_TRANSFER,578,142006.22,3
2025-09-08 12:00:00,CREDIT,263,47328.43,0
2025-09-08 12:00:00,DEBIT,624,113111.76,3
2025-09-08 12:00:00,P2P_TRANSFER,433,105925.31,0
2025-09-08 13:00:00,CREDIT,427,137150.0,0
2025-09-08 13:00:00,DEBIT,438,123683.69,3
2025-09-08 13:00:00,P2P_TRANSFER,330,66391.38,1
2025-09-08 14:00:00,CREDIT,412,144640.49,1
2025-09-08 14:00:00,DEBIT,266,25166.31,1
2025-09-08 14:00:00,P2P_TRANSFER,555,164451.35,4
2025-09-08 15:00:00,CREDIT,245,71166.78,1
2025-09-08 15:00:00,DEBIT,313,64668.62,3
2025-09-08 15:00:00,P2P_TRANSFER,377,20843.34,1
2025-09-08 16:00:00,CREDIT,781,222701.71,3
2025-09-08 16:00:00,DEBIT,624,194617.95,4
2025-09-08 16:00:00,P2P_TRANSFER,407,114769.01,3
2025-09-08 17:00:00,CREDIT,712,224545.26,6
2025-09-08 17:00:00,DEBIT,520,140102.46,3
2025-09-08 17:00:00,P2P_TRANSFER,356,121287.92,1
2025-09-08 18:00:00,CREDIT,609,114207.95,0
2025-09-08 18:00:00,DEBIT,624,129625.08,4
2025-09-08 18:00:00,P2P_TRANSFER,742,196513.94,1
2025-09-08 19:00:00,CREDIT,64,11678.57,0
2025-09-08 19:00:00,DEBIT,500,94947.95,3
2025-09-08 19:00:00,P2P_TRANSFER,683,252239.0,4
2025-09-08 20:00:00,CREDIT,650,111706.24,3
2025-09-08 20:00:00,DEBIT,817,124112.59,4
2025-09-08 20:00:00,P2P_TRANSFER,559,94119.85,3
2025-09-08 21:00:00,CREDIT,343,57773.99,3
2025-09-08 21:00:00,DEBIT,529,36725.33,1
2025-09-08 21:00:00,P2P_TRANSFER,387,57597.23,3
2025-09-08 22:00:00,CREDIT,508,153042.82,4
2025-09-08 22:00:00,DEBIT,361,121246.25,6
2025-09-08 22:00:00,P2P_TRANSFER,462,65796.36,3
2025-09-08 23:00:00,CREDIT,467,164083.66,3
2025-09-08 23:00:00,DEBIT,546,178076.85,1
2025-09-08 23:00:00,P2P_TRANSFER,599,182410.63,3
2025-09-09 00:00:00,CREDIT,426,82933.81,0
2025-09-09 00:00:00,DEBIT,512,127588.38,4
2025-09-09 00:00:00,P2P_TRANSFER,353,50226.18,3
2025-09-09 01:00:00,CREDIT,625,174476.65,3
2025-09-09 01:00:00,DEBIT,411,66278.91,1
2025-09-09 01:00:00,P2P_TRANSFER,565,38995.39,0
2025-09-09 02:00:00,CREDIT,464,133698.03,1
2025-09-09 02:00:00,DEBIT,639,93973.7,6
2025-09-09 02:00:00,P2P_TRANSFER,915,221372.54,3
2025-09-09 03:00:00,CREDIT,267,54938.29,1
2025-09-09 03:00:00,DEBIT,691,109578.54,3
2025-09-09 03:00:00,P2P_TRANSFER,401,148325.87,0
2025-09-09 04:00:00,CREDIT,395,88458.04,4
2025-09-09 04:00:00,DEBIT,453,74875.42,3
2025-09-09 04:00:00,P2P_TRANSFER,557,154218.5,4
2025-09-09 05:00:00,CREDIT,469,103624.77,4
2025-09-09 05:00:00,DEBIT,219,41964.95,1
2025-09-09 05:00:00,P2P_TRANSFER,357,88033.08,1
2025-09-09 06:00:00,CREDIT,271,58413.96,3
2025-09-09 06:00:00,DEBIT,482,50788.44,4
2025-09-09 06:00:00,P2P_TRANSFER,480,104531.74,7
2025-09-09 07:00:00,CREDIT,500,128776.38,3
2025-09-09 07:00:00,DEBIT,333,73201.33,1
2025-09-09 07:00:00,P2P_TRANSFER,346,93989.9,1
2025-09-09 08:00:00,CREDIT,584,161189.85,3
2025-09-09 08:00:00,DEBIT,754,207069.67,0
2025-09-09 08:00:00,P2P_TRANSFER,482,70339.17,0
2025-09-09 09:00:00,CREDIT,514,195972.83,1
2025-09-09 09:00:00,DEBIT,720,219166.0,4
2025-09-09 09:00:00,P2P_TRANSFER,387,128239.11,4
2025-09-09 10:00:00,CREDIT,424,92270.15,1
2025-09-09 10:00:00,DEBIT,574,80546.2,0
2025-09-09 10:00:00,P2P_TRANSFER,732,166612.9,3
2025-09-09 11:00:00,CREDIT,552,92742.06,0
2025-09-09 11:00:00,DEBIT,484,92555.92,0
2025-09-09 11:00:00,P2P_TRANSFER,576,134355.22,4
2025-09-09 12:00:00,CREDIT,153,42056.79,3
2025-09-09 12:00:00,DEBIT,510,103970.37,4
2025-09-09 12:00:00,P2P_TRANSFER,432,77854.52,0
2025-09-09 13:00:00,CREDIT,454,134143.48,3
2025-09-09 13:00:00,DEBIT,516,107018.3,3
2025-09-09 13:00:00,P2P_TRANSFER,448,80285.21,3
2025-09-09 14:00:00,CREDIT,322,88191.0,4
2025-09-09 14:00:00,DEBIT,428,75426.65,3
2025-09-09 14:00:00,P2P_TRANSFER,565,224855.46,1
2025-09-09 15:00:00,CREDIT,383,49727.7,4
2025-09-09 15:00:00,DEBIT,542,229941.22,3
2025-09-09 15:00:00,P2P_TRANSFER,397,81680.54,0
2025-09-09 16:00:00,CREDIT,675,163864.06,3
2025-09-09 16:00:00,DEBIT,679,126853.57,3
2025-09-09 16:00:00,P2P_TRANSFER,275,86489.74,3
2025-09-09 17:00:00,CREDIT,498,57111.17,1
2025-09-09 17:00:00,DEBIT,402,133824.66,3
2025-09-09 17:00:00,P2P_TRANSFER,337,87480.93,3
2025-09-09 18:00:00,CREDIT,649,157284.6,4
2025-09-09 18:00:00,DEBIT,503,110865.22,3
2025-09-09 18:00:00,P2P_TRANSFER,712,82786.49,6
2025-09-09 19:00:00,CREDIT,495,137501.82,1
2025-09-09 19:00:00,DEBIT,777,77826.13,1
2025-09-09 19:00:00,P2P_TRANSFER,712,196568.44,6
2025-09-09 20:00:00,CREDIT,747,191131.79,4
2025-09-09 20:00:00,DEBIT,473,131738.9,3
2025-09-09 20:00:00,P2P_TRANSFER,511,179036.91,4
2025-09-09 21:00:00,CREDIT,214,35895.5,0
2025-09-09 21:00:00,DEBIT,573,162726.78,1
2025-09-09 21:00:00,P2P_TRANSFER,423,105031.3,3
2025-09-09 22:00:00,CREDIT,495,144569.81,1
2025-09-09 22:00:00,DEBIT,430,97887.38,3
2025-09-09 22:00:00,P2P_TRANSFER,269,59984.14,1
2025-09-09 23:00:00,CREDIT,229,49985.34,1
2025-09-09 23:00:00,DEBIT,212,33886.38,0
2025-09-09 23:00:00,P2P_TRANSFER,593,125478.01,3
2025-09-10 00:00:00,CREDIT,652,127430.86,4
2025-09-10 00:00:00,DEBIT,696,243034.42,3
2025-09-10 00:00:00,P2P_TRANSFER,389,103860.48,3
2025-09-10 01:00:00,CREDIT,679,128962.4,3
2025-09-10 01:00:00,DEBIT,641,45423.97,3
2025-09-10 01:00:00,P2P_TRANSFER,523,128527.57,3
2025-09-10 02:00:00,CREDIT,928,247735.45,4
2025-09-10 02:00:00,DEBIT,737,248398.02,1
2025-09-10 02:00:00,P2P_TRANSFER,698,220796.53,6
2025-09-10 03:00:00,CREDIT,774,164320.7,3
2025-09-10 03:00:00,DEBIT,632,247832.82,7
2025-09-10 03:00:00,P2P_TRANSFER,734,159663.74,3
2025-09-10 04:00:00,CREDIT,682,154922.32,3
2025-09-10 04:00:00,DEBIT,245,78502.32,0
2025-09-10 04:00:00,P2P_TRANSFER,360,88745.22,4
2025-09-10 05:00:00,CREDIT,318,72541.06,1
2025-09-10 05:00:00,DEBIT,571,189571.46,3
2025-09-10 05:00:00,P2P_TRANSFER,389,76279.95,0
2025-09-10 06:00:00,CREDIT,138,59603.2,0
2025-09-10 06:00:00,DEBIT,475,125656.94,3
2025-09-10 06:00:00,P2P_TRANSFER,530,12871.99,1
2025-09-10 07:00:00,CREDIT,556,93978.49,3
2025-09-10 07:00:00,DEBIT,185,61565.46,0
2025-09-10 07:00:00,P2P_TRANSFER,524,109917.04,1
2025-09-10 08:00:00,CREDIT,742,175929.37,4
2025-09-10 08:00:00,DEBIT,626,154072.49,6
2025-09-10 08:00:00,P2P_TRANSFER,215,50251.07,0
2025-09-10 09:00:00,CREDIT,987,316806.23,3
2025-09-10 09:00:00,DEBIT,658,253792.47,3
2025-09-10 09:00:00,P2P_TRANSFER,446,94511.91,1
2025-09-10 10:00:00,CREDIT,675,189460.85,1
2025-09-10 10:00:00,DEBIT,735,158565.84,3
2025-09-10 10:00:00,P2P_TRANSFER,629,138487.76,4
2025-09-10 11:00:00,CREDIT,953,334221.26,7
2025-09-10 11:00:00,DEBIT,458,81096.2,3
2025-09-10 11:00:00,P2P_TRANSFER,710,228565.2,4
2025-09-10 12:00:00,CREDIT,460,127874.95,6
2025-09-10 12:00:00,DEBIT,476,75258.78,0
2025-09-10 12:00:00,P2P_TRANSFER,439,111508.54,3
2025-09-10 13:00:00,CREDIT,426,110226.46,1
2025-09-10 13:00:00,DEBIT,182,52199.55,1
2025-09-10 13:00:00,P2P_TRANSFER,331,88081.79,3
2025-09-10 14:00:00,CREDIT,497,34370.71,3
2025-09-10 14:00:00,DEBIT,279,51791.38,0
2025-09-10 14:00:00,P2P_TRANSFER,320,91776.98,3
2025-09-10 15:00:00,CREDIT,224,42724.06,3
2025-09-10 15:00:00,DEBIT,582,149522.74,1
2025-09-10 15:00:00,P2P_TRANSFER,395,108192.78,1
2025-09-10 16:00:00,CREDIT,651,196556.66,4
2025-09-10 16:00:00,DEBIT,758,248200.53,4
2025-09-10 16:00:00,P2P_TRANSFER,111,24020.62,0
2025-09-10 17:00:00,CREDIT,645,169624.5,6
2025-09-10 17:00:00,DEBIT,733,201605.23,4
2025-09-10 17:00:00,P2P_TRANSFER,474,55957.7,3
2025-09-10 18:00:00,CREDIT,506,98717.24,3
2025-09-10 18:00:00,DEBIT,460,90603.02,0
2025-09-10 18:00:00,P2P_TRANSFER,554,84223.51,1
2025-09-10 19:00:00,CREDIT,501,123298.74,0
2025-09-10 19:00:00,DEBIT,436,105668.03,3
2025-09-10 19:00:00,P2P_TRANSFER,534,80174.51,1
2025-09-10 20:00:00,CREDIT,498,159681.95,1
2025-09-10 20:00:00,DEBIT,590,218948.39,3
2025-09-10 20:00:00,P2P_TRANSFER,297,69057.78,3
2025-09-10 21:00:00,CREDIT,426,79686.46,1
2025-09-10 21:00:00,DEBIT,322,62725.26,3
2025-09-10 21:00:00,P2P_TRANSFER,379,38122.41,3
2025-09-10 22:00:00,CREDIT,286,90675.99,0
2025-09-10 22:00:00,DEBIT,191,40197.74,0
2025-09-10 22:00:00,P2P_TRANSFER,401,92949.58,3
2025-09-10 23:00:00,CREDIT,551,179599.94,3
2025-09-10 23:00:00,DEBIT,527,88154.48,3
2025-09-10 23:00:00,P2P_TRANSFER,400,94984.62,1
2025-09-11 00:00:00,CREDIT,330,31789.15,1
2025-09-11 00:00:00,DEBIT,695,143843.41,1
2025-09-11 00:00:00,P2P_TRANSFER,784,92900.18,3
2025-09-11 01:00:00,CREDIT,745,90075.55,1
2025-09-11 01:00:00,DEBIT,602,188838.98,1
2025-09-11 01:00:00,P2P_TRANSFER,847,224822.37,3
2025-09-11 02:00:00,CREDIT,767,274253.34,4
2025-09-11 02:00:00,DEBIT,461,127907.62,3
2025-09-11 02:00:00,P2P_TRANSFER,609,69782.36,3
2025-09-11 03:00:00,CREDIT,563,168094.7,1
2025-09-11 03:00:00,DEBIT,729,49210.43,1
2025-09-11 03:00:00,P2P_TRANSFER,532,188269.02,4
2025-09-11 04:00:00,CREDIT,413,60723.28,1
2025-09-11 04:00:00,DEBIT,369,75377.04,4
2025-09-11 04:00:00,P2P_TRANSFER,466,96390.87,0
2025-09-11 05:00:00,CREDIT,507,151467.56,1
2025-09-11 05:00:00,DEBIT,235,70875.57,3
2025-09-11 05:00:00,P2P_TRANSFER,576,170442.56,3
2025-09-11 06:00:00,CREDIT,368,71505.56,3
2025-09-11 06:00:00,DEBIT,261,31030.34,3
2025-09-11 06:00:00,P2P_TRANSFER,334,107595.44,0
2025-09-11 07:00:00,CREDIT,388,60998.26,1
2025-09-11 07:00:00,DEBIT,459,122844.84,3
2025-09-11 07:00:00,P2P_TRANSFER,300,50385.26,1
2025-09-11 08:00:00,CREDIT,317,88608.94,1
2025-09-11 08:00:00,DEBIT,563,25164.25,1
2025-09-11 08:00:00,P2P_TRANSFER,685,177985.22,1
2025-09-11 09:00:00,CREDIT,636,224323.62,4
2025-09-11 09:00:00,DEBIT,668,82928.86,4
2025-09-11 09:00:00,P2P_TRANSFER,357,102725.43,1
2025-09-11 10:00:00,CREDIT,943,212188.92,6
2025-09-11 10:00:00,DEBIT,634,168027.29,4
2025-09-11 10:00:00,P2P_TRANSFER,564,106866.36,4
2025-09-11 11:00:00,CREDIT,853,296421.22,4
2025-09-11 11:00:00,DEBIT,622,144482.1,4
2025-09-11 11:00:00,P2P_TRANSFER,625,134788.52,4
2025-09-11 12:00:00,CREDIT,680,208770.3,4
2025-09-11 12:00:00,DEBIT,709,166928.45,3
2025-09-11 12:00:00,P2P_TRANSFER,385,119374.18,0
2025-09-11 13:00:00,CREDIT,533,104731.85,6
2025-09-11 13:00:00,DEBIT,369,116437.73,1
2025-09-11 13:00:00,P2P_TRANSFER,190,40920.86,0
2025-09-11 14:00:00,CREDIT,362,49661.86,3
2025-09-11 14:00:00,DEBIT,350,42893.65,0
2025-09-11 14:00:00,P2P_TRANSFER,509,142807.98,0
2025-09-11 15:00:00,CREDIT,257,62757.37,1
2025-09-11 15:00:00,DEBIT,397,137427.97,1
2025-09-11 15:00:00,P2P_TRANSFER,299,32159.64,0
2025-09-11 16:00:00,CREDIT,438,94025.16,1
2025-09-11 16:00:00,DEBIT,610,178140.86,3
2025-09-11 16:00:00,P2P_TRANSFER,648,206889.62,3
2025-09-11 17:00:00,CREDIT,370,118243.06,0
2025-09-11 17:00:00,DEBIT,399,123377.07,3
2025-09-11 17:00:00,P2P_TRANSFER,554,106370.29,4
2025-09-11 18:00:00,CREDIT,599,70243.03,3
2025-09-11 18:00:00,DEBIT,628,128185.4,1
2025-09-11 18:00:00,P2P_TRANSFER,842,57759.55,0
2025-09-11 19:00:00,CREDIT,731,120422.67,4
2025-09-11 19:00:00,DEBIT,797,145855.73,4
2025-09-11 19:00:00,P2P_TRANSFER,554,127212.55,3
2025-09-11 20:00:00,CREDIT,806,245890.28,4
2025-09-11 20:00:00,DEBIT,460,131991.72,4
2025-09-11 20:00:00,P2P_TRANSFER,487,109033.94,3
2025-09-11 21:00:00,CREDIT,268,102575.61,0
2025-09-11 21:00:00,DEBIT,521,125890.7,4
2025-09-11 21:00:00,P2P_TRANSFER,372,57354.78,1
2025-09-11 22:00:00,CREDIT,457,105871.96,1
2025-09-11 22:00:00,DEBIT,399,54177.72,0
2025-09-11 22:00:00,P2P_TRANSFER,426,53656.7,1
2025-09-11 23:00:00,CREDIT,351,101724.07,3
2025-09-11 23:00:00,DEBIT,364,116268.1,1
2025-09-11 23:00:00,P2P_TRANSFER,546,132845.05,4
2025-09-12 00:00:00,CREDIT,480,144900.7,4
2025-09-12 00:00:00,DEBIT,261,33400.55,0
2025-09-12 00:00:00,P2P_TRANSFER,763,178394.15,4
2025-09-12 01:00:00,CREDIT,668,183936.5,3
2025-09-12 01:00:00,DEBIT,730,106245.18,6
2025-09-12 01:00:00,P2P_TRANSFER,990,278024.14,6
2025-09-12 02:00:00,CREDIT,646,141519.99,3
2025-09-12 02:00:00,DEBIT,800,327328.5,3
2025-09-12 02:00:00,P2P_TRANSFER,561,143851.87,3
2025-09-12 03:00:00,CREDIT,280,76316.11,1
2025-09-12 03:00:00,DEBIT,630,166576.13,3
2025-09-12 03:00:00,P2P_TRANSFER,460,45084.37,0
2025-09-12 04:00:00,CREDIT,644,201885.06,4
2025-09-12 04:00:00,DEBIT,65,16579.0,0
2025-09-12 04:00:00,P2P_TRANSFER,351,129129.49,1
2025-09-12 05:00:00,CREDIT,344,30219.76,3
2025-09-12 05:00:00,DEBIT,349,97882.14,1
2025-09-12 05:00:00,P2P_TRANSFER,127,41934.45,0
2025-09-12 06:00:00,CREDIT,78,18584.16,0
2025-09-12 06:00:00,DEBIT,184,52658.98,1
2025-09-12 06:00:00,P2P_TRANSFER,384,84149.6,1
2025-09-12 07:00:00,CREDIT,312,89691.3,3
2025-09-12 07:00:00,DEBIT,686,15838.89,3
2025-09-12 07:00:00,P2P_TRANSFER,518,101241.38,0
2025-09-12 08:00:00,CREDIT,241,89393.59,1
2025-09-12 08:00:00,DEBIT,191,24871.16,0
2025-09-12 08:00:00,P2P_TRANSFER,618,217861.58,1
2025-09-12 09:00:00,CREDIT,209,48062.1,0
2025-09-12 09:00:00,DEBIT,530,157371.5,3
2025-09-12 09:00:00,P2P_TRANSFER,822,285780.51,4
2025-09-12 10:00:00,CREDIT,609,160038.18,1
2025-09-12 10:00:00,DEBIT,469,153394.48,3
2025-09-12 10:00:00,P2P_TRANSFER,614,215713.87,3
2025-09-12 11:00:00,CREDIT,876,300618.37,6
2025-09-12 11:00:00,DEBIT,768,226497.42,4
2025-09-12 11:00:00,P2P_TRANSFER,608,118442.78,4
2025-09-12 12:00:00,CREDIT,653,162645.49,6
2025-09-12 12:00:00,DEBIT,478,100299.22,3
2025-09-12 12:00:00,P2P_TRANSFER,462,122774.94,3
2025-09-12 13:00:00,CREDIT,227,47892.29,0
2025-09-12 13:00:00,DEBIT,347,119220.42,0
2025-09-12 13:00:00,P2P_TRANSFER,351,133133.46,1
2025-09-12 14:00:00,CREDIT,317,95254.77,1
2025-09-12 14:00:00,DEBIT,364,83464.97,1
2025-09-12 14:00:00,P2P_TRANSFER,226,33831.78,1
2025-09-12 15:00:00,CREDIT,410,60978.85,3
2025-09-12 15:00:00,DEBIT,347,81892.4,1
2025-09-12 15:00:00,P2P_TRANSFER,426,139977.97,1
2025-09-12 16:00:00,CREDIT,400,92372.74,0
2025-09-12 16:00:00,DEBIT,436,157099.75,4
2025-09-12 16:00:00,P2P_TRANSFER,363,57168.77,3
2025-09-12 17:00:00,CREDIT,739,139969.97,3
2025-09-12 17:00:00,DEBIT,871,184682.51,6
2025-09-12 17:00:00,P2P_TRANSFER,280,49031.67,0
2025-09-12 18:00:00,CREDIT,871,322120.29,4
2025-09-12 18:00:00,DEBIT,910,267600.71,6
2025-09-12 18:00:00,P2P_TRANSFER,378,108378.22,3
2025-09-12 19:00:00,CREDIT,450,132163.67,4
2025-09-12 19:00:00,DEBIT,596,146410.41,1
2025-09-12 19:00:00,P2P_TRANSFER,733,276558.47,4
2025-09-12 20:00:00,CREDIT,593,182010.88,3
2025-09-12 20:00:00,DEBIT,476,109646.54,6
2025-09-12 20:00:00,P2P_TRANSFER,609,226910.53,6
2025-09-12 21:00:00,CREDIT,362,70004.36,1
2025-09-12 21:00:00,DEBIT,417,134804.82,1
2025-09-12 21:00:00,P2P_TRANSFER,333,97457.77,1
2025-09-12 22:00:00,CREDIT,286,130316.66,3
2025-09-12 22:00:00,DEBIT,355,82697.21,0
2025-09-12 22:00:00,P2P_TRANSFER,391,133079.86,1
2025-09-12 23:00:00,CREDIT,626,83668.72,1
2025-09-12 23:00:00,DEBIT,466,52624.94,1
2025-09-12 23:00:00,P2P_TRANSFER,681,165967.9,4
2025-09-13 00:00:00,CREDIT,376,107750.39,0
2025-09-13 00:00:00,DEBIT,429,154024.55,1
2025-09-13 00:00:00,P2P_TRANSFER,721,150974.78,3
2025-09-13 01:00:00,CREDIT,730,184160.26,4
2025-09-13 01:00:00,DEBIT,736,110309.74,4
2025-09-13 01:00:00,P2P_TRANSFER,575,64613.43,3
2025-09-13 02:00:00,CREDIT,699,128256.79,3
2025-09-13 02:00:00,DEBIT,716,121540.62,1
2025-09-13 02:00:00,P2P_TRANSFER,250,37054.1,0
2025-09-13 03:00:00,CREDIT,770,224363.42,1
2025-09-13 03:00:00,DEBIT,622,88873.55,3
2025-09-13 03:00:00,P2P_TRANSFER,495,94510.96,3
2025-09-13 04:00:00,CREDIT,594,166139.74,3
2025-09-13 04:00:00,DEBIT,469,40373.71,4
2025-09-13 04:00:00,P2P_TRANSFER,431,176219.54,4
2025-09-13 05:00:00,CREDIT,401,148004.09,4
2025-09-13 05:00:00,DEBIT,336,88764.46,0
2025-09-13 05:00:00,P2P_TRANSFER,291,51084.14,0
2025-09-13 06:00:00,CREDIT,337,62072.08,0
2025-09-13 06:00:00,DEBIT,289,91016.34,0
2025-09-13 06:00:00,P2P_TRANSFER,153,24830.89,1
2025-09-13 07:00:00,CREDIT,316,117640.23,4
2025-09-13 07:00:00,DEBIT,378,85372.54,3
2025-09-13 07:00:00,P2P_TRANSFER,437,189629.19,1
2025-09-13 08:00:00,CREDIT,707,126997.22,6
2025-09-13 08:00:00,DEBIT,556,103069.42,3
2025-09-13 08:00:00,P2P_TRANSFER,560,75823.34,1
2025-09-13 09:00:00,CREDIT,543,223564.06,3
2025-09-13 09:00:00,DEBIT,505,124283.91,1
2025-09-13 09:00:00,P2P_TRANSFER,1091,273970.25,7
2025-09-13 10:00:00,CREDIT,747,227929.26,3
2025-09-13 10:00:00,DEBIT,721,164443.65,3
2025-09-13 10:00:00,P2P_TRANSFER,1003,252710.74,7
2025-09-13 11:00:00,CREDIT,884,355087.62,4
2025-09-13 11:00:00,DEBIT,714,244277.17,3
2025-09-13 11:00:00,P2P_TRANSFER,457,120514.3,1
2025-09-13 12:00:00,CREDIT,343,89180.37,3
2025-09-13 12:00:00,DEBIT,513,199302.06,4
2025-09-13 12:00:00,P2P_TRANSFER,382,98819.63,4
2025-09-13 13:00:00,CREDIT,214,36185.67,3
2025-09-13 13:00:00,DEBIT,261,41154.96,3
2025-09-13 13:00:00,P2P_TRANSFER,493,81970.03,0
2025-09-13 14:00:00,CREDIT,434,76095.35,0
2025-09-13 14:00:00,DEBIT,324,22777.46,1
2025-09-13 14:00:00,P2P_TRANSFER,470,87486.27,3
2025-09-13 15:00:00,CREDIT,312,65739.62,4
2025-09-13 15:00:00,DEBIT,277,75964.08,4
2025-09-13 15:00:00,P2P_TRANSFER,422,166243.91,1
2025-09-13 16:00:00,CREDIT,593,198778.35,1
2025-09-13 16:00:00,DEBIT,665,83707.66,4
2025-09-13 16:00:00,P2P_TRANSFER,561,116577.62,4
2025-09-13 17:00:00,CREDIT,677,210782.7,4
2025-09-13 17:00:00,DEBIT,418,74771.88,4
2025-09-13 17:00:00,P2P_TRANSFER,477,181787.66,4
2025-09-13 18:00:00,CREDIT,577,64165.65,1
2025-09-13 18:00:00,DEBIT,744,278410.74,3
2025-09-13 18:00:00,P2P_TRANSFER,506,147545.62,3
2025-09-13 19:00:00,CREDIT,661,103427.14,0
2025-09-13 19:00:00,DEBIT,520,112262.47,6
2025-09-13 19:00:00,P2P_TRANSFER,460,83300.22,0
2025-09-13 20:00:00,CREDIT,360,72686.18,1
2025-09-13 20:00:00,DEBIT,638,163985.5,4
2025-09-13 20:00:00,P2P_TRANSFER,362,94788.94,1
2025-09-13 21:00:00,CREDIT,365,105545.89,1
2025-09-13 21:00:00,DEBIT,415,126604.55,0
2025-09-13 21:00:00,P2P_TRANSFER,393,67980.16,3
2025-09-13 22:00:00,CREDIT,357,100983.32,3
2025-09-13 22:00:00,DEBIT,202,19262.94,0
2025-09-13 22:00:00,P2P_TRANSFER,181,36442.87,3
2025-09-13 23:00:00,CREDIT,443,59184.99,3
2025-09-13 23:00:00,DEBIT,480,182213.86,3
2025-09-13 23:00:00,P2P_TRANSFER,445,140799.09,1
2025-09-14 00:00:00,CREDIT,665,215354.31,1
2025-09-14 00:00:00,DEBIT,416,82606.04,1
2025-09-14 00:00:00,P2P_TRANSFER,548,116188.9,3
2025-09-14 01:00:00,CREDIT,1086,188835.37,6
2025-09-14 01:00:00,DEBIT,421,36421.54,1
2025-09-14 01:00:00,P2P_TRANSFER,759,204071.91,3
2025-09-14 02:00:00,CREDIT,901,236772.29,6
2025-09-14 02:00:00,DEBIT,430,27869.17,0
2025-09-14 02:00:00,P2P_TRANSFER,456,133673.95,3
2025-09-14 03:00:00,CREDIT,207,47069.76,3
2025-09-14 03:00:00,DEBIT,397,92822.1,3
2025-09-14 03:00:00,P2P_TRANSFER,395,77072.45,3
2025-09-14 04:00:00,CREDIT,692,317175.74,6
2025-09-14 04:00:00,DEBIT,556,106695.73,3
2025-09-14 04:00:00,P2P_TRANSFER,592,174013.16,3
2025-09-14 05:00:00,CREDIT,502,133223.18,6
2025-09-14 05:00:00,DEBIT,614,102817.98,3
2025-09-14 05:00:00,P2P_TRANSFER,220,83209.75,0
2025-09-14 06:00:00,CREDIT,315,86931.9,3
2025-09-14 06:00:00,DEBIT,363,96793.77,0
2025-09-14 06:00:00,P2P_TRANSFER,386,108205.16,1
2025-09-14 07:00:00,CREDIT,518,88638.23,1
2025-09-14 07:00:00,DEBIT,671,123416.2,3
2025-09-14 07:00:00,P2P_TRANSFER,450,56581.48,1
2025-09-14 08:00:00,CREDIT,533,128927.78,0
2025-09-14 08:00:00,DEBIT,569,182999.22,3
2025-09-14 08:00:00,P2P_TRANSFER,476,99551.95,1
2025-09-14 09:00:00,CREDIT,695,120918.87,3
2025-09-14 09:00:00,DEBIT,252,80650.48,3
2025-09-14 09:00:00,P2P_TRANSFER,584,161634.76,4
2025-09-14 10:00:00,CREDIT,596,108517.61,4
2025-09-14 10:00:00,DEBIT,463,154820.72,0
2025-09-14 10:00:00,P2P_TRANSFER,577,131542.94,3
2025-09-14 11:00:00,CREDIT,1007,165698.18,3
2025-09-14 11:00:00,DEBIT,526,69065.14,3
2025-09-14 11:00:00,P2P_TRANSFER,612,148264.54,3
2025-09-14 12:00:00,CREDIT,299,64407.58,3
2025-09-14 12:00:00,DEBIT,263,63231.42,1
2025-09-14 12:00:00,P2P_TRANSFER,386,142664.51,1
2025-09-14 13:00:00,CREDIT,723,209404.42,4
2025-09-14 13:00:00,DEBIT,523,121993.98,1
2025-09-14 13:00:00,P2P_TRANSFER,435,59748.44,1
2025-09-14 14:00:00,CREDIT,349,92501.18,3
2025-09-14 14:00:00,DEBIT,203,43745.67,1
2025-09-14 14:00:00,P2P_TRANSFER,361,58669.94,1
2025-09-14 15:00:00,CREDIT,536,123404.64,4
2025-09-14 15:00:00,DEBIT,292,104232.84,0
2025-09-14 15:00:00,P2P_TRANSFER,508,151834.18,3
2025-09-14 16:00:00,CREDIT,276,35280.07,0
2025-09-14 16:00:00,DEBIT,607,174627.63,1
2025-09-14 16:00:00,P2P_TRANSFER,735,216624.3,4
2025-09-14 17:00:00,CREDIT,626,177551.19,0
2025-09-14 17:00:00,DEBIT,565,124683.8,1
2025-09-14 17:00:00,P2P_TRANSFER,602,183539.95,6
2025-09-14 18:00:00,CREDIT,550,174456.01,4
2025-09-14 18:00:00,DEBIT,459,59158.09,3
2025-09-14 18:00:00,P2P_TRANSFER,496,80571.85,0
2025-09-14 19:00:00,CREDIT,723,264240.31,7
2025-09-14 19:00:00,DEBIT,775,143523.86,4
2025-09-14 19:00:00,P2P_TRANSFER,505,107598.82,4
2025-09-14 20:00:00,CREDIT,640,154193.18,6
2025-09-14 20:00:00,DEBIT,243,46442.52,1
2025-09-14 20:00:00,P2P_TRANSFER,427,121781.38,0
2025-09-14 21:00:00,CREDIT,350,112659.17,0
2025-09-14 21:00:00,DEBIT,387,57408.36,1
2025-09-14 21:00:00,P2P_TRANSFER,559,159457.73,6
2025-09-14 22:00:00,CREDIT,288,70598.88,3
2025-09-14 22:00:00,DEBIT,333,101953.1,0
2025-09-14 22:00:00,P2P_TRANSFER,359,14749.81,3
2025-09-14 23:00:00,CREDIT,359,113538.26,1
2025-09-14 23:00:00,DEBIT,234,52091.66,0
2025-09-14 23:00:00,P2P_TRANSFER,533,80677.73,0
2025-09-15 00:00:00,CREDIT,583,158476.16,3
2025-09-15 00:00:00,DEBIT,530,150393.36,3
2025-09-15 00:00:00,P2P_TRANSFER,511,127705.12,1
2025-09-15 01:00:00,CREDIT,501,158537.34,3
2025-09-15 01:00:00,DEBIT,776,231793.16,6
2025-09-15 01:00:00,P2P_TRANSFER,526,155945.96,4
2025-09-15 02:00:00,CREDIT,110,37871.88,0
2025-09-15 02:00:00,DEBIT,411,109545.5,0
2025-09-15 02:00:00,P2P_TRANSFER,735,172946.78,3
2025-09-15 03:00:00,CREDIT,401,85808.32,0
2025-09-15 03:00:00,DEBIT,694,137296.96,4
2025-09-15 03:00:00,P2P_TRANSFER,645,194953.2,4
2025-09-15 04:00:00,CREDIT,472,126699.74,4
2025-09-15 04:00:00,DEBIT,632,154868.33,3
2025-09-15 04:00:00,P2P_TRANSFER,541,151467.5,6
2025-09-15 05:00:00,CREDIT,717,157004.67,3
2025-09-15 05:00:00,DEBIT,375,100151.29,0
2025-09-15 05:00:00,P2P_TRANSFER,585,142269.52,3
2025-09-15 06:00:00,CREDIT,417,107827.34,4
2025-09-15 06:00:00,DEBIT,240,48353.18,0
2025-09-15 06:00:00,P2P_TRANSFER,248,58144.81,3
2025-09-15 07:00:00,CREDIT,432,113791.58,1
2025-09-15 07:00:00,DEBIT,89,26378.75,0
2025-09-15 07:00:00,P2P_TRANSFER,361,98545.28,3
2025-09-15 08:00:00,CREDIT,377,87390.02,1
2025-09-15 08:00:00,DEBIT,675,242108.91,4
2025-09-15 08:00:00,P2P_TRANSFER,378,88491.34,0
2025-09-15 09:00:00,CREDIT,660,268251.28,6
2025-09-15 09:00:00,DEBIT,497,119041.75,3
2025-09-15 09:00:00,P2P_TRANSFER,569,185645.34,3
2025-09-15 10:00:00,CREDIT,592,125697.36,4
2025-09-15 10:00:00,DEBIT,481,146233.38,3
2025-09-15 10:00:00,P2P_TRANSFER,570,137097.83,4
2025-09-15 11:00:00,CREDIT,192,32481.55,1
2025-09-15 11:00:00,DEBIT,747,194469.44,3
2025-09-15 11:00:00,P2P_TRANSFER,784,196828.5,1
2025-09-15 12:00:00,CREDIT,586,161961.25,0
2025-09-15 12:00:00,DEBIT,486,89100.26,3
2025-09-15 12:00:00,P2P_TRANSFER,333,69033.17,3
2025-09-15 13:00:00,CREDIT,476,105888.24,4
2025-09-15 13:00:00,DEBIT,401,29629.24,3
2025-09-15 13:00:00,P2P_TRANSFER,443,107389.59,3
2025-09-15 14:00:00,CREDIT,486,195682.92,3
2025-09-15 14:00:00,DEBIT,283,68895.94,3
2025-09-15 14:00:00,P2P_TRANSFER,467,90944.94,1
2025-09-15 15:00:00,CREDIT,335,62545.58,1
2025-09-15 15:00:00,DEBIT,386,81554.66,3
2025-09-15 15:00:00,P2P_TRANSFER,752,209318.32,6
2025-09-15 16:00:00,CREDIT,401,111432.41,1
2025-09-15 16:00:00,DEBIT,525,69574.57,4
2025-09-15 16:00:00,P2P_TRANSFER,698,203980.42,7
2025-09-15 17:00:00,CREDIT,358,98730.18,1
2025-09-15 17:00:00,DEBIT,456,215247.63,1
2025-09-15 17:00:00,P2P_TRANSFER,733,167669.1,4
2025-09-15 18:00:00,CREDIT,680,241255.98,4
2025-09-15 18:00:00,DEBIT,820,304305.66,7
2025-09-15 18:00:00,P2P_TRANSFER,762,176221.65,3
2025-09-15 19:00:00,CREDIT,548,64437.14,4
2025-09-15 19:00:00,DEBIT,758,105654.74,3
2025-09-15 19:00:00,P2P_TRANSFER,596,163882.22,6
2025-09-15 20:00:00,CREDIT,285,48583.03,1
2025-09-15 20:00:00,DEBIT,641,282101.41,4
2025-09-15 20:00:00,P2P_TRANSFER,409,65635.2,1
2025-09-15 21:00:00,CREDIT,315,77510.12,1
2025-09-15 21:00:00,DEBIT,395,83480.01,1
2025-09-15 21:00:00,P2P_TRANSFER,411,124281.62,4
2025-09-15 22:00:00,CREDIT,297,92556.9,1
2025-09-15 22:00:00,DEBIT,590,187052.01,7
2025-09-15 22:00:00,P2P_TRANSFER,385,151269.21,0
2025-09-15 23:00:00,CREDIT,252,37772.07,1
2025-09-15 23:00:00,DEBIT,540,159548.38,1
2025-09-15 23:00:00,P2P_TRANSFER,403,89460.07,1
2025-09-16 00:00:00,CREDIT,476,114160.72,1
2025-09-16 00:00:00,DEBIT,495,131888.23,1
2025-09-16 00:00:00,P2P_TRANSFER,277,81006.65,1
2025-09-16 01:00:00,CREDIT,364,71115.97,6
2025-09-16 01:00:00,DEBIT,877,190693.06,7
2025-09-16 01:00:00,P2P_TRANSFER,597,63558.18,1
2025-09-16 02:00:00,CREDIT,1011,293821.78,4
2025-09-16 02:00:00,DEBIT,486,62750.49,0
2025-09-16 02:00:00,P2P_TRANSFER,784,193642.11,4
2025-09-16 03:00:00,CREDIT,828,226550.86,3
2025-09-16 03:00:00,DEBIT,688,178891.81,3
2025-09-16 03:00:00,P2P_TRANSFER,458,151672.74,1
2025-09-16 04:00:00,CREDIT,325,38287.94,0
2025-09-16 04:00:00,DEBIT,300,63468.66,1
2025-09-16 04:00:00,P2P_TRANSFER,296,124509.98,1
2025-09-16 05:00:00,CREDIT,232,34016.98,1
2025-09-16 05:00:00,DEBIT,404,103677.88,4
2025-09-16 05:00:00,P2P_TRANSFER,409,95285.96,4
2025-09-16 06:00:00,CREDIT,386,106433.09,3
2025-09-16 06:00:00,DEBIT,268,39510.82,3
2025-09-16 06:00:00,P2P_TRANSFER,246,43709.74,0
2025-09-16 07:00:00,CREDIT,265,47351.01,1
2025-09-16 07:00:00,DEBIT,406,123472.06,3
2025-09-16 07:00:00,P2P_TRANSFER,453,182472.98,4
2025-09-16 08:00:00,CREDIT,431,135230.91,0
2025-09-16 08:00:00,DEBIT,307,103635.34,3
2025-09-16 08:00:00,P2P_TRANSFER,466,120952.91,4
2025-09-16 09:00:00,CREDIT,497,141577.9,3
2025-09-16 09:00:00,DEBIT,470,135998.23,1
2025-09-16 09:00:00,P2P_TRANSFER,958,336075.76,4
2025-09-16 10:00:00,CREDIT,462,128843.27,3
2025-09-16 10:00:00,DEBIT,464,139891.1,0
2025-09-16 10:00:00,P2P_TRANSFER,694,96421.18,3
2025-09-16 11:00:00,CREDIT,667,184276.25,4
2025-09-16 11:00:00,DEBIT,302,44932.84,3
2025-09-16 11:00:00,P2P_TRANSFER,465,158722.44,0
2025-09-16 12:00:00,CREDIT,607,116774.02,1
2025-09-16 12:00:00,DEBIT,412,91119.26,1
2025-09-16 12:00:00,P2P_TRANSFER,478,166222.06,1
2025-09-16 13:00:00,CREDIT,108,39860.76,1
2025-09-16 13:00:00,DEBIT,368,126543.99,0
2025-09-16 13:00:00,P2P_TRANSFER,236,43544.06,1
2025-09-16 14:00:00,CREDIT,353,97818.3,0
2025-09-16 14:00:00,DEBIT,485,83951.87,1
2025-09-16 14:00:00,P2P_TRANSFER,556,166252.49,1
2025-09-16 15:00:00,CREDIT,513,102887.87,1
2025-09-16 15:00:00,DEBIT,364,121713.35,0
2025-09-16 15:00:00,P2P_TRANSFER,575,108449.56,4
2025-09-16 16:00:00,CREDIT,377,77106.0,1
2025-09-16 16:00:00,DEBIT,953,298457.79,7
2025-09-16 16:00:00,P2P_TRANSFER,252,70851.32,1
2025-09-16 17:00:00,CREDIT,522,127784.15,1
2025-09-16 17:00:00,DEBIT,651,95084.81,1
2025-09-16 17:00:00,P2P_TRANSFER,462,137228.5,4
2025-09-16 18:00:00,CREDIT,753,244603.22,3
2025-09-16 18:00:00,DEBIT,993,260846.98,6
2025-09-16 18:00:00,P2P_TRANSFER,1012,143182.99,3
2025-09-16 19:00:00,CREDIT,750,196440.85,4
2025-09-16 19:00:00,DEBIT,490,83831.11,0
2025-09-16 19:00:00,P2P_TRANSFER,791,218627.28,4
2025-09-16 20:00:00,CREDIT,377,72161.44,0
2025-09-16 20:00:00,DEBIT,503,96484.41,1
2025-09-16 20:00:00,P2P_TRANSFER,478,109510.32,0
2025-09-16 21:00:00,CREDIT,590,76407.06,3
2025-09-16 21:00:00,DEBIT,320,100349.84,4
2025-09-16 21:00:00,P2P_TRANSFER,388,106165.44,3
2025-09-16 22:00:00,CREDIT,379,128339.81,1
2025-09-16 22:00:00,DEBIT,301,71713.18,1
2025-09-16 22:00:00,P2P_TRANSFER,334,86057.54,1
2025-09-16 23:00:00,CREDIT,390,80534.54,0
2025-09-16 23:00:00,DEBIT,473,61170.85,3
2025-09-16 23:00:00,P2P_TRANSFER,587,144172.14,1
2025-09-17 00:00:00,CREDIT,482,153679.34,1
2025-09-17 00:00:00,DEBIT,154,46825.34,4
2025-09-17 00:00:00,P2P_TRANSFER,785,144976.05,6
2025-09-17 01:00:00,CREDIT,585,186333.22,1
2025-09-17 01:00:00,DEBIT,543,148489.76,3
2025-09-17 01:00:00,P2P_TRANSFER,701,171423.38,3
2025-09-17 02:00:00,CREDIT,678,17443.58,0
2025-09-17 02:00:00,DEBIT,894,295346.98,3
2025-09-17 02:00:00,P2P_TRANSFER,847,73757.1,1
2025-09-17 03:00:00,CREDIT,817,250555.51,4
2025-09-17 03:00:00,DEBIT,807,236712.16,3
2025-09-17 03:00:00,P2P_TRANSFER,438,91364.34,1
2025-09-17 04:00:00,CREDIT,622,147228.08,1
2025-09-17 04:00:00,DEBIT,566,66246.54,1
2025-09-17 04:00:00,P2P_TRANSFER,466,135118.3,4
2025-09-17 05:00:00,CREDIT,316,88187.31,3
2025-09-17 05:00:00,DEBIT,349,75188.64,1
2025-09-17 05:00:00,P2P_TRANSFER,204,74524.76,0
2025-09-17 06:00:00,CREDIT,348,89605.81,4
2025-09-17 06:00:00,DEBIT,368,131877.82,3
2025-09-17 06:00:00,P2P_TRANSFER,293,86334.07,0
2025-09-17 07:00:00,CREDIT,235,37836.34,0
2025-09-17 07:00:00,DEBIT,477,119431.26,3
2025-09-17 07:00:00,P2P_TRANSFER,353,98844.42,0
2025-09-17 08:00:00,CREDIT,650,154932.66,4
2025-09-17 08:00:00,DEBIT,509,152948.33,6
2025-09-17 08:00:00,P2P_TRANSFER,616,74155.34,4
2025-09-17 09:00:00,CREDIT,345,65602.64,1
2025-09-17 09:00:00,DEBIT,855,197151.34,6
2025-09-17 09:00:00,P2P_TRANSFER,672,90759.53,4
2025-09-17 10:00:00,CREDIT,316,108564.37,4
2025-09-17 10:00:00,DEBIT,601,173245.07,3
2025-09-17 10:00:00,P2P_TRANSFER,879,230703.79,3
2025-09-17 11:00:00,CREDIT,852,144658.78,4
2025-09-17 11:00:00,DEBIT,775,350188.6,7
2025-09-17 11:00:00,P2P_TRANSFER,504,119202.59,3
2025-09-17 12:00:00,CREDIT,380,61086.3,1
2025-09-17 12:00:00,DEBIT,771,184269.06,6
2025-09-17 12:00:00,P2P_TRANSFER,465,129417.14,4
2025-09-17 13:00:00,CREDIT,357,71155.38,4
2025-09-17 13:00:00,DEBIT,317,105010.91,3
2025-09-17 13:00:00,P2P_TRANSFER,282,41503.98,1
2025-09-17 14:00:00,CREDIT,395,125781.03,4
2025-09-17 14:00:00,DEBIT,312,86680.02,3
2025-09-17 14:00:00,P2P_TRANSFER,412,120759.62,3
2025-09-17 15:00:00,CREDIT,317,110142.02,1
2025-09-17 15:00:00,DEBIT,383,137339.48,0
2025-09-17 15:00:00,P2P_TRANSFER,729,190898.68,3
2025-09-17 16:00:00,CREDIT,257,97396.43,1
2025-09-17 16:00:00,DEBIT,651,129302.04,3
2025-09-17 16:00:00,P2P_TRANSFER,595,57739.12,4
2025-09-17 17:00:00,CREDIT,275,70084.37,3
2025-09-17 17:00:00,DEBIT,764,185629.73,0
2025-09-17 17:00:00,P2P_TRANSFER,545,169015.87,3
2025-09-17 18:00:00,CREDIT,731,121895.83,4
2025-09-17 18:00:00,DEBIT,710,96817.13,3
2025-09-17 18:00:00,P2P_TRANSFER,417,78570.02,1
2025-09-17 19:00:00,CREDIT,401,162273.6,3
2025-09-17 19:00:00,DEBIT,710,97861.0,3
2025-09-17 19:00:00,P2P_TRANSFER,391,113632.84,4
2025-09-17 20:00:00,CREDIT,532,120045.28,4
2025-09-17 20:00:00,DEBIT,419,95377.03,3
2025-09-17 20:00:00,P2P_TRANSFER,246,48781.52,0
2025-09-17 21:00:00,CREDIT,540,155223.94,3
2025-09-17 21:00:00,DEBIT,422,123126.85,1
2025-09-17 21:00:00,P2P_TRANSFER,461,77364.72,3
2025-09-17 22:00:00,CREDIT,274,65049.93,3
2025-09-17 22:00:00,DEBIT,391,95857.56,1
2025-09-17 22:00:00,P2P_TRANSFER,296,22345.93,0
2025-09-17 23:00:00,CREDIT,339,63708.18,1
2025-09-17 23:00:00,DEBIT,355,122222.92,3
2025-09-17 23:00:00,P2P_TRANSFER,673,221873.64,3
2025-09-18 00:00:00,CREDIT,411,63933.7,4
2025-09-18 00:00:00,DEBIT,709,138602.56,4
2025-09-18 00:00:00,P2P_TRANSFER,540,163488.5,1
2025-09-18 01:00:00,CREDIT,518,57889.81,4
2025-09-18 01:00:00,DEBIT,901,118053.91,4
2025-09-18 01:00:00,P2P_TRANSFER,705,154684.57,0
2025-09-18 02:00:00,CREDIT,555,60216.65,3
2025-09-18 02:00:00,DEBIT,931,142925.98,3
2025-09-18 02:00:00,P2P_TRANSFER,586,106588.02,3
2025-09-18 03:00:00,CREDIT,484,55825.92,1
2025-09-18 03:00:00,DEBIT,783,141320.38,3
2025-09-18 03:00:00,P2P_TRANSFER,572,206009.58,3
2025-09-18 04:00:00,CREDIT,589,170387.15,3
2025-09-18 04:00:00,DEBIT,155,45049.01,3
2025-09-18 04:00:00,P2P_TRANSFER,267,61049.84,1
2025-09-18 05:00:00,CREDIT,373,69074.43,1
2025-09-18 05:00:00,DEBIT,274,67193.98,0
2025-09-18 05:00:00,P2P_TRANSFER,442,119831.39,3
2025-09-18 06:00:00,CREDIT,251,69691.64,3
2025-09-18 06:00:00,DEBIT,408,73487.27,3
2025-09-18 06:00:00,P2P_TRANSFER,339,81321.87,3
2025-09-18 07:00:00,CREDIT,284,70462.12,0
2025-09-18 07:00:00,DEBIT,277,77643.7,0
2025-09-18 07:00:00,P2P_TRANSFER,463,114590.95,3
2025-09-18 08:00:00,CREDIT,346,103512.9,1
2025-09-18 08:00:00,DEBIT,483,73142.98,1
2025-09-18 08:00:00,P2P_TRANSFER,564,120462.2,1
2025-09-18 09:00:00,CREDIT,699,172978.3,1
2025-09-18 09:00:00,DEBIT,699,201701.03,4
2025-09-18 09:00:00,P2P_TRANSFER,666,246398.82,4
2025-09-18 10:00:00,CREDIT,820,247448.0,6
2025-09-18 10:00:00,DEBIT,513,118760.61,4
2025-09-18 10:00:00,P2P_TRANSFER,851,276539.27,4
2025-09-18 11:00:00,CREDIT,528,174071.5,1
2025-09-18 11:00:00,DEBIT,591,204433.73,3
2025-09-18 11:00:00,P2P_TRANSFER,395,78413.01,6
2025-09-18 12:00:00,CREDIT,484,77498.98,3
2025-09-18 12:00:00,DEBIT,273,22872.9,1
2025-09-18 12:00:00,P2P_TRANSFER,463,138856.08,1
2025-09-18 13:00:00,CREDIT,397,134146.04,4
2025-09-18 13:00:00,DEBIT,452,119251.27,1
2025-09-18 13:00:00,P2P_TRANSFER,323,61265.16,0
2025-09-18 14:00:00,CREDIT,148,30958.19,1
2025-09-18 14:00:00,DEBIT,222,58537.09,0
2025-09-18 14:00:00,P2P_TRANSFER,347,53917.37,1
2025-09-18 15:00:00,CREDIT,396,66834.74,3
2025-09-18 15:00:00,DEBIT,357,40241.2,1
2025-09-18 15:00:00,P2P_TRANSFER,553,169214.51,1
2025-09-18 16:00:00,CREDIT,617,166917.59,3
2025-09-18 16:00:00,DEBIT,429,110111.93,1
2025-09-18 16:00:00,P2P_TRANSFER,429,142618.97,6
2025-09-18 17:00:00,CREDIT,661,257928.24,4
2025-09-18 17:00:00,DEBIT,609,75459.55,6
2025-09-18 17:00:00,P2P_TRANSFER,734,109852.08,4
2025-09-18 18:00:00,CREDIT,570,134119.93,3
2025-09-18 18:00:00,DEBIT,755,8000.0,1
2025-09-18 18:00:00,P2P_TRANSFER,114,34401.14,1
2025-09-18 19:00:00,CREDIT,411,90760.29,3
2025-09-18 19:00:00,DEBIT,904,291712.82,4
2025-09-18 19:00:00,P2P_TRANSFER,492,174105.5,4
2025-09-18 20:00:00,CREDIT,275,91720.44,1
2025-09-18 20:00:00,DEBIT,375,76422.45,3
2025-09-18 20:00:00,P2P_TRANSFER,628,133329.2,3
2025-09-18 21:00:00,CREDIT,581,162345.75,3
2025-09-18 21:00:00,DEBIT,500,177293.99,1
2025-09-18 21:00:00,P2P_TRANSFER,488,180864.8,1
2025-09-18 22:00:00,CREDIT,452,122623.32,3
2025-09-18 22:00:00,DEBIT,277,69119.62,3
2025-09-18 22:00:00,P2P_TRANSFER,347,76846.29,3
2025-09-18 23:00:00,CREDIT,361,59957.77,0
2025-09-18 23:00:00,DEBIT,356,131610.71,0
2025-09-18 23:00:00,P2P_TRANSFER,226,75413.97,3
2025-09-19 00:00:00,CREDIT,588,160847.93,4
2025-09-19 00:00:00,DEBIT,342,106901.14,1
2025-09-19 00:00:00,P2P_TRANSFER,222,16793.88,0
2025-09-19 01:00:00,CREDIT,780,205012.06,6
2025-09-19 01:00:00,DEBIT,867,279471.81,4
2025-09-19 01:00:00,P2P_TRANSFER,633,105839.42,4
2025-09-19 02:00:00,CREDIT,875,170540.03,1
2025-09-19 02:00:00,DEBIT,605,81014.35,0
2025-09-19 02:00:00,P2P_TRANSFER,483,103943.26,3
2025-09-19 03:00:00,CREDIT,950,133534.02,6
2025-09-19 03:00:00,DEBIT,487,157980.69,3
2025-09-19 03:00:00,P2P_TRANSFER,698,244224.5,6
2025-09-19 04:00:00,CREDIT,637,152893.34,4
2025-09-19 04:00:00,DEBIT,329,92098.78,1
2025-09-19 04:00:00,P2P_TRANSFER,458,161789.58,4
2025-09-19 05:00:00,CREDIT,295,68419.34,0
2025-09-19 05:00:00,DEBIT,284,90253.39,1
2025-09-19 05:00:00,P2P_TRANSFER,499,52017.27,1
2025-09-19 06:00:00,CREDIT,413,57038.94,0
2025-09-19 06:00:00,DEBIT,349,139642.16,0
2025-09-19 06:00:00,P2P_TRANSFER,320,114508.48,1
2025-09-19 07:00:00,CREDIT,456,64605.68,0
2025-09-19 07:00:00,DEBIT,817,156575.7,3
2025-09-19 07:00:00,P2P_TRANSFER,446,135618.11,0
2025-09-19 08:00:00,CREDIT,529,96105.87,1
2025-09-19 08:00:00,DEBIT,718,244695.24,3
2025-09-19 08:00:00,P2P_TRANSFER,431,109838.98,1
2025-09-19 09:00:00,CREDIT,516,75984.87,6
2025-09-19 09:00:00,DEBIT,598,178514.29,3
2025-09-19 09:00:00,P2P_TRANSFER,487,100069.41,1
2025-09-19 10:00:00,CREDIT,573,145456.7,3
2025-09-19 10:00:00,DEBIT,629,123816.66,3
2025-09-19 10:00:00,P2P_TRANSFER,581,93382.94,1
2025-09-19 11:00:00,CREDIT,644,123658.16,3
2025-09-19 11:00:00,DEBIT,704,162946.55,3
2025-09-19 11:00:00,P2P_TRANSFER,385,127072.45,0
2025-09-19 12:00:00,CREDIT,828,286828.01,6
2025-09-19 12:00:00,DEBIT,498,32594.27,0
2025-09-19 12:00:00,P2P_TRANSFER,107,31796.55,3
2025-09-19 13:00:00,CREDIT,498,73850.42,1
2025-09-19 13:00:00,DEBIT,367,72321.47,1
2025-09-19 13:00:00,P2P_TRANSFER,328,97225.89,0
2025-09-19 14:00:00,CREDIT,425,142386.52,3
2025-09-19 14:00:00,DEBIT,263,13591.12,4
2025-09-19 14:00:00,P2P_TRANSFER,418,92047.42,4
2025-09-19 15:00:00,CREDIT,398,80564.8,3
2025-09-19 15:00:00,DEBIT,567,93660.72,3
2025-09-19 15:00:00,P2P_TRANSFER,298,73485.77,1
2025-09-19 16:00:00,CREDIT,394,102456.76,0
2025-09-19 16:00:00,DEBIT,540,85861.92,1
2025-09-19 16:00:00,P2P_TRANSFER,805,156081.72,3
2025-09-19 17:00:00,CREDIT,409,96042.75,1
2025-09-19 17:00:00,DEBIT,531,96041.93,3
2025-09-19 17:00:00,P2P_TRANSFER,449,83730.09,1
2025-09-19 18:00:00,CREDIT,832,148689.13,4
2025-09-19 18:00:00,DEBIT,581,162466.46,3
2025-09-19 18:00:00,P2P_TRANSFER,511,186319.31,1
2025-09-19 19:00:00,CREDIT,568,42468.06,0
2025-09-19 19:00:00,DEBIT,401,98997.63,4
2025-09-19 19:00:00,P2P_TRANSFER,564,163254.33,1
2025-09-19 20:00:00,CREDIT,598,102907.78,1
2025-09-19 20:00:00,DEBIT,325,96076.07,3
2025-09-19 20:00:00,P2P_TRANSFER,494,109144.17,3
2025-09-19 21:00:00,CREDIT,607,184001.71,6
2025-09-19 21:00:00,DEBIT,50,16925.48,0
2025-09-19 21:00:00,P2P_TRANSFER,325,118175.4,1
2025-09-19 22:00:00,CREDIT,479,142272.96,4
2025-09-19 22:00:00,DEBIT,332,129679.46,0
2025-09-19 22:00:00,P2P_TRANSFER,413,89567.86,1
2025-09-19 23:00:00,CREDIT,340,119872.29,4
2025-09-19 23:00:00,DEBIT,305,94186.42,4
2025-09-19 23:00:00,P2P_TRANSFER,451,141801.91,1
2025-09-20 00:00:00,CREDIT,302,68521.99,0
2025-09-20 00:00:00,DEBIT,694,231302.39,3
2025-09-20 00:00:00,P2P_TRANSFER,490,117823.05,4
2025-09-20 01:00:00,CREDIT,717,162631.34,3
2025-09-20 01:00:00,DEBIT,874,323727.92,6
2025-09-20 01:00:00,P2P_TRANSFER,295,60148.42,1
2025-09-20 02:00:00,CREDIT,836,322401.37,6
2025-09-20 02:00:00,DEBIT,886,203951.3,4
2025-09-20 02:00:00,P2P_TRANSFER,677,221314.61,3
2025-09-20 03:00:00,CREDIT,835,59293.58,1
2025-09-20 03:00:00,DEBIT,653,150921.94,4
2025-09-20 03:00:00,P2P_TRANSFER,617,92938.06,4
2025-09-20 04:00:00,CREDIT,665,150825.16,4
2025-09-20 04:00:00,DEBIT,558,42627.01,1
2025-09-20 04:00:00,P2P_TRANSFER,547,146731.7,3
2025-09-20 05:00:00,CREDIT,610,138746.43,0
2025-09-20 05:00:00,DEBIT,292,76694.7,3
2025-09-20 05:00:00,P2P_TRANSFER,226,71694.74,0
2025-09-20 06:00:00,CREDIT,450,53670.32,0
2025-09-20 06:00:00,DEBIT,268,75410.32,4
2025-09-20 06:00:00,P2P_TRANSFER,469,42375.39,1
2025-09-20 07:00:00,CREDIT,521,139099.11,3
2025-09-20 07:00:00,DEBIT,365,92816.33,1
2025-09-20 07:00:00,P2P_TRANSFER,403,75146.08,3
2025-09-20 08:00:00,CREDIT,169,27861.46,0
2025-09-20 08:00:00,DEBIT,597,78025.58,3
2025-09-20 08:00:00,P2P_TRANSFER,630,183709.07,3
2025-09-20 09:00:00,CREDIT,532,146036.24,3
2025-09-20 09:00:00,DEBIT,493,150202.12,3
2025-09-20 09:00:00,P2P_TRANSFER,625,211985.46,1
2025-09-20 10:00:00,CREDIT,624,168314.26,3
2025-09-20 10:00:00,DEBIT,567,64763.64,3
2025-09-20 10:00:00,P2P_TRANSFER,576,160487.42,1
2025-09-20 11:00:00,CREDIT,451,110500.5,4
2025-09-20 11:00:00,DEBIT,653,188620.88,4
2025-09-20 11:00:00,P2P_TRANSFER,421,91955.99,0
2025-09-20 12:00:00,CREDIT,552,132559.31,4
2025-09-20 12:00:00,DEBIT,396,55985.8,0
2025-09-20 12:00:00,P2P_TRANSFER,514,156609.87,3
2025-09-20 13:00:00,CREDIT,259,50881.74,1
2025-09-20 13:00:00,DEBIT,448,76723.22,1
2025-09-20 13:00:00,P2P_TRANSFER,438,40081.39,0
2025-09-20 14:00:00,CREDIT,408,28363.39,0
2025-09-20 14:00:00,DEBIT,448,120715.62,1
2025-09-20 14:00:00,P2P_TRANSFER,334,74304.9,1
2025-09-20 15:00:00,CREDIT,508,88940.86,3
2025-09-20 15:00:00,DEBIT,361,66528.4,0
2025-09-20 15:00:00,P2P_TRANSFER,549,91781.45,3
2025-09-20 16:00:00,CREDIT,472,148047.08,3
2025-09-20 16:00:00,DEBIT,749,70648.54,3
2025-09-20 16:00:00,P2P_TRANSFER,844,143361.52,4
2025-09-20 17:00:00,CREDIT,435,108303.68,1
2025-09-20 17:00:00,DEBIT,648,220501.12,1
2025-09-20 17:00:00,P2P_TRANSFER,649,206421.03,3
2025-09-20 18:00:00,CREDIT,469,132683.04,1
2025-09-20 18:00:00,DEBIT,750,151143.03,3
2025-09-20 18:00:00,P2P_TRANSFER,857,246520.96,3
2025-09-20 19:00:00,CREDIT,614,99887.84,4
2025-09-20 19:00:00,DEBIT,510,43782.11,0
2025-09-20 19:00:00,P2P_TRANSFER,688,84349.8,4
2025-09-20 20:00:00,CREDIT,583,84376.88,3
2025-09-20 20:00:00,DEBIT,427,126098.66,4
2025-09-20 20:00:00,P2P_TRANSFER,351,97717.79,4
2025-09-20 21:00:00,CREDIT,404,88317.74,1
2025-09-20 21:00:00,DEBIT,268,72406.4,1
2025-09-20 21:00:00,P2P_TRANSFER,282,77049.38,1
2025-09-20 22:00:00,CREDIT,511,169702.97,3
2025-09-20 22:00:00,DEBIT,231,38832.3,0
2025-09-20 22:00:00,P2P_TRANSFER,154,55826.2,1
2025-09-20 23:00:00,CREDIT,554,163649.93,3
2025-09-20 23:00:00,DEBIT,323,50691.82,1
2025-09-20 23:00:00,P2P_TRANSFER,344,106970.21,1
2025-09-21 00:00:00,CREDIT,340,36389.42,0
2025-09-21 00:00:00,DEBIT,547,127201.28,3
2025-09-21 00:00:00,P2P_TRANSFER,623,113020.14,4
2025-09-21 01:00:00,CREDIT,940,298536.82,4
2025-09-21 01:00:00,DEBIT,645,119935.33,3
2025-09-21 01:00:00,P2P_TRANSFER,670,195975.25,4
2025-09-21 02:00:00,CREDIT,601,150229.53,3
2025-09-21 02:00:00,DEBIT,794,131057.37,4
2025-09-21 02:00:00,P2P_TRANSFER,613,159244.46,3
2025-09-21 03:00:00,CREDIT,831,214729.17,4
2025-09-21 03:00:00,DEBIT,453,102573.46,3
2025-09-21 03:00:00,P2P_TRANSFER,511,84273.16,4
2025-09-21 04:00:00,CREDIT,664,186579.76,3
2025-09-21 04:00:00,DEBIT,415,110951.26,0
2025-09-21 04:00:00,P2P_TRANSFER,409,122060.3,1
2025-09-21 05:00:00,CREDIT,428,84310.81,0
2025-09-21 05:00:00,DEBIT,402,57697.15,3
2025-09-21 05:00:00,P2P_TRANSFER,512,122661.58,1
2025-09-21 06:00:00,CREDIT,446,125880.97,1
2025-09-21 06:00:00,DEBIT,113,33520.3,0
2025-09-21 06:00:00,P2P_TRANSFER,470,159388.18,3
2025-09-21 07:00:00,CREDIT,346,87604.96,0
2025-09-21 07:00:00,DEBIT,159,53343.51,3
2025-09-21 07:00:00,P2P_TRANSFER,513,101794.17,3
2025-09-21 08:00:00,CREDIT,654,165849.51,3
2025-09-21 08:00:00,DEBIT,478,72607.88,3
2025-09-21 08:00:00,P2P_TRANSFER,482,165160.78,1
2025-09-21 09:00:00,CREDIT,766,262161.63,6
2025-09-21 09:00:00,DEBIT,468,110999.7,0
2025-09-21 09:00:00,P2P_TRANSFER,779,195209.51,6
2025-09-21 10:00:00,CREDIT,412,60808.02,4
2025-09-21 10:00:00,DEBIT,653,231189.55,4
2025-09-21 10:00:00,P2P_TRANSFER,817,172828.95,3
2025-09-21 11:00:00,CREDIT,691,126952.41,1
2025-09-21 11:00:00,DEBIT,544,92981.66,3
2025-09-21 11:00:00,P2P_TRANSFER,497,133080.62,3
2025-09-21 12:00:00,CREDIT,436,52976.43,1
2025-09-21 12:00:00,DEBIT,511,125932.31,3
2025-09-21 12:00:00,P2P_TRANSFER,572,133432.75,1
2025-09-21 13:00:00,CREDIT,322,74472.43,4
2025-09-21 13:00:00,DEBIT,354,70831.25,4
2025-09-21 13:00:00,P2P_TRANSFER,446,131778.85,3
2025-09-21 14:00:00,CREDIT,378,174273.96,4
2025-09-21 14:00:00,DEBIT,541,169075.91,1
2025-09-21 14:00:00,P2P_TRANSFER,350,88008.58,4
2025-09-21 15:00:00,CREDIT,373,76187.51,1
2025-09-21 15:00:00,DEBIT,581,132703.37,1
2025-09-21 15:00:00,P2P_TRANSFER,454,31858.51,1
2025-09-21 16:00:00,CREDIT,821,177004.1,4
2025-09-21 16:00:00,DEBIT,676,184409.44,6
2025-09-21 16:00:00,P2P_TRANSFER,414,41180.1,0
2025-09-21 17:00:00,CREDIT,732,124940.43,3
2025-09-21 17:00:00,DEBIT,840,135285.15,3
2025-09-21 17:00:00,P2P_TRANSFER,799,189860.66,6
2025-09-21 18:00:00,CREDIT,850,166537.24,1
2025-09-21 18:00:00,DEBIT,772,167829.18,3
2025-09-21 18:00:00,P2P_TRANSFER,754,133639.7,3
2025-09-21 19:00:00,CREDIT,898,251945.14,7
2025-09-21 19:00:00,DEBIT,445,114996.9,1
2025-09-21 19:00:00,P2P_TRANSFER,602,110633.37,0
2025-09-21 20:00:00,CREDIT,186,36481.88,1
2025-09-21 20:00:00,DEBIT,452,146191.22,3
2025-09-21 20:00:00,P2P_TRANSFER,336,81530.43,1
2025-09-21 21:00:00,CREDIT,522,47979.3,3
2025-09-21 21:00:00,DEBIT,268,52333.41,1
2025-09-21 21:00:00,P2P_TRANSFER,182,38276.72,4
2025-09-21 22:00:00,CREDIT,376,134804.76,1
2025-09-21 22:00:00,DEBIT,346,69081.02,3
2025-09-21 22:00:00,P2P_TRANSFER,506,75955.96,3
2025-09-21 23:00:00,CREDIT,467,177464.8,4
2025-09-21 23:00:00,DEBIT,278,32562.85,1
2025-09-21 23:00:00,P2P_TRANSFER,673,149564.05,4
2025-09-22 00:00:00,CREDIT,449,49945.2,1
2025-09-22 00:00:00,DEBIT,443,29103.3,1
2025-09-22 00:00:00,P2P_TRANSFER,143,23790.54,1
2025-09-22 01:00:00,CREDIT,599,207690.5,3
2025-09-22 01:00:00,DEBIT,811,297785.38,6
2025-09-22 01:00:00,P2P_TRANSFER,572,137083.16,1
2025-09-22 02:00:00,CREDIT,971,196256.05,3
2025-09-22 02:00:00,DEBIT,630,172939.88,3
2025-09-22 02:00:00,P2P_TRANSFER,401,72743.29,3
2025-09-22 03:00:00,CREDIT,478,91115.6,1
2025-09-22 03:00:00,DEBIT,635,197886.41,4
2025-09-22 03:00:00,P2P_TRANSFER,457,167730.11,3
2025-09-22 04:00:00,CREDIT,738,205259.34,4
2025-09-22 04:00:00,DEBIT,410,62629.49,1
2025-09-22 04:00:00,P2P_TRANSFER,392,164341.57,1
2025-09-22 05:00:00,CREDIT,497,182792.06,4
2025-09-22 05:00:00,DEBIT,507,149176.21,3
2025-09-22 05:00:00,P2P_TRANSFER,261,81618.49,0
2025-09-22 06:00:00,CREDIT,284,69293.39,3
2025-09-22 06:00:00,DEBIT,307,75862.08,1
2025-09-22 06:00:00,P2P_TRANSFER,245,95186.88,1
2025-09-22 07:00:00,CREDIT,340,124490.42,1
2025-09-22 07:00:00,DEBIT,406,118236.54,3
2025-09-22 07:00:00,P2P_TRANSFER,549,174523.09,1
2025-09-22 08:00:00,CREDIT,257,13634.13,0
2025-09-22 08:00:00,DEBIT,703,232681.85,3
2025-09-22 08:00:00,P2P_TRANSFER,527,162390.9,3
2025-09-22 09:00:00,CREDIT,355,149989.53,6
2025-09-22 09:00:00,DEBIT,361,106297.98,0
2025-09-22 09:00:00,P2P_TRANSFER,609,181509.85,6
2025-09-22 10:00:00,CREDIT,680,134310.42,3
2025-09-22 10:00:00,DEBIT,919,150768.36,4
2025-09-22 10:00:00,P2P_TRANSFER,397,99086.73,3
2025-09-22 11:00:00,CREDIT,721,238619.13,3
2025-09-22 11:00:00,DEBIT,491,99021.37,4
2025-09-22 11:00:00,P2P_TRANSFER,478,139467.88,4
2025-09-22 12:00:00,CREDIT,351,70593.46,1
2025-09-22 12:00:00,DEBIT,466,96907.44,4
2025-09-22 12:00:00,P2P_TRANSFER,543,86806.06,3
2025-09-22 13:00:00,CREDIT,449,95576.88,3
2025-09-22 13:00:00,DEBIT,245,48098.97,0
2025-09-22 13:00:00,P2P_TRANSFER,377,74696.24,4
2025-09-22 14:00:00,CREDIT,182,36725.24,0
2025-09-22 14:00:00,DEBIT,434,80594.18,0
2025-09-22 14:00:00,P2P_TRANSFER,457,196839.5,4
2025-09-22 15:00:00,CREDIT,359,78810.86,1
2025-09-22 15:00:00,DEBIT,636,184128.42,3
2025-09-22 15:00:00,P2P_TRANSFER,547,117128.41,4
2025-09-22 16:00:00,CREDIT,651,98158.3,3
2025-09-22 16:00:00,DEBIT,369,100071.92,3
2025-09-22 16:00:00,P2P_TRANSFER,632,250178.37,4
2025-09-22 17:00:00,CREDIT,657,141130.1,6
2025-09-22 17:00:00,DEBIT,435,134523.33,0
2025-09-22 17:00:00,P2P_TRANSFER,582,152276.02,3
2025-09-22 18:00:00,CREDIT,641,151056.92,4
2025-09-22 18:00:00,DEBIT,889,89586.68,3
2025-09-22 18:00:00,P2P_TRANSFER,266,56304.46,3
2025-09-22 19:00:00,CREDIT,656,176637.82,3
2025-09-22 19:00:00,DEBIT,836,249871.02,4
2025-09-22 19:00:00,P2P_TRANSFER,720,239051.28,3
2025-09-22 20:00:00,CREDIT,496,210977.18,6
2025-09-22 20:00:00,DEBIT,404,140548.0,1
2025-09-22 20:00:00,P2P_TRANSFER,563,80633.82,3
2025-09-22 21:00:00,CREDIT,316,75187.59,3
2025-09-22 21:00:00,DEBIT,489,93342.09,3
2025-09-22 21:00:00,P2P_TRANSFER,343,85649.98,3
2025-09-22 22:00:00,CREDIT,426,103752.16,1
2025-09-22 22:00:00,DEBIT,335,91120.01,1
2025-09-22 22:00:00,P2P_TRANSFER,441,62921.72,3
2025-09-22 23:00:00,CREDIT,345,43150.61,4
2025-09-22 23:00:00,DEBIT,644,94284.54,0
2025-09-22 23:00:00,P2P_TRANSFER,297,40878.9,1
2025-09-23 00:00:00,CREDIT,479,109080.58,1
2025-09-23 00:00:00,DEBIT,600,227682.59,6
2025-09-23 00:00:00,P2P_TRANSFER,686,223926.65,4
2025-09-23 01:00:00,CREDIT,489,151688.68,3
2025-09-23 01:00:00,DEBIT,595,161950.5,3
2025-09-23 01:00:00,P2P_TRANSFER,705,269138.61,3
2025-09-23 02:00:00,CREDIT,410,130155.7,3
2025-09-23 02:00:00,DEBIT,669,135714.18,1
2025-09-23 02:00:00,P2P_TRANSFER,723,187873.75,6
2025-09-23 03:00:00,CREDIT,483,162946.64,4
2025-09-23 03:00:00,DEBIT,647,158688.46,3
2025-09-23 03:00:00,P2P_TRANSFER,459,88599.06,0
2025-09-23 04:00:00,CREDIT,344,103728.09,1
2025-09-23 04:00:00,DEBIT,267,95538.62,1
2025-09-23 04:00:00,P2P_TRANSFER,196,39922.25,0
2025-09-23 05:00:00,CREDIT,452,8000.0,1
2025-09-23 05:00:00,DEBIT,560,165526.07,3
2025-09-23 05:00:00,P2P_TRANSFER,341,78879.39,1
2025-09-23 06:00:00,CREDIT,317,74313.9,3
2025-09-23 06:00:00,DEBIT,369,105207.35,4
2025-09-23 06:00:00,P2P_TRANSFER,511,156950.68,4
2025-09-23 07:00:00,CREDIT,523,161323.59,3
2025-09-23 07:00:00,DEBIT,375,81290.24,4
2025-09-23 07:00:00,P2P_TRANSFER,405,33649.86,1
2025-09-23 08:00:00,CREDIT,602,109632.49,0
2025-09-23 08:00:00,DEBIT,479,75887.73,4
2025-09-23 08:00:00,P2P_TRANSFER,1000,211957.27,6
2025-09-23 09:00:00,CREDIT,437,112546.18,1
2025-09-23 09:00:00,DEBIT,443,92576.02,3
2025-09-23 09:00:00,P2P_TRANSFER,745,38405.14,3
2025-09-23 10:00:00,CREDIT,1102,400000.0,7
2025-09-23 10:00:00,DEBIT,659,213636.43,1
2025-09-23 10:00:00,P2P_TRANSFER,403,92143.21,1
2025-09-23 11:00:00,CREDIT,703,188364.07,3
2025-09-23 11:00:00,DEBIT,840,196332.78,4
2025-09-23 11:00:00,P2P_TRANSFER,653,193311.7,1
2025-09-23 12:00:00,CREDIT,490,27894.8,1
2025-09-23 12:00:00,DEBIT,474,127883.58,1
2025-09-23 12:00:00,P2P_TRANSFER,554,137420.86,1
2025-09-23 13:00:00,CREDIT,296,52251.68,1
2025-09-23 13:00:00,DEBIT,254,83444.14,4
2025-09-23 13:00:00,P2P_TRANSFER,187,50965.25,0
2025-09-23 14:00:00,CREDIT,246,85612.24,3
2025-09-23 14:00:00,DEBIT,361,80215.23,1
2025-09-23 14:00:00,P2P_TRANSFER,371,61428.84,1
2025-09-23 15:00:00,CREDIT,222,34955.39,1
2025-09-23 15:00:00,DEBIT,383,61016.3,3
2025-09-23 15:00:00,P2P_TRANSFER,465,198921.74,3
2025-09-23 16:00:00,CREDIT,280,50513.01,4
2025-09-23 16:00:00,DEBIT,593,155239.3,3
2025-09-23 16:00:00,P2P_TRANSFER,708,111783.09,4
2025-09-23 17:00:00,CREDIT,358,86277.88,3
2025-09-23 17:00:00,DEBIT,811,214574.64,3
2025-09-23 17:00:00,P2P_TRANSFER,901,157734.98,1
2025-09-23 18:00:00,CREDIT,766,174739.31,4
2025-09-23 18:00:00,DEBIT,817,254762.43,6
2025-09-23 18:00:00,P2P_TRANSFER,852,287546.25,6
2025-09-23 19:00:00,CREDIT,873,180783.7,6
2025-09-23 19:00:00,DEBIT,704,190471.75,6
2025-09-23 19:00:00,P2P_TRANSFER,296,107158.58,3
2025-09-23 20:00:00,CREDIT,627,143688.49,6
2025-09-23 20:00:00,DEBIT,651,139983.93,4
2025-09-23 20:00:00,P2P_TRANSFER,587,195056.45,3
2025-09-23 21:00:00,CREDIT,301,36924.32,0
2025-09-23 21:00:00,DEBIT,352,79747.93,1
2025-09-23 21:00:00,P2P_TRANSFER,509,11602.37,3
2025-09-23 22:00:00,CREDIT,488,131043.76,0
2025-09-23 22:00:00,DEBIT,505,172738.74,3
2025-09-23 22:00:00,P2P_TRANSFER,447,117440.61,1
2025-09-23 23:00:00,CREDIT,369,136626.3,4
2025-09-23 23:00:00,DEBIT,184,66348.05,0
2025-09-23 23:00:00,P2P_TRANSFER,481,149018.98,3
2025-09-24 00:00:00,CREDIT,352,84960.77,0
2025-09-24 00:00:00,DEBIT,686,141981.38,4
2025-09-24 00:00:00,P2P_TRANSFER,565,101925.31,1
2025-09-24 01:00:00,CREDIT,493,64771.82,4
2025-09-24 01:00:00,DEBIT,573,187176.04,3
2025-09-24 01:00:00,P2P_TRANSFER,618,230952.46,6
2025-09-24 02:00:00,CREDIT,753,117912.66,3
2025-09-24 02:00:00,DEBIT,679,149306.52,1
2025-09-24 02:00:00,P2P_TRANSFER,596,216612.43,1
2025-09-24 03:00:00,CREDIT,947,284831.95,3
2025-09-24 03:00:00,DEBIT,546,118638.25,3
2025-09-24 03:00:00,P2P_TRANSFER,428,165638.74,4
2025-09-24 04:00:00,CREDIT,631,228303.15,3
2025-09-24 04:00:00,DEBIT,527,78816.97,0
2025-09-24 04:00:00,P2P_TRANSFER,435,164792.02,6
2025-09-24 05:00:00,CREDIT,365,40862.55,1
2025-09-24 05:00:00,DEBIT,388,165428.53,4
2025-09-24 05:00:00,P2P_TRANSFER,348,96877.66,3
2025-09-24 06:00:00,CREDIT,336,87055.58,3
2025-09-24 06:00:00,DEBIT,296,68662.01,4
2025-09-24 06:00:00,P2P_TRANSFER,523,114350.13,3
2025-09-24 07:00:00,CREDIT,603,141737.02,6
2025-09-24 07:00:00,DEBIT,288,31648.7,4
2025-09-24 07:00:00,P2P_TRANSFER,398,36802.41,1
2025-09-24 08:00:00,CREDIT,401,97961.98,3
2025-09-24 08:00:00,DEBIT,517,112648.76,3
2025-09-24 08:00:00,P2P_TRANSFER,679,126234.09,4
2025-09-24 09:00:00,CREDIT,498,141784.02,3
2025-09-24 09:00:00,DEBIT,826,189161.54,4
2025-09-24 09:00:00,P2P_TRANSFER,601,79876.78,1
2025-09-24 10:00:00,CREDIT,670,200859.18,6
2025-09-24 10:00:00,DEBIT,552,101275.2,3
2025-09-24 10:00:00,P2P_TRANSFER,489,110544.73,3
2025-09-24 11:00:00,CREDIT,500,84024.13,1
2025-09-24 11:00:00,DEBIT,706,201668.58,4
2025-09-24 11:00:00,P2P_TRANSFER,881,288581.16,4
2025-09-24 12:00:00,CREDIT,570,93834.98,6
2025-09-24 12:00:00,DEBIT,426,130544.86,1
2025-09-24 12:00:00,P2P_TRANSFER,415,84208.72,3
2025-09-24 13:00:00,CREDIT,284,48148.48,3
2025-09-24 13:00:00,DEBIT,444,60699.15,1
2025-09-24 13:00:00,P2P_TRANSFER,50,9419.06,1
2025-09-24 14:00:00,CREDIT,527,135482.25,4
2025-09-24 14:00:00,DEBIT,327,94536.02,1
2025-09-24 14:00:00,P2P_TRANSFER,448,137184.89,1
2025-09-24 15:00:00,CREDIT,225,80945.85,3
2025-09-24 15:00:00,DEBIT,704,120983.73,4
2025-09-24 15:00:00,P2P_TRANSFER,135,41659.3,0
2025-09-24 16:00:00,CREDIT,103,62305.0,2
2025-09-24 16:00:00,DEBIT,208,135788.54,2
2025-09-24 16:00:00,P2P_TRANSFER,229,221502.94,2
2025-09-24 17:00:00,CREDIT,192,98867.28,1
2025-09-24 17:00:00,DEBIT,159,127884.64,1
2025-09-24 17:00:00,P2P_TRANSFER,346,314965.5,3
2025-09-24 18:00:00,CREDIT,203,235268.13,4
2025-09-24 18:00:00,DEBIT,274,251967.54,4
2025-09-24 18:00:00,P2P_TRANSFER,187,165853.77,2
2025-09-24 19:00:00,CREDIT,249,202518.65,1
2025-09-24 19:00:00,DEBIT,167,82499.18,1
2025-09-24 19:00:00,P2P_TRANSFER,145,80808.81,1
2025-09-24 20:00:00,CREDIT,269,230892.16,4
2025-09-24 20:00:00,DEBIT,142,72769.16,2
2025-09-24 20:00:00,P2P_TRANSFER,187,131957.65,2
2025-09-24 21:00:00,CREDIT,125,122096.9,2
2025-09-24 21:00:00,DEBIT,114,74026.64,1
2025-09-24 21:00:00,P2P_TRANSFER,182,145397.13,3
2025-09-24 22:00:00,CREDIT,148,112307.27,0
2025-09-24 22:00:00,DEBIT,145,136810.01,1
2025-09-24 22:00:00,P2P_TRANSFER,150,129909.1,2
2025-09-24 23:00:00,CREDIT,183,182245.8,0
2025-09-24 23:00:00,DEBIT,215,142543.04,1
2025-09-24 23:00:00,P2P_TRANSFER,210,156657.84,1
2025-09-25 00:00:00,CREDIT,193,135309.14,2
2025-09-25 00:00:00,DEBIT,133,62614.1,1
2025-09-25 00:00:00,P2P_TRANSFER,297,76380.44,2
2025-09-25 01:00:00,CREDIT,271,140044.06,3
2025-09-25 01:00:00,DEBIT,174,132637.64,1
2025-09-25 01:00:00,P2P_TRANSFER,243,192416.0,3
2025-09-25 02:00:00,CREDIT,260,271193.2,2
2025-09-25 02:00:00,DEBIT,258,173332.34,3
2025-09-25 02:00:00,P2P_TRANSFER,260,196097.37,3
2025-09-25 03:00:00,CREDIT,338,214083.32,2
2025-09-25 03:00:00,DEBIT,164,79771.66,0
2025-09-25 03:00:00,P2P_TRANSFER,141,127705.58,2
2025-09-25 04:00:00,CREDIT,289,212725.38,4
2025-09-25 04:00:00,DEBIT,115,68770.78,1
2025-09-25 04:00:00,P2P_TRANSFER,178,111786.32,2
2025-09-25 05:00:00,CREDIT,130,77159.58,2
2025-09-25 05:00:00,DEBIT,222,129112.79,1
2025-09-25 05:00:00,P2P_TRANSFER,172,115572.16,0
2025-09-25 06:00:00,CREDIT,140,131552.22,2
2025-09-25 06:00:00,DEBIT,146,90450.98,3
2025-09-25 06:00:00,P2P_TRANSFER,130,82523.87,0
2025-09-25 07:00:00,CREDIT,111,112418.29,0
2025-09-25 07:00:00,DEBIT,162,161323.61,3
2025-09-25 07:00:00,P2P_TRANSFER,108,83348.07,1
2025-09-25 08:00:00,CREDIT,115,108853.72,1
2025-09-25 08:00:00,DEBIT,170,127118.16,2
2025-09-25 08:00:00,P2P_TRANSFER,238,226440.97,2
2025-09-25 09:00:00,CREDIT,237,187579.18,3
2025-09-25 09:00:00,DEBIT,279,189297.41,2
2025-09-25 09:00:00,P2P_TRANSFER,107,39090.26,2
2025-09-25 10:00:00,CREDIT,226,128572.37,1
2025-09-25 10:00:00,DEBIT,291,268392.31,4
2025-09-25 10:00:00,P2P_TRANSFER,292,150541.59,3
2025-09-25 11:00:00,CREDIT,295,207142.22,2
2025-09-25 11:00:00,DEBIT,239,120974.29,1
2025-09-25 11:00:00,P2P_TRANSFER,131,87909.07,1
2025-09-25 12:00:00,CREDIT,272,237181.86,3
2025-09-25 12:00:00,DEBIT,218,178224.42,1
2025-09-25 12:00:00,P2P_TRANSFER,322,179464.6,2
2025-09-25 13:00:00,CREDIT,187,185114.3,4
2025-09-25 13:00:00,DEBIT,177,164811.59,2
2025-09-25 13:00:00,P2P_TRANSFER,175,180413.7,2
2025-09-25 14:00:00,CREDIT,96,56787.92,0
2025-09-25 14:00:00,DEBIT,191,101393.34,0
2025-09-25 14:00:00,P2P_TRANSFER,159,83621.25,3
2025-09-25 15:00:00,CREDIT,110,87688.26,1
2025-09-25 15:00:00,DEBIT,111,78696.26,2
2025-09-25 15:00:00,P2P_TRANSFER,240,142280.45,3
2025-09-25 16:00:00,CREDIT,260,90504.77,1
2025-09-25 16:00:00,DEBIT,228,137258.68,4
2025-09-25 16:00:00,P2P_TRANSFER,317,286051.73,4
2025-09-25 17:00:00,CREDIT,387,365177.67,3
2025-09-25 17:00:00,DEBIT,268,196934.39,2
2025-09-25 17:00:00,P2P_TRANSFER,273,193037.73,2
2025-09-25 18:00:00,CREDIT,376,234291.63,4
2025-09-25 18:00:00,DEBIT,342,225438.58,2
2025-09-25 18:00:00,P2P_TRANSFER,208,155025.89,2
2025-09-25 19:00:00,CREDIT,180,130464.72,2
2025-09-25 19:00:00,DEBIT,237,319033.74,2
2025-09-25 19:00:00,P2P_TRANSFER,207,276553.02,0
2025-09-25 20:00:00,CREDIT,231,241792.89,2
2025-09-25 20:00:00,DEBIT,211,120271.73,2
2025-09-25 20:00:00,P2P_TRANSFER,199,108824.78,0
2025-09-25 21:00:00,CREDIT,148,133721.84,1
2025-09-25 21:00:00,DEBIT,189,164785.82,0
2025-09-25 21:00:00,P2P_TRANSFER,109,59131.71,0
2025-09-25 22:00:00,CREDIT,98,97394.52,1
2025-09-25 22:00:00,DEBIT,133,131335.45,0
2025-09-25 22:00:00,P2P_TRANSFER,211,106220.51,3
2025-09-25 23:00:00,CREDIT,157,124333.43,4
2025-09-25 23:00:00,DEBIT,254,202113.2,2
2025-09-25 23:00:00,P2P_TRANSFER,145,122432.23,2
2025-09-26 00:00:00,CREDIT,146,172800.12,2
2025-09-26 00:00:00,DEBIT,194,207575.19,1
2025-09-26 00:00:00,P2P_TRANSFER,167,158180.35,1
2025-09-26 01:00:00,CREDIT,155,130747.39,1
2025-09-26 01:00:00,DEBIT,271,301452.89,3
2025-09-26 01:00:00,P2P_TRANSFER,254,290877.34,4
2025-09-26 02:00:00,CREDIT,126,67801.17,3
2025-09-26 02:00:00,DEBIT,268,236758.85,3
2025-09-26 02:00:00,P2P_TRANSFER,204,274405.33,4
2025-09-26 03:00:00,CREDIT,265,229465.66,2
2025-09-26 03:00:00,DEBIT,234,133962.02,3
2025-09-26 03:00:00,P2P_TRANSFER,160,134831.93,3
2025-09-26 04:00:00,CREDIT,170,184284.66,3
2025-09-26 04:00:00,DEBIT,200,106437.64,1
2025-09-26 04:00:00,P2P_TRANSFER,177,137921.5,2
2025-09-26 05:00:00,CREDIT,207,111507.7,0
2025-09-26 05:00:00,DEBIT,153,129525.81,1
2025-09-26 05:00:00,P2P_TRANSFER,153,163640.16,1
2025-09-26 06:00:00,CREDIT,184,117967.24,2
2025-09-26 06:00:00,DEBIT,130,60904.77,1
2025-09-26 06:00:00,P2P_TRANSFER,150,82605.48,0
2025-09-26 07:00:00,CREDIT,117,94524.22,3
2025-09-26 07:00:00,DEBIT,149,46972.69,0
2025-09-26 07:00:00,P2P_TRANSFER,160,109898.97,3
2025-09-26 08:00:00,CREDIT,124,87498.4,2
2025-09-26 08:00:00,DEBIT,206,147359.51,2
2025-09-26 08:00:00,P2P_TRANSFER,220,205346.24,3
2025-09-26 09:00:00,CREDIT,254,105849.42,2
2025-09-26 09:00:00,DEBIT,322,233332.17,2
2025-09-26 09:00:00,P2P_TRANSFER,251,166612.46,2
2025-09-26 10:00:00,CREDIT,274,243176.26,1
2025-09-26 10:00:00,DEBIT,255,195212.67,4
2025-09-26 10:00:00,P2P_TRANSFER,156,71178.37,1
2025-09-26 11:00:00,CREDIT,250,50272.37,1
2025-09-26 11:00:00,DEBIT,267,295839.7,3
2025-09-26 11:00:00,P2P_TRANSFER,303,167076.72,4
2025-09-26 12:00:00,CREDIT,261,204840.29,2
2025-09-26 12:00:00,DEBIT,115,107922.84,2
2025-09-26 12:00:00,P2P_TRANSFER,101,81936.58,1
2025-09-26 13:00:00,CREDIT,62,52121.18,0
2025-09-26 13:00:00,DEBIT,155,110341.14,1
2025-09-26 13:00:00,P2P_TRANSFER,198,140407.69,3
2025-09-26 14:00:00,CREDIT,116,69674.15,0
2025-09-26 14:00:00,DEBIT,133,92664.23,0
2025-09-26 14:00:00,P2P_TRANSFER,114,54542.56,1
2025-09-26 15:00:00,CREDIT,153,172419.48,1
2025-09-26 15:00:00,DEBIT,178,141431.28,2
2025-09-26 15:00:00,P2P_TRANSFER,275,133820.22,2
2025-09-26 16:00:00,CREDIT,212,134283.77,2
2025-09-26 16:00:00,DEBIT,57,43687.79,1
2025-09-26 16:00:00,P2P_TRANSFER,53,29084.36,0
2025-09-26 17:00:00,CREDIT,226,238447.77,0
2025-09-26 17:00:00,DEBIT,220,186181.56,3
2025-09-26 17:00:00,P2P_TRANSFER,240,118901.9,2
2025-09-26 18:00:00,CREDIT,214,173917.57,1
2025-09-26 18:00:00,DEBIT,261,181926.09,3
2025-09-26 18:00:00,P2P_TRANSFER,320,174772.18,3
2025-09-26 19:00:00,CREDIT,291,309163.38,2
2025-09-26 19:00:00,DEBIT,336,161440.73,3
2025-09-26 19:00:00,P2P_TRANSFER,335,110357.53,2
2025-09-26 20:00:00,CREDIT,266,280787.11,3
2025-09-26 20:00:00,DEBIT,190,95337.28,1
2025-09-26 20:00:00,P2P_TRANSFER,204,156466.33,4
2025-09-26 21:00:00,CREDIT,175,98346.07,2
2025-09-26 21:00:00,DEBIT,132,138355.35,2
2025-09-26 21:00:00,P2P_TRANSFER,124,61376.58,2
2025-09-26 22:00:00,CREDIT,128,67283.27,0
2025-09-26 22:00:00,DEBIT,147,146101.33,3
2025-09-26 22:00:00,P2P_TRANSFER,143,137268.51,2
2025-09-26 23:00:00,CREDIT,151,144464.99,2
2025-09-26 23:00:00,DEBIT,200,152375.76,2
2025-09-26 23:00:00,P2P_TRANSFER,143,41214.63,2
2025-09-27 00:00:00,CREDIT,203,159387.49,2
2025-09-27 00:00:00,DEBIT,220,219479.97,4
2025-09-27 00:00:00,P2P_TRANSFER,102,70745.76,2
2025-09-27 01:00:00,CREDIT,225,101832.56,2
2025-09-27 01:00:00,DEBIT,225,228690.37,3
2025-09-27 01:00:00,P2P_TRANSFER,194,142296.17,2
2025-09-27 02:00:00,CREDIT,343,342602.87,5
2025-09-27 02:00:00,DEBIT,143,119769.97,1
2025-09-27 02:00:00,P2P_TRANSFER,241,274298.35,2
2025-09-27 03:00:00,CREDIT,195,79214.49,1
2025-09-27 03:00:00,DEBIT,150,98577.94,1
2025-09-27 03:00:00,P2P_TRANSFER,270,156302.61,2
2025-09-27 04:00:00,CREDIT,74,60063.2,0
2025-09-27 04:00:00,DEBIT,247,93574.4,3
2025-09-27 04:00:00,P2P_TRANSFER,160,155123.11,1
2025-09-27 05:00:00,CREDIT,204,103916.33,2
2025-09-27 05:00:00,DEBIT,102,41896.85,0
2025-09-27 05:00:00,P2P_TRANSFER,163,149051.6,2
2025-09-27 06:00:00,CREDIT,154,142746.55,1
2025-09-27 06:00:00,DEBIT,115,87426.57,1
2025-09-27 06:00:00,P2P_TRANSFER,165,176647.75,2
2025-09-27 07:00:00,CREDIT,117,108410.0,1
2025-09-27 07:00:00,DEBIT,181,120452.67,2
2025-09-27 07:00:00,P2P_TRANSFER,182,212808.69,3
2025-09-27 08:00:00,CREDIT,68,54444.92,0
2025-09-27 08:00:00,DEBIT,199,142468.68,2
2025-09-27 08:00:00,P2P_TRANSFER,254,153756.89,1
2025-09-27 09:00:00,CREDIT,197,250899.04,1
2025-09-27 09:00:00,DEBIT,301,270850.73,3
2025-09-27 09:00:00,P2P_TRANSFER,269,178783.21,3
2025-09-27 10:00:00,CREDIT,149,54269.2,0
2025-09-27 10:00:00,DEBIT,304,152201.54,2
2025-09-27 10:00:00,P2P_TRANSFER,150,117049.17,1
2025-09-27 11:00:00,CREDIT,302,171359.82,1
2025-09-27 11:00:00,DEBIT,133,43309.09,0
2025-09-27 11:00:00,P2P_TRANSFER,212,152000.05,3
2025-09-27 12:00:00,CREDIT,104,27045.17,0
2025-09-27 12:00:00,DEBIT,174,158758.11,3
2025-09-27 12:00:00,P2P_TRANSFER,106,57007.35,0
2025-09-27 13:00:00,CREDIT,89,76085.86,1
2025-09-27 13:00:00,DEBIT,207,188574.41,3
2025-09-27 13:00:00,P2P_TRANSFER,182,95641.61,0
2025-09-27 14:00:00,CREDIT,178,134462.04,1
2025-09-27 14:00:00,DEBIT,169,196238.89,2
2025-09-27 14:00:00,P2P_TRANSFER,151,88717.87,0
2025-09-27 15:00:00,CREDIT,213,189660.95,2
2025-09-27 15:00:00,DEBIT,201,183515.97,2
2025-09-27 15:00:00,P2P_TRANSFER,142,102068.33,2
2025-09-27 16:00:00,CREDIT,141,108595.04,1
2025-09-27 16:00:00,DEBIT,110,91443.64,2
2025-09-27 16:00:00,P2P_TRANSFER,89,10000.0,0
2025-09-27 17:00:00,CREDIT,147,91942.15,1
2025-09-27 17:00:00,DEBIT,343,292412.62,5
2025-09-27 17:00:00,P2P_TRANSFER,339,297923.31,5
2025-09-27 18:00:00,CREDIT,164,65732.38,1
2025-09-27 18:00:00,DEBIT,283,165958.23,2
2025-09-27 18:00:00,P2P_TRANSFER,199,183328.95,3
2025-09-27 19:00:00,CREDIT,229,42864.76,1
2025-09-27 19:00:00,DEBIT,199,82089.26,1
2025-09-27 19:00:00,P2P_TRANSFER,259,173098.84,3
2025-09-27 20:00:00,CREDIT,206,83459.4,2
2025-09-27 20:00:00,DEBIT,156,125904.26,1
2025-09-27 20:00:00,P2P_TRANSFER,252,81353.44,0
2025-09-27 21:00:00,CREDIT,166,153517.99,1
2025-09-27 21:00:00,DEBIT,159,163947.16,3
2025-09-27 21:00:00,P2P_TRANSFER,186,119195.97,2
2025-09-27 22:00:00,CREDIT,147,92129.09,3
2025-09-27 22:00:00,DEBIT,95,65362.07,1
2025-09-27 22:00:00,P2P_TRANSFER,144,110437.31,0
2025-09-27 23:00:00,CREDIT,212,117532.55,2
2025-09-27 23:00:00,DEBIT,127,120290.68,1
2025-09-27 23:00:00,P2P_TRANSFER,213,123225.21,2
2025-09-28 00:00:00,CREDIT,76,58877.43,2
2025-09-28 00:00:00,DEBIT,273,193587.27,3
2025-09-28 00:00:00,P2P_TRANSFER,266,78881.07,2
2025-09-28 01:00:00,CREDIT,299,176535.98,3
2025-09-28 01:00:00,DEBIT,129,91028.9,2
2025-09-28 01:00:00,P2P_TRANSFER,233,171471.79,3
2025-09-28 02:00:00,CREDIT,327,150650.07,3
2025-09-28 02:00:00,DEBIT,163,100394.4,1
2025-09-28 02:00:00,P2P_TRANSFER,286,163496.69,2
2025-09-28 03:00:00,CREDIT,291,230095.75,3
2025-09-28 03:00:00,DEBIT,191,133871.28,1
2025-09-28 03:00:00,P2P_TRANSFER,269,248297.48,2
2025-09-28 04:00:00,CREDIT,151,131101.86,1
2025-09-28 04:00:00,DEBIT,211,129651.85,2
2025-09-28 04:00:00,P2P_TRANSFER,53,33151.51,2
2025-09-28 05:00:00,CREDIT,117,52416.5,1
2025-09-28 05:00:00,DEBIT,143,138982.42,3
2025-09-28 05:00:00,P2P_TRANSFER,175,145953.35,2
2025-09-28 06:00:00,CREDIT,153,119218.18,0
2025-09-28 06:00:00,DEBIT,146,32311.31,1
2025-09-28 06:00:00,P2P_TRANSFER,134,165853.95,0
2025-09-28 07:00:00,CREDIT,107,47457.82,0
2025-09-28 07:00:00,DEBIT,147,91198.77,0
2025-09-28 07:00:00,P2P_TRANSFER,173,151177.48,2
2025-09-28 08:00:00,CREDIT,205,161126.2,5
2025-09-28 08:00:00,DEBIT,277,218132.1,2
2025-09-28 08:00:00,P2P_TRANSFER,233,243388.16,2
2025-09-28 09:00:00,CREDIT,266,265316.5,3
2025-09-28 09:00:00,DEBIT,299,237115.62,4
2025-09-28 09:00:00,P2P_TRANSFER,232,171356.29,2
2025-09-28 10:00:00,CREDIT,317,164082.92,4
2025-09-28 10:00:00,DEBIT,211,190848.08,2
2025-09-28 10:00:00,P2P_TRANSFER,304,208814.94,1
2025-09-28 11:00:00,CREDIT,419,347606.98,5
2025-09-28 11:00:00,DEBIT,220,170313.73,2
2025-09-28 11:00:00,P2P_TRANSFER,183,32001.53,1
2025-09-28 12:00:00,CREDIT,298,148303.67,1
2025-09-28 12:00:00,DEBIT,153,100909.87,3
2025-09-28 12:00:00,P2P_TRANSFER,95,126324.92,2
2025-09-28 13:00:00,CREDIT,95,71394.74,2
2025-09-28 13:00:00,DEBIT,152,59111.98,1
2025-09-28 13:00:00,P2P_TRANSFER,240,190085.66,0
2025-09-28 14:00:00,CREDIT,221,212299.39,3
2025-09-28 14:00:00,DEBIT,141,101968.77,3
2025-09-28 14:00:00,P2P_TRANSFER,74,10000.0,1
2025-09-28 15:00:00,CREDIT,121,35828.61,2
2025-09-28 15:00:00,DEBIT,228,229531.18,2
2025-09-28 15:00:00,P2P_TRANSFER,246,165253.2,1
2025-09-28 16:00:00,CREDIT,174,111766.7,2
2025-09-28 16:00:00,DEBIT,78,57419.16,1
2025-09-28 16:00:00,P2P_TRANSFER,197,177615.82,1
2025-09-28 17:00:00,CREDIT,210,147965.18,0
2025-09-28 17:00:00,DEBIT,210,180719.85,1
2025-09-28 17:00:00,P2P_TRANSFER,276,202006.23,2
2025-09-28 18:00:00,CREDIT,319,290872.04,4
2025-09-28 18:00:00,DEBIT,293,271370.07,4
2025-09-28 18:00:00,P2P_TRANSFER,158,93412.01,1
2025-09-28 19:00:00,CREDIT,275,171047.23,1
2025-09-28 19:00:00,DEBIT,210,164711.07,5
2025-09-28 19:00:00,P2P_TRANSFER,250,235580.53,3
2025-09-28 20:00:00,CREDIT,214,98002.88,2
2025-09-28 20:00:00,DEBIT,197,182620.04,1
2025-09-28 20:00:00,P2P_TRANSFER,141,88350.42,1
2025-09-28 21:00:00,CREDIT,243,239387.25,3
2025-09-28 21:00:00,DEBIT,137,72521.66,0
2025-09-28 21:00:00,P2P_TRANSFER,133,87169.32,0
2025-09-28 22:00:00,CREDIT,208,144964.54,3
2025-09-28 22:00:00,DEBIT,195,136888.14,1
2025-09-28 22:00:00,P2P_TRANSFER,153,81691.56,1
2025-09-28 23:00:00,CREDIT,95,101617.54,1
2025-09-28 23:00:00,DEBIT,204,86996.82,1
2025-09-28 23:00:00,P2P_TRANSFER,205,191975.1,1
2025-09-29 00:00:00,CREDIT,320,247671.5,2
2025-09-29 00:00:00,DEBIT,174,202403.81,1
2025-09-29 00:00:00,P2P_TRANSFER,230,248815.16,2
2025-09-29 01:00:00,CREDIT,89,84617.32,2
2025-09-29 01:00:00,DEBIT,186,132372.05,2
2025-09-29 01:00:00,P2P_TRANSFER,149,141599.96,1
2025-09-29 02:00:00,CREDIT,213,203469.47,2
2025-09-29 02:00:00,DEBIT,252,250517.51,1
2025-09-29 02:00:00,P2P_TRANSFER,270,248117.66,5
2025-09-29 03:00:00,CREDIT,189,114807.17,0
2025-09-29 03:00:00,DEBIT,152,105265.33,1
2025-09-29 03:00:00,P2P_TRANSFER,162,116196.06,1
2025-09-29 04:00:00,CREDIT,244,102294.45,2
2025-09-29 04:00:00,DEBIT,266,220545.39,3
2025-09-29 04:00:00,P2P_TRANSFER,175,194415.78,4
2025-09-29 05:00:00,CREDIT,184,115596.74,4
2025-09-29 05:00:00,DEBIT,133,120586.59,0
2025-09-29 05:00:00,P2P_TRANSFER,148,158007.43,1
2025-09-29 06:00:00,CREDIT,154,29762.59,0
2025-09-29 06:00:00,DEBIT,88,69761.04,0
2025-09-29 06:00:00,P2P_TRANSFER,192,136722.87,2
2025-09-29 07:00:00,CREDIT,158,55799.75,3
2025-09-29 07:00:00,DEBIT,188,119221.49,1
2025-09-29 07:00:00,P2P_TRANSFER,265,136600.82,1
2025-09-29 08:00:00,CREDIT,190,138343.34,0
2025-09-29 08:00:00,DEBIT,115,52644.31,0
2025-09-29 08:00:00,P2P_TRANSFER,308,225304.1,2
2025-09-29 09:00:00,CREDIT,233,216867.15,3
2025-09-29 09:00:00,DEBIT,154,87576.26,0
2025-09-29 09:00:00,P2P_TRANSFER,231,147096.38,2
2025-09-29 10:00:00,CREDIT,302,195500.65,3
2025-09-29 10:00:00,DEBIT,193,161673.1,1
2025-09-29 10:00:00,P2P_TRANSFER,378,264903.6,3
2025-09-29 11:00:00,CREDIT,246,103063.72,3
2025-09-29 11:00:00,DEBIT,147,87039.69,1
2025-09-29 11:00:00,P2P_TRANSFER,177,141360.47,3
2025-09-29 12:00:00,CREDIT,163,107036.53,2
2025-09-29 12:00:00,DEBIT,58,30307.31,1
2025-09-29 12:00:00,P2P_TRANSFER,154,176869.12,2
2025-09-29 13:00:00,CREDIT,143,82910.32,0
2025-09-29 13:00:00,DEBIT,158,106902.63,3
2025-09-29 13:00:00,P2P_TRANSFER,35,25048.79,1
2025-09-29 14:00:00,CREDIT,100,72753.88,1
2025-09-29 14:00:00,DEBIT,201,297243.95,4
2025-09-29 14:00:00,P2P_TRANSFER,192,182159.66,3
2025-09-29 15:00:00,CREDIT,228,206910.47,2
2025-09-29 15:00:00,DEBIT,169,162516.52,0
2025-09-29 15:00:00,P2P_TRANSFER,178,115702.86,3
2025-09-29 16:00:00,CREDIT,225,271284.57,3
2025-09-29 16:00:00,DEBIT,185,172747.34,2
2025-09-29 16:00:00,P2P_TRANSFER,213,170736.64,3
2025-09-29 17:00:00,CREDIT,229,226856.17,2
2025-09-29 17:00:00,DEBIT,311,214584.64,3
2025-09-29 17:00:00,P2P_TRANSFER,307,161040.71,3
2025-09-29 18:00:00,CREDIT,295,245392.58,3
2025-09-29 18:00:00,DEBIT,258,315950.95,2
2025-09-29 18:00:00,P2P_TRANSFER,160,120010.85,2
2025-09-29 19:00:00,CREDIT,239,189067.14,4
2025-09-29 19:00:00,DEBIT,123,69545.49,1
2025-09-29 19:00:00,P2P_TRANSFER,122,123879.24,2
2025-09-29 20:00:00,CREDIT,226,96015.89,2
2025-09-29 20:00:00,DEBIT,148,18577.89,1
2025-09-29 20:00:00,P2P_TRANSFER,217,144541.34,3
2025-09-29 21:00:00,CREDIT,255,170460.9,1
2025-09-29 21:00:00,DEBIT,150,138409.63,2
2025-09-29 21:00:00,P2P_TRANSFER,60,39148.05,1
2025-09-29 22:00:00,CREDIT,183,234742.06,4
2025-09-29 22:00:00,DEBIT,162,154732.18,1
2025-09-29 22:00:00,P2P_TRANSFER,228,163951.0,2
2025-09-29 23:00:00,CREDIT,178,212721.05,1
2025-09-29 23:00:00,DEBIT,169,182279.61,2
2025-09-29 23:00:00,P2P_TRANSFER,121,51752.1,0
2025-09-30 00:00:00,CREDIT,148,126684.81,2
2025-09-30 00:00:00,DEBIT,245,145329.25,4
2025-09-30 00:00:00,P2P_TRANSFER,199,156121.77,2
2025-09-30 01:00:00,CREDIT,150,136248.56,1
2025-09-30 01:00:00,DEBIT,150,52033.97,2
2025-09-30 01:00:00,P2P_TRANSFER,252,177578.99,0
2025-09-30 02:00:00,CREDIT,149,144904.4,2
2025-09-30 02:00:00,DEBIT,159,96372.66,2
2025-09-30 02:00:00,P2P_TRANSFER,121,30937.96,1
2025-09-30 03:00:00,CREDIT,269,283934.91,3
2025-09-30 03:00:00,DEBIT,349,315560.04,3
2025-09-30 03:00:00,P2P_TRANSFER,253,233590.54,3
2025-09-30 04:00:00,CREDIT,199,149889.31,2
2025-09-30 04:00:00,DEBIT,247,111852.54,3
2025-09-30 04:00:00,P2P_TRANSFER,232,161582.1,1
2025-09-30 05:00:00,CREDIT,94,98702.54,1
2025-09-30 05:00:00,DEBIT,75,70525.9,0
2025-09-30 05:00:00,P2P_TRANSFER,92,70652.68,2
2025-09-30 06:00:00,CREDIT,179,107837.9,1
2025-09-30 06:00:00,DEBIT,148,75386.72,2
2025-09-30 06:00:00,P2P_TRANSFER,114,42290.08,2
2025-09-30 07:00:00,CREDIT,192,166468.45,2
2025-09-30 07:00:00,DEBIT,236,93020.63,2
2025-09-30 07:00:00,P2P_TRANSFER,189,149416.34,2
2025-09-30 08:00:00,CREDIT,131,75932.82,1
2025-09-30 08:00:00,DEBIT,240,137984.13,1
2025-09-30 08:00:00,P2P_TRANSFER,245,124345.51,3
2025-09-30 09:00:00,CREDIT,194,83146.28,1
2025-09-30 09:00:00,DEBIT,272,193557.21,3
2025-09-30 09:00:00,P2P_TRANSFER,314,292529.19,2
2025-09-30 10:00:00,CREDIT,315,346186.66,4
2025-09-30 10:00:00,DEBIT,159,62882.08,0
2025-09-30 10:00:00,P2P_TRANSFER,253,163702.84,1
2025-09-30 11:00:00,CREDIT,220,197505.02,2
2025-09-30 11:00:00,DEBIT,229,138221.64,2
2025-09-30 11:00:00,P2P_TRANSFER,296,233976.53,2
2025-09-30 12:00:00,CREDIT,259,199080.18,2
2025-09-30 12:00:00,DEBIT,273,254618.68,3
2025-09-30 12:00:00,P2P_TRANSFER,177,104779.35,0
2025-09-30 13:00:00,CREDIT,142,102098.17,1
2025-09-30 13:00:00,DEBIT,94,44376.85,1
2025-09-30 13:00:00,P2P_TRANSFER,80,88391.72,0
2025-09-30 14:00:00,CREDIT,185,128182.24,2
2025-09-30 14:00:00,DEBIT,109,91179.99,0
2025-09-30 14:00:00,P2P_TRANSFER,152,92564.11,0
2025-09-30 15:00:00,CREDIT,226,133829.56,1
2025-09-30 15:00:00,DEBIT,148,80528.28,0
2025-09-30 15:00:00,P2P_TRANSFER,122,99507.75,1
2025-09-30 16:00:00,CREDIT,223,107106.1,2
2025-09-30 16:00:00,DEBIT,129,83154.1,3
2025-09-30 16:00:00,P2P_TRANSFER,238,201690.35,3
2025-09-30 17:00:00,CREDIT,285,335146.85,6
2025-09-30 17:00:00,DEBIT,200,141905.0,2
2025-09-30 17:00:00,P2P_TRANSFER,146,82819.65,0
2025-09-30 18:00:00,CREDIT,205,234848.4,3
2025-09-30 18:00:00,DEBIT,266,279610.53,4
2025-09-30 18:00:00,P2P_TRANSFER,267,224313.18,3
2025-09-30 19:00:00,CREDIT,312,228170.03,2
2025-09-30 19:00:00,DEBIT,159,114733.36,3
2025-09-30 19:00:00,P2P_TRANSFER,322,162205.43,1
2025-09-30 20:00:00,CREDIT,276,318257.95,5
2025-09-30 20:00:00,DEBIT,163,153933.05,2
2025-09-30 20:00:00,P2P_TRANSFER,222,125454.0,2
2025-09-30 21:00:00,CREDIT,272,226827.34,3
2025-09-30 21:00:00,DEBIT,146,172389.05,3
2025-09-30 21:00:00,P2P_TRANSFER,139,89923.3,2
2025-09-30 22:00:00,CREDIT,194,74128.78,2
2025-09-30 22:00:00,DEBIT,206,103351.77,2
2025-09-30 22:00:00,P2P_TRANSFER,161,66433.17,1
2025-09-30 23:00:00,CREDIT,111,43442.24,0
2025-09-30 23:00:00,DEBIT,137,41797.64,1
2025-09-30 23:00:00,P2P_TRANSFER,119,99226.09,1
2025-10-01 00:00:00,CREDIT,188,56432.09,1
2025-10-01 00:00:00,DEBIT,234,137139.3,2
2025-10-01 00:00:00,P2P_TRANSFER,265,214394.21,3
2025-10-01 01:00:00,CREDIT,229,80399.0,0
2025-10-01 01:00:00,DEBIT,183,174699.16,2
2025-10-01 01:00:00,P2P_TRANSFER,416,343977.86,3
2025-10-01 02:00:00,CREDIT,381,287278.43,2
2025-10-01 02:00:00,DEBIT,318,297411.76,3
2025-10-01 02:00:00,P2P_TRANSFER,316,190535.02,3
2025-10-01 03:00:00,CREDIT,155,60804.65,1
2025-10-01 03:00:00,DEBIT,296,113796.43,2
2025-10-01 03:00:00,P2P_TRANSFER,182,90385.63,0
2025-10-01 04:00:00,CREDIT,167,188308.07,3
2025-10-01 04:00:00,DEBIT,189,151288.93,2
2025-10-01 04:00:00,P2P_TRANSFER,156,145977.41,1
2025-10-01 05:00:00,CREDIT,174,188413.81,2
2025-10-01 05:00:00,DEBIT,109,92285.73,2
2025-10-01 05:00:00,P2P_TRANSFER,73,60473.93,1
2025-10-01 06:00:00,CREDIT,120,79981.52,1
2025-10-01 06:00:00,DEBIT,91,32955.96,0
2025-10-01 06:00:00,P2P_TRANSFER,85,98664.19,2
2025-10-01 07:00:00,CREDIT,200,199521.51,4
2025-10-01 07:00:00,DEBIT,102,64485.41,0
2025-10-01 07:00:00,P2P_TRANSFER,157,62650.49,1
2025-10-01 08:00:00,CREDIT,163,154351.64,0
2025-10-01 08:00:00,DEBIT,146,108270.96,1
2025-10-01 08:00:00,P2P_TRANSFER,269,166345.37,2
2025-10-01 09:00:00,CREDIT,268,193653.16,1
2025-10-01 09:00:00,DEBIT,322,240668.31,2
2025-10-01 09:00:00,P2P_TRANSFER,228,259051.37,3
2025-10-01 10:00:00,CREDIT,212,192454.39,3
2025-10-01 10:00:00,DEBIT,348,421112.02,6
2025-10-01 10:00:00,P2P_TRANSFER,193,62026.98,1
2025-10-01 11:00:00,CREDIT,296,264263.11,3
2025-10-01 11:00:00,DEBIT,107,91259.72,0
2025-10-01 11:00:00,P2P_TRANSFER,246,302299.94,2
2025-10-01 12:00:00,CREDIT,184,149573.09,2
2025-10-01 12:00:00,DEBIT,212,157630.95,1
2025-10-01 12:00:00,P2P_TRANSFER,144,136361.14,2
2025-10-01 13:00:00,CREDIT,202,61677.74,2
2025-10-01 13:00:00,DEBIT,128,56251.56,2
2025-10-01 13:00:00,P2P_TRANSFER,111,110359.27,1
2025-10-01 14:00:00,CREDIT,174,106750.29,2
2025-10-01 14:00:00,DEBIT,110,90387.74,1
2025-10-01 14:00:00,P2P_TRANSFER,223,154638.87,2
2025-10-01 15:00:00,CREDIT,109,19910.47,0
2025-10-01 15:00:00,DEBIT,100,87714.18,0
2025-10-01 15:00:00,P2P_TRANSFER,30,20827.97,1
2025-10-01 16:00:00,CREDIT,95,59817.25,0
2025-10-01 16:00:00,DEBIT,342,247641.97,3
2025-10-01 16:00:00,P2P_TRANSFER,238,364694.0,4
2025-10-01 17:00:00,CREDIT,298,180259.54,3
2025-10-01 17:00:00,DEBIT,343,294434.88,3
2025-10-01 17:00:00,P2P_TRANSFER,313,132346.03,4
2025-10-01 18:00:00,CREDIT,249,278271.15,4
2025-10-01 18:00:00,DEBIT,317,271026.12,4
2025-10-01 18:00:00,P2P_TRANSFER,270,221376.3,4
2025-10-01 19:00:00,CREDIT,462,500000.0,3
2025-10-01 19:00:00,DEBIT,182,171180.27,1
2025-10-01 19:00:00,P2P_TRANSFER,184,157579.52,1
2025-10-01 20:00:00,CREDIT,204,216190.03,2
2025-10-01 20:00:00,DEBIT,239,122970.77,2
2025-10-01 20:00:00,P2P_TRANSFER,220,147982.53,1
2025-10-01 21:00:00,CREDIT,148,115073.83,2
2025-10-01 21:00:00,DEBIT,191,139883.25,1
2025-10-01 21:00:00,P2P_TRANSFER,156,180373.77,1
2025-10-01 22:00:00,CREDIT,195,126290.46,0
2025-10-01 22:00:00,DEBIT,89,28969.38,2
2025-10-01 22:00:00,P2P_TRANSFER,210,160603.62,3
2025-10-01 23:00:00,CREDIT,152,94768.78,2
2025-10-01 23:00:00,DEBIT,174,165870.58,1
2025-10-01 23:00:00,P2P_TRANSFER,273,296151.77,2
2025-10-02 00:00:00,CREDIT,148,90065.08,2
2025-10-02 00:00:00,DEBIT,216,183699.94,2
2025-10-02 00:00:00,P2P_TRANSFER,199,106218.76,2
2025-10-02 01:00:00,CREDIT,344,182648.17,3
2025-10-02 01:00:00,DEBIT,297,148437.88,2
2025-10-02 01:00:00,P2P_TRANSFER,203,103502.25,2
2025-10-02 02:00:00,CREDIT,145,145726.34,2
2025-10-02 02:00:00,DEBIT,206,125611.66,2
2025-10-02 02:00:00,P2P_TRANSFER,288,317448.16,4
2025-10-02 03:00:00,CREDIT,383,226767.77,5
2025-10-02 03:00:00,DEBIT,118,89413.05,0
2025-10-02 03:00:00,P2P_TRANSFER,313,200722.04,2
2025-10-02 04:00:00,CREDIT,128,59569.12,2
2025-10-02 04:00:00,DEBIT,253,104320.27,3
2025-10-02 04:00:00,P2P_TRANSFER,138,126127.57,0
2025-10-02 05:00:00,CREDIT,246,101227.82,1
2025-10-02 05:00:00,DEBIT,114,48046.28,2
2025-10-02 05:00:00,P2P_TRANSFER,117,83717.39,1
2025-10-02 06:00:00,CREDIT,172,106765.16,2
2025-10-02 06:00:00,DEBIT,168,115624.95,2
2025-10-02 06:00:00,P2P_TRANSFER,159,71826.65,0
2025-10-02 07:00:00,CREDIT,146,52831.12,1
2025-10-02 07:00:00,DEBIT,244,185009.67,0
2025-10-02 07:00:00,P2P_TRANSFER,123,128575.77,0
2025-10-02 08:00:00,CREDIT,178,142169.9,1
2025-10-02 08:00:00,DEBIT,130,86379.36,0
2025-10-02 08:00:00,P2P_TRANSFER,211,172371.09,2
2025-10-02 09:00:00,CREDIT,280,287435.62,3
2025-10-02 09:00:00,DEBIT,208,95661.91,1
2025-10-02 09:00:00,P2P_TRANSFER,236,304294.73,4
2025-10-02 10:00:00,CREDIT,412,229027.94,3
2025-10-02 10:00:00,DEBIT,118,62276.14,1
2025-10-02 10:00:00,P2P_TRANSFER,281,277785.51,2
2025-10-02 11:00:00,CREDIT,197,128359.34,0
2025-10-02 11:00:00,DEBIT,256,105303.12,2
2025-10-02 11:00:00,P2P_TRANSFER,189,186318.02,3
2025-10-02 12:00:00,CREDIT,152,93155.81,1
2025-10-02 12:00:00,DEBIT,94,51814.41,1
2025-10-02 12:00:00,P2P_TRANSFER,192,180586.97,0
2025-10-02 13:00:00,CREDIT,158,115479.66,2
2025-10-02 13:00:00,DEBIT,164,177040.06,1
2025-10-02 13:00:00,P2P_TRANSFER,170,85109.02,2
2025-10-02 14:00:00,CREDIT,113,70644.29,1
2025-10-02 14:00:00,DEBIT,132,123616.48,1
2025-10-02 14:00:00,P2P_TRANSFER,170,128642.03,1
2025-10-02 15:00:00,CREDIT,246,303435.03,1
2025-10-02 15:00:00,DEBIT,176,188161.97,1
2025-10-02 15:00:00,P2P_TRANSFER,195,80080.73,2
2025-10-02 16:00:00,CREDIT,207,145530.64,1
2025-10-02 16:00:00,DEBIT,109,62461.66,1
2025-10-02 16:00:00,P2P_TRANSFER,275,221174.84,1
2025-10-02 17:00:00,CREDIT,246,162099.02,2
2025-10-02 17:00:00,DEBIT,301,334992.66,2
2025-10-02 17:00:00,P2P_TRANSFER,288,373708.85,4
2025-10-02 18:00:00,CREDIT,385,247306.78,3
2025-10-02 18:00:00,DEBIT,178,39657.1,2
2025-10-02 18:00:00,P2P_TRANSFER,207,280899.52,2
2025-10-02 19:00:00,CREDIT,177,160111.28,2
2025-10-02 19:00:00,DEBIT,142,83973.6,0
2025-10-02 19:00:00,P2P_TRANSFER,177,126933.03,1
2025-10-02 20:00:00,CREDIT,172,152773.27,2
2025-10-02 20:00:00,DEBIT,150,129168.01,0
2025-10-02 20:00:00,P2P_TRANSFER,232,189749.07,3
2025-10-02 21:00:00,CREDIT,141,154789.26,2
2025-10-02 21:00:00,DEBIT,111,48288.07,1
2025-10-02 21:00:00,P2P_TRANSFER,138,96369.43,2
2025-10-02 22:00:00,CREDIT,177,63666.09,1
2025-10-02 22:00:00,DEBIT,130,96787.61,2
2025-10-02 22:00:00,P2P_TRANSFER,184,129831.35,0
2025-10-02 23:00:00,CREDIT,185,163276.46,3
2025-10-02 23:00:00,DEBIT,215,167761.07,3
2025-10-02 23:00:00,P2P_TRANSFER,178,122613.28,1
2025-10-03 00:00:00,CREDIT,220,155893.96,1
2025-10-03 00:00:00,DEBIT,274,282167.48,3
2025-10-03 00:00:00,P2P_TRANSFER,127,83910.54,0
2025-10-03 01:00:00,CREDIT,271,287087.11,2
2025-10-03 01:00:00,DEBIT,343,95957.47,1
2025-10-03 01:00:00,P2P_TRANSFER,332,198191.99,4
2025-10-03 02:00:00,CREDIT,163,111853.19,0
2025-10-03 02:00:00,DEBIT,253,237896.55,1
2025-10-03 02:00:00,P2P_TRANSFER,260,132090.84,3
2025-10-03 03:00:00,CREDIT,255,151313.51,1
2025-10-03 03:00:00,DEBIT,246,132080.68,3
2025-10-03 03:00:00,P2P_TRANSFER,273,122263.13,1
2025-10-03 04:00:00,CREDIT,243,263660.11,1
2025-10-03 04:00:00,DEBIT,150,39920.1,0
2025-10-03 04:00:00,P2P_TRANSFER,169,120345.4,3
2025-10-03 05:00:00,CREDIT,144,60097.6,1
2025-10-03 05:00:00,DEBIT,118,28267.28,1
2025-10-03 05:00:00,P2P_TRANSFER,203,191672.35,2
2025-10-03 06:00:00,CREDIT,115,69751.33,1
2025-10-03 06:00:00,DEBIT,96,50466.6,2
2025-10-03 06:00:00,P2P_TRANSFER,84,23029.82,2
2025-10-03 07:00:00,CREDIT,135,92390.07,2
2025-10-03 07:00:00,DEBIT,234,185274.99,1
2025-10-03 07:00:00,P2P_TRANSFER,130,103150.23,2
2025-10-03 08:00:00,CREDIT,210,155753.37,0
2025-10-03 08:00:00,DEBIT,229,198627.6,3
2025-10-03 08:00:00,P2P_TRANSFER,223,145228.55,0
2025-10-03 09:00:00,CREDIT,330,357803.47,4
2025-10-03 09:00:00,DEBIT,235,149086.22,3
2025-10-03 09:00:00,P2P_TRANSFER,390,329787.72,5
2025-10-03 10:00:00,CREDIT,236,70190.8,1
2025-10-03 10:00:00,DEBIT,176,119524.93,1
2025-10-03 10:00:00,P2P_TRANSFER,390,377949.53,5
2025-10-03 11:00:00,CREDIT,239,261859.1,3
2025-10-03 11:00:00,DEBIT,39,27457.61,1
2025-10-03 11:00:00,P2P_TRANSFER,236,228200.88,2
2025-10-03 12:00:00,CREDIT,305,333093.88,3
2025-10-03 12:00:00,DEBIT,124,124958.83,1
2025-10-03 12:00:00,P2P_TRANSFER,145,106158.69,2
2025-10-03 13:00:00,CREDIT,218,109816.57,2
2025-10-03 13:00:00,DEBIT,167,76342.8,2
2025-10-03 13:00:00,P2P_TRANSFER,95,69098.2,1
2025-10-03 14:00:00,CREDIT,61,27137.37,0
2025-10-03 14:00:00,DEBIT,146,54572.18,1
2025-10-03 14:00:00,P2P_TRANSFER,111,127836.25,2
2025-10-03 15:00:00,CREDIT,128,70206.23,2
2025-10-03 15:00:00,DEBIT,209,197033.51,1
2025-10-03 15:00:00,P2P_TRANSFER,186,138917.84,2
2025-10-03 16:00:00,CREDIT,145,74955.86,2
2025-10-03 16:00:00,DEBIT,281,389428.99,4
2025-10-03 16:00:00,P2P_TRANSFER,229,165366.63,2
2025-10-03 17:00:00,CREDIT,165,99601.99,2
2025-10-03 17:00:00,DEBIT,230,112314.56,2
2025-10-03 17:00:00,P2P_TRANSFER,249,213618.26,4
2025-10-03 18:00:00,CREDIT,432,284568.95,2
2025-10-03 18:00:00,DEBIT,346,416337.26,3
2025-10-03 18:00:00,P2P_TRANSFER,462,392567.03,5
2025-10-03 19:00:00,CREDIT,259,279216.13,3
2025-10-03 19:00:00,DEBIT,261,191503.49,3
2025-10-03 19:00:00,P2P_TRANSFER,238,233022.08,2
2025-10-03 20:00:00,CREDIT,143,69111.6,1
2025-10-03 20:00:00,DEBIT,218,43446.12,1
2025-10-03 20:00:00,P2P_TRANSFER,56,70742.44,1
2025-10-03 21:00:00,CREDIT,263,117026.46,2
2025-10-03 21:00:00,DEBIT,160,133059.25,1
2025-10-03 21:00:00,P2P_TRANSFER,171,119708.62,1
2025-10-03 22:00:00,CREDIT,116,73500.95,1
2025-10-03 22:00:00,DEBIT,97,85253.81,1
2025-10-03 22:00:00,P2P_TRANSFER,121,78554.45,0
2025-10-03 23:00:00,CREDIT,98,98402.16,1
2025-10-03 23:00:00,DEBIT,181,161406.7,2
2025-10-03 23:00:00,P2P_TRANSFER,214,139509.4,1
2025-10-04 00:00:00,CREDIT,186,227259.24,1
2025-10-04 00:00:00,DEBIT,239,192172.49,4
2025-10-04 00:00:00,P2P_TRANSFER,244,207317.36,1
2025-10-04 01:00:00,CREDIT,259,223692.01,2
2025-10-04 01:00:00,DEBIT,363,392961.23,4
2025-10-04 01:00:00,P2P_TRANSFER,47,44030.1,0
2025-10-04 02:00:00,CREDIT,221,113779.47,2
2025-10-04 02:00:00,DEBIT,307,87285.17,3
2025-10-04 02:00:00,P2P_TRANSFER,181,243918.16,0
2025-10-04 03:00:00,CREDIT,228,127107.91,2
2025-10-04 03:00:00,DEBIT,166,118837.03,2
2025-10-04 03:00:00,P2P_TRANSFER,201,292715.58,3
2025-10-04 04:00:00,CREDIT,200,123452.24,1
2025-10-04 04:00:00,DEBIT,245,104701.44,0
2025-10-04 04:00:00,P2P_TRANSFER,230,237321.85,1
2025-10-04 05:00:00,CREDIT,252,104122.91,2
2025-10-04 05:00:00,DEBIT,136,98693.74,2
2025-10-04 05:00:00,P2P_TRANSFER,108,95976.51,0
2025-10-04 06:00:00,CREDIT,133,133991.39,0
2025-10-04 06:00:00,DEBIT,148,157457.76,2
2025-10-04 06:00:00,P2P_TRANSFER,98,87513.3,0
2025-10-04 07:00:00,CREDIT,169,137330.2,0
2025-10-04 07:00:00,DEBIT,191,88721.0,0
2025-10-04 07:00:00,P2P_TRANSFER,168,145036.16,2
2025-10-04 08:00:00,CREDIT,131,101067.49,1
2025-10-04 08:00:00,DEBIT,195,152442.72,1
2025-10-04 08:00:00,P2P_TRANSFER,211,154790.37,2
2025-10-04 09:00:00,CREDIT,311,108410.99,3
2025-10-04 09:00:00,DEBIT,228,95341.79,1
2025-10-04 09:00:00,P2P_TRANSFER,251,230978.25,2
2025-10-04 10:00:00,CREDIT,293,181712.15,2
2025-10-04 10:00:00,DEBIT,341,301583.02,4
2025-10-04 10:00:00,P2P_TRANSFER,304,317994.43,4
2025-10-04 11:00:00,CREDIT,312,53855.1,2
2025-10-04 11:00:00,DEBIT,140,101327.98,1
2025-10-04 11:00:00,P2P_TRANSFER,211,98336.71,2
2025-10-04 12:00:00,CREDIT,253,212097.65,3
2025-10-04 12:00:00,DEBIT,110,71499.01,2
2025-10-04 12:00:00,P2P_TRANSFER,209,142926.22,3
2025-10-04 13:00:00,CREDIT,243,216665.77,1
2025-10-04 13:00:00,DEBIT,102,76733.46,0
2025-10-04 13:00:00,P2P_TRANSFER,137,135001.31,2
2025-10-04 14:00:00,CREDIT,191,217454.19,2
2025-10-04 14:00:00,DEBIT,164,158216.81,4
2025-10-04 14:00:00,P2P_TRANSFER,221,166080.5,4
2025-10-04 15:00:00,CREDIT,244,133347.65,1
2025-10-04 15:00:00,DEBIT,142,108119.94,2
2025-10-04 15:00:00,P2P_TRANSFER,279,327220.45,4
2025-10-04 16:00:00,CREDIT,141,121049.01,2
2025-10-04 16:00:00,DEBIT,313,238242.48,4
2025-10-04 16:00:00,P2P_TRANSFER,210,173554.5,1
2025-10-04 17:00:00,CREDIT,342,114451.1,2
2025-10-04 17:00:00,DEBIT,244,154178.72,2
2025-10-04 17:00:00,P2P_TRANSFER,106,111760.15,1
2025-10-04 18:00:00,CREDIT,293,360760.59,3
2025-10-04 18:00:00,DEBIT,259,209599.35,2
2025-10-04 18:00:00,P2P_TRANSFER,226,207095.66,2
2025-10-04 19:00:00,CREDIT,341,266076.06,2
2025-10-04 19:00:00,DEBIT,237,158680.26,2
2025-10-04 19:00:00,P2P_TRANSFER,315,274253.75,4
2025-10-04 20:00:00,CREDIT,178,147425.96,3
2025-10-04 20:00:00,DEBIT,129,84887.34,2
2025-10-04 20:00:00,P2P_TRANSFER,111,95074.71,2
2025-10-04 21:00:00,CREDIT,99,31468.96,1
2025-10-04 21:00:00,DEBIT,71,28804.45,0
2025-10-04 21:00:00,P2P_TRANSFER,166,84974.26,0
2025-10-04 22:00:00,CREDIT,133,86287.28,1
2025-10-04 22:00:00,DEBIT,189,122789.35,2
2025-10-04 22:00:00,P2P_TRANSFER,142,94079.11,0
2025-10-04 23:00:00,CREDIT,207,68257.49,1
2025-10-04 23:00:00,DEBIT,161,107665.09,1
2025-10-04 23:00:00,P2P_TRANSFER,169,97614.96,0
2025-10-05 00:00:00,CREDIT,309,201321.67,2
2025-10-05 00:00:00,DEBIT,129,130815.8,0
2025-10-05 00:00:00,P2P_TRANSFER,294,298292.71,2
2025-10-05 01:00:00,CREDIT,157,73697.75,1
2025-10-05 01:00:00,DEBIT,278,134346.5,1
2025-10-05 01:00:00,P2P_TRANSFER,210,185337.8,1
2025-10-05 02:00:00,CREDIT,322,185367.48,3
2025-10-05 02:00:00,DEBIT,294,236748.37,2
2025-10-05 02:00:00,P2P_TRANSFER,204,38062.47,0
2025-10-05 03:00:00,CREDIT,194,88051.24,1
2025-10-05 03:00:00,DEBIT,171,105468.95,2
2025-10-05 03:00:00,P2P_TRANSFER,204,180941.36,2
2025-10-05 04:00:00,CREDIT,127,120754.76,0
2025-10-05 04:00:00,DEBIT,231,173990.62,2
2025-10-05 04:00:00,P2P_TRANSFER,222,145763.8,4
2025-10-05 05:00:00,CREDIT,147,153268.68,3
2025-10-05 05:00:00,DEBIT,178,161890.15,2
2025-10-05 05:00:00,P2P_TRANSFER,231,259967.82,4
2025-10-05 06:00:00,CREDIT,95,115029.92,0
2025-10-05 06:00:00,DEBIT,200,178960.46,0
2025-10-05 06:00:00,P2P_TRANSFER,149,111096.05,1
2025-10-05 07:00:00,CREDIT,147,90660.93,0
2025-10-05 07:00:00,DEBIT,182,120610.8,0
2025-10-05 07:00:00,P2P_TRANSFER,190,163546.36,1
2025-10-05 08:00:00,CREDIT,233,231976.74,4
2025-10-05 08:00:00,DEBIT,78,21750.38,0
2025-10-05 08:00:00,P2P_TRANSFER,349,186568.31,3
2025-10-05 09:00:00,CREDIT,289,243585.16,2
2025-10-05 09:00:00,DEBIT,225,57206.15,2
2025-10-05 09:00:00,P2P_TRANSFER,358,151172.93,3
2025-10-05 10:00:00,CREDIT,328,119423.68,1
2025-10-05 10:00:00,DEBIT,417,355438.92,5
2025-10-05 10:00:00,P2P_TRANSFER,281,183405.33,1
2025-10-05 11:00:00,CREDIT,226,225245.43,3
2025-10-05 11:00:00,DEBIT,175,12684.44,2
2025-10-05 11:00:00,P2P_TRANSFER,196,107840.65,2
2025-10-05 12:00:00,CREDIT,174,149153.11,1
2025-10-05 12:00:00,DEBIT,192,127184.06,1
2025-10-05 12:00:00,P2P_TRANSFER,168,85671.9,2
2025-10-05 13:00:00,CREDIT,210,162419.49,1
2025-10-05 13:00:00,DEBIT,178,159017.62,2
2025-10-05 13:00:00,P2P_TRANSFER,149,39320.07,1
2025-10-05 14:00:00,CREDIT,127,61693.17,2
2025-10-05 14:00:00,DEBIT,144,37035.13,1
2025-10-05 14:00:00,P2P_TRANSFER,116,78781.17,2
2025-10-05 15:00:00,CREDIT,215,230105.97,1
2025-10-05 15:00:00,DEBIT,191,121689.6,2
2025-10-05 15:00:00,P2P_TRANSFER,187,113990.66,1
2025-10-05 16:00:00,CREDIT,234,216998.9,3
2025-10-05 16:00:00,DEBIT,202,178602.59,1
2025-10-05 16:00:00,P2P_TRANSFER,238,115442.62,0
2025-10-05 17:00:00,CREDIT,287,209599.54,2
2025-10-05 17:00:00,DEBIT,268,213891.57,4
2025-10-05 17:00:00,P2P_TRANSFER,376,335794.4,4
2025-10-05 18:00:00,CREDIT,174,173490.67,2
2025-10-05 18:00:00,DEBIT,294,380033.65,3
2025-10-05 18:00:00,P2P_TRANSFER,327,319916.66,2
2025-10-05 19:00:00,CREDIT,269,201349.14,2
2025-10-05 19:00:00,DEBIT,160,165419.6,0
2025-10-05 19:00:00,P2P_TRANSFER,86,45135.64,0
2025-10-05 20:00:00,CREDIT,272,280360.46,6
2025-10-05 20:00:00,DEBIT,118,110917.42,0
2025-10-05 20:00:00,P2P_TRANSFER,182,148326.41,3
2025-10-05 21:00:00,CREDIT,156,87953.97,2
2025-10-05 21:00:00,DEBIT,124,118623.92,2
2025-10-05 21:00:00,P2P_TRANSFER,226,99193.72,1
2025-10-05 22:00:00,CREDIT,110,95486.35,0
2025-10-05 22:00:00,DEBIT,208,143075.97,1
2025-10-05 22:00:00,P2P_TRANSFER,124,79551.61,0
2025-10-05 23:00:00,CREDIT,151,114195.5,2
2025-10-05 23:00:00,DEBIT,195,143036.77,2
2025-10-05 23:00:00,P2P_TRANSFER,219,265823.26,1
2025-10-06 00:00:00,CREDIT,223,188598.15,0
2025-10-06 00:00:00,DEBIT,221,162302.51,0
2025-10-06 00:00:00,P2P_TRANSFER,228,188053.73,0
2025-10-06 01:00:00,CREDIT,215,176503.31,0
2025-10-06 01:00:00,DEBIT,294,110050.21,2
2025-10-06 01:00:00,P2P_TRANSFER,335,222848.71,3
2025-10-06 02:00:00,CREDIT,210,147609.67,3
2025-10-06 02:00:00,DEBIT,320,246040.48,1
2025-10-06 02:00:00,P2P_TRANSFER,174,126983.64,1
2025-10-06 03:00:00,CREDIT,192,189735.23,3
2025-10-06 03:00:00,DEBIT,183,177371.12,1
2025-10-06 03:00:00,P2P_TRANSFER,219,120297.8,3
2025-10-06 04:00:00,CREDIT,220,173606.82,2
2025-10-06 04:00:00,DEBIT,249,143553.63,1
2025-10-06 04:00:00,P2P_TRANSFER,154,140572.57,0
2025-10-06 05:00:00,CREDIT,67,39925.34,2
2025-10-06 05:00:00,DEBIT,174,110461.71,1
2025-10-06 05:00:00,P2P_TRANSFER,166,132055.94,1
2025-10-06 06:00:00,CREDIT,181,122755.89,3
2025-10-06 06:00:00,DEBIT,129,99095.1,1
2025-10-06 06:00:00,P2P_TRANSFER,190,182420.2,0
2025-10-06 07:00:00,CREDIT,136,45708.0,0
2025-10-06 07:00:00,DEBIT,89,35137.09,2
2025-10-06 07:00:00,P2P_TRANSFER,228,148523.12,2
2025-10-06 08:00:00,CREDIT,193,204255.3,1
2025-10-06 08:00:00,DEBIT,300,155056.45,2
2025-10-06 08:00:00,P2P_TRANSFER,324,276201.1,4
2025-10-06 09:00:00,CREDIT,213,91108.73,1
2025-10-06 09:00:00,DEBIT,363,328208.18,4
2025-10-06 09:00:00,P2P_TRANSFER,301,310402.86,3
2025-10-06 10:00:00,CREDIT,264,201832.96,0
2025-10-06 10:00:00,DEBIT,312,132565.92,2
2025-10-06 10:00:00,P2P_TRANSFER,144,166472.31,1
2025-10-06 11:00:00,CREDIT,252,187669.7,3
2025-10-06 11:00:00,DEBIT,269,213107.17,3
2025-10-06 11:00:00,P2P_TRANSFER,179,125311.71,3
2025-10-06 12:00:00,CREDIT,158,83994.47,3
2025-10-06 12:00:00,DEBIT,169,183377.08,3
2025-10-06 12:00:00,P2P_TRANSFER,153,67810.08,1
2025-10-06 13:00:00,CREDIT,117,97449.0,2
2025-10-06 13:00:00,DEBIT,164,79740.27,2
2025-10-06 13:00:00,P2P_TRANSFER,98,49439.32,1
2025-10-06 14:00:00,CREDIT,109,72605.34,1
2025-10-06 14:00:00,DEBIT,153,146095.22,1
2025-10-06 14:00:00,P2P_TRANSFER,201,61047.04,2
2025-10-06 15:00:00,CREDIT,135,126714.47,2
2025-10-06 15:00:00,DEBIT,106,101369.22,3
2025-10-06 15:00:00,P2P_TRANSFER,165,48583.7,2
2025-10-06 16:00:00,CREDIT,131,82716.45,2
2025-10-06 16:00:00,DEBIT,294,269907.71,3
2025-10-06 16:00:00,P2P_TRANSFER,282,195328.33,1
2025-10-06 17:00:00,CREDIT,95,98383.51,1
2025-10-06 17:00:00,DEBIT,258,280507.73,4
2025-10-06 17:00:00,P2P_TRANSFER,350,192044.85,1
2025-10-06 18:00:00,CREDIT,364,223468.84,1
2025-10-06 18:00:00,DEBIT,130,97377.18,2
2025-10-06 18:00:00,P2P_TRANSFER,245,227501.67,1
2025-10-06 19:00:00,CREDIT,155,99256.07,0
2025-10-06 19:00:00,DEBIT,211,156136.83,1
2025-10-06 19:00:00,P2P_TRANSFER,241,222486.23,3
2025-10-06 20:00:00,CREDIT,230,157272.15,2
2025-10-06 20:00:00,DEBIT,116,108111.5,2
2025-10-06 20:00:00,P2P_TRANSFER,152,109845.42,1
2025-10-06 21:00:00,CREDIT,188,159932.42,2
2025-10-06 21:00:00,DEBIT,169,10000.0,1
2025-10-06 21:00:00,P2P_TRANSFER,136,75135.41,2
2025-10-06 22:00:00,CREDIT,199,189958.0,1
2025-10-06 22:00:00,DEBIT,149,133896.55,4
2025-10-06 22:00:00,P2P_TRANSFER,225,126176.03,2
2025-10-06 23:00:00,CREDIT,171,87654.59,1
2025-10-06 23:00:00,DEBIT,193,174029.14,3
2025-10-06 23:00:00,P2P_TRANSFER,194,159748.57,4
2025-10-07 00:00:00,CREDIT,195,101051.84,1
2025-10-07 00:00:00,DEBIT,167,190757.7,3
2025-10-07 00:00:00,P2P_TRANSFER,184,84764.16,0
2025-10-07 01:00:00,CREDIT,282,263820.88,4
2025-10-07 01:00:00,DEBIT,191,59628.72,1
2025-10-07 01:00:00,P2P_TRANSFER,277,200972.01,4
2025-10-07 02:00:00,CREDIT,83,65309.26,2
2025-10-07 02:00:00,DEBIT,212,101404.24,1
2025-10-07 02:00:00,P2P_TRANSFER,264,138533.31,2
2025-10-07 03:00:00,CREDIT,184,110393.27,2
2025-10-07 03:00:00,DEBIT,143,74751.03,2
2025-10-07 03:00:00,P2P_TRANSFER,20,18271.25,1
2025-10-07 04:00:00,CREDIT,169,162984.82,3
2025-10-07 04:00:00,DEBIT,178,113567.06,1
2025-10-07 04:00:00,P2P_TRANSFER,164,106975.22,3
2025-10-07 05:00:00,CREDIT,131,74725.21,2
2025-10-07 05:00:00,DEBIT,136,105289.1,2
2025-10-07 05:00:00,P2P_TRANSFER,116,113241.74,2
2025-10-07 06:00:00,CREDIT,176,134621.11,2
2025-10-07 06:00:00,DEBIT,196,150487.53,1
2025-10-07 06:00:00,P2P_TRANSFER,131,109747.52,1
2025-10-07 07:00:00,CREDIT,194,151602.73,1
2025-10-07 07:00:00,DEBIT,154,87632.7,1
2025-10-07 07:00:00,P2P_TRANSFER,137,32702.26,1
2025-10-07 08:00:00,CREDIT,162,108685.37,1
2025-10-07 08:00:00,DEBIT,184,149581.56,2
2025-10-07 08:00:00,P2P_TRANSFER,155,145253.87,2
2025-10-07 09:00:00,CREDIT,245,198331.86,3
2025-10-07 09:00:00,DEBIT,189,174429.52,2
2025-10-07 09:00:00,P2P_TRANSFER,324,184101.47,4
2025-10-07 10:00:00,CREDIT,93,110817.75,2
2025-10-07 10:00:00,DEBIT,247,198639.28,2
2025-10-07 10:00:00,P2P_TRANSFER,230,120864.52,3
2025-10-07 11:00:00,CREDIT,137,84602.47,0
2025-10-07 11:00:00,DEBIT,283,287809.57,3
2025-10-07 11:00:00,P2P_TRANSFER,162,213978.53,5
2025-10-07 12:00:00,CREDIT,211,258768.37,2
2025-10-07 12:00:00,DEBIT,154,129538.42,4
2025-10-07 12:00:00,P2P_TRANSFER,190,119408.34,1
2025-10-07 13:00:00,CREDIT,160,169700.9,1
2025-10-07 13:00:00,DEBIT,111,96614.34,4
2025-10-07 13:00:00,P2P_TRANSFER,119,17251.27,2
2025-10-07 14:00:00,CREDIT,157,72851.96,2
2025-10-07 14:00:00,DEBIT,167,189019.89,3
2025-10-07 14:00:00,P2P_TRANSFER,179,145835.18,2
2025-10-07 15:00:00,CREDIT,186,97883.07,2
2025-10-07 15:00:00,DEBIT,196,152798.49,1
2025-10-07 15:00:00,P2P_TRANSFER,172,150865.3,2
2025-10-07 16:00:00,CREDIT,203,178831.1,1
2025-10-07 16:00:00,DEBIT,218,194210.5,4
2025-10-07 16:00:00,P2P_TRANSFER,321,304064.26,3
2025-10-07 17:00:00,CREDIT,273,160818.51,2
2025-10-07 17:00:00,DEBIT,313,260093.75,5
2025-10-07 17:00:00,P2P_TRANSFER,294,345895.13,1
2025-10-07 18:00:00,CREDIT,206,207467.46,0
2025-10-07 18:00:00,DEBIT,275,53926.85,1
2025-10-07 18:00:00,P2P_TRANSFER,210,268474.89,4
2025-10-07 19:00:00,CREDIT,178,73866.22,0
2025-10-07 19:00:00,DEBIT,199,85093.45,1
2025-10-07 19:00:00,P2P_TRANSFER,315,234729.43,2
2025-10-07 20:00:00,CREDIT,155,105710.95,1
2025-10-07 20:00:00,DEBIT,176,122987.75,4
2025-10-07 20:00:00,P2P_TRANSFER,165,138838.06,2
2025-10-07 21:00:00,CREDIT,193,166399.24,1
2025-10-07 21:00:00,DEBIT,185,116389.41,1
2025-10-07 21:00:00,P2P_TRANSFER,190,198744.33,3
2025-10-07 22:00:00,CREDIT,249,173933.48,3
2025-10-07 22:00:00,DEBIT,151,104801.05,2
2025-10-07 22:00:00,P2P_TRANSFER,171,137463.04,0
2025-10-07 23:00:00,CREDIT,194,89995.01,1
2025-10-07 23:00:00,DEBIT,211,266893.06,3
2025-10-07 23:00:00,P2P_TRANSFER,191,221838.96,3
2025-10-08 00:00:00,CREDIT,229,127071.05,0
2025-10-08 00:00:00,DEBIT,211,256447.38,0
2025-10-08 00:00:00,P2P_TRANSFER,185,121781.7,1
2025-10-08 01:00:00,CREDIT,243,148532.33,1
2025-10-08 01:00:00,DEBIT,241,233608.68,2
2025-10-08 01:00:00,P2P_TRANSFER,191,31379.29,2
2025-10-08 02:00:00,CREDIT,261,138604.4,3
2025-10-08 02:00:00,DEBIT,320,304205.35,5
2025-10-08 02:00:00,P2P_TRANSFER,265,73277.75,3
2025-10-08 03:00:00,CREDIT,234,275554.34,3
2025-10-08 03:00:00,DEBIT,280,226261.44,4
2025-10-08 03:00:00,P2P_TRANSFER,149,69246.53,0
2025-10-08 04:00:00,CREDIT,20,10000.0,0
2025-10-08 04:00:00,DEBIT,272,202295.57,3
2025-10-08 04:00:00,P2P_TRANSFER,200,108028.96,2
2025-10-08 05:00:00,CREDIT,185,93448.63,3
2025-10-08 05:00:00,DEBIT,143,56994.1,0
2025-10-08 05:00:00,P2P_TRANSFER,115,113299.47,2
2025-10-08 06:00:00,CREDIT,194,116055.45,1
2025-10-08 06:00:00,DEBIT,26,10000.0,0
2025-10-08 06:00:00,P2P_TRANSFER,32,26926.32,1
2025-10-08 07:00:00,CREDIT,218,271426.16,3
2025-10-08 07:00:00,DEBIT,197,115375.07,2
2025-10-08 07:00:00,P2P_TRANSFER,160,101406.38,1
2025-10-08 08:00:00,CREDIT,214,172610.94,2
2025-10-08 08:00:00,DEBIT,107,55570.48,0
2025-10-08 08:00:00,P2P_TRANSFER,184,143676.49,4
2025-10-08 09:00:00,CREDIT,116,97630.49,2
2025-10-08 09:00:00,DEBIT,285,196561.83,3
2025-10-08 09:00:00,P2P_TRANSFER,228,153651.25,3
2025-10-08 10:00:00,CREDIT,210,179970.07,1
2025-10-08 10:00:00,DEBIT,315,364151.8,5
2025-10-08 10:00:00,P2P_TRANSFER,361,246351.2,1
2025-10-08 11:00:00,CREDIT,195,184510.23,2
2025-10-08 11:00:00,DEBIT,214,71969.93,0
2025-10-08 11:00:00,P2P_TRANSFER,231,177507.78,2
2025-10-08 12:00:00,CREDIT,105,59160.54,0
2025-10-08 12:00:00,DEBIT,249,141389.7,2
2025-10-08 12:00:00,P2P_TRANSFER,173,132406.64,0
2025-10-08 13:00:00,CREDIT,170,171437.5,0
2025-10-08 13:00:00,DEBIT,175,154604.61,2
2025-10-08 13:00:00,P2P_TRANSFER,132,82989.23,1
2025-10-08 14:00:00,CREDIT,164,180800.61,1
2025-10-08 14:00:00,DEBIT,106,31457.89,1
2025-10-08 14:00:00,P2P_TRANSFER,222,205564.19,3
2025-10-08 15:00:00,CREDIT,98,88958.47,1
2025-10-08 15:00:00,DEBIT,125,80835.77,2
2025-10-08 15:00:00,P2P_TRANSFER,150,26054.17,1
2025-10-08 16:00:00,CREDIT,312,278377.14,2
2025-10-08 16:00:00,DEBIT,249,243272.44,3
2025-10-08 16:00:00,P2P_TRANSFER,163,143461.26,2
2025-10-08 17:00:00,CREDIT,284,280681.57,4
2025-10-08 17:00:00,DEBIT,208,175128.07,2
2025-10-08 17:00:00,P2P_TRANSFER,142,151609.9,1
2025-10-08 18:00:00,CREDIT,243,142759.94,0
2025-10-08 18:00:00,DEBIT,249,162031.35,3
2025-10-08 18:00:00,P2P_TRANSFER,297,245642.43,1
2025-10-08 19:00:00,CREDIT,25,14598.21,0
2025-10-08 19:00:00,DEBIT,200,118684.94,2
2025-10-08 19:00:00,P2P_TRANSFER,273,315298.75,3
2025-10-08 20:00:00,CREDIT,260,139632.8,2
2025-10-08 20:00:00,DEBIT,326,155140.74,3
2025-10-08 20:00:00,P2P_TRANSFER,223,117649.81,2
2025-10-08 21:00:00,CREDIT,137,72217.49,2
2025-10-08 21:00:00,DEBIT,211,45906.66,1
2025-10-08 21:00:00,P2P_TRANSFER,154,71996.54,2
2025-10-08 22:00:00,CREDIT,203,191303.52,3
2025-10-08 22:00:00,DEBIT,144,151557.81,4
2025-10-08 22:00:00,P2P_TRANSFER,184,82245.45,2
2025-10-08 23:00:00,CREDIT,187,205104.57,2
2025-10-08 23:00:00,DEBIT,218,222596.06,1
2025-10-08 23:00:00,P2P_TRANSFER,239,228013.29,2
2025-10-09 00:00:00,CREDIT,170,103667.26,0
2025-10-09 00:00:00,DEBIT,204,159485.47,3
2025-10-09 00:00:00,P2P_TRANSFER,141,62782.72,2
2025-10-09 01:00:00,CREDIT,250,218095.81,2
2025-10-09 01:00:00,DEBIT,164,82848.64,1
2025-10-09 01:00:00,P2P_TRANSFER,226,48744.24,0
2025-10-09 02:00:00,CREDIT,185,167122.54,1
2025-10-09 02:00:00,DEBIT,255,117467.13,4
2025-10-09 02:00:00,P2P_TRANSFER,366,276715.67,2
2025-10-09 03:00:00,CREDIT,106,68672.86,1
2025-10-09 03:00:00,DEBIT,276,136973.18,2
2025-10-09 03:00:00,P2P_TRANSFER,160,185407.34,0
2025-10-09 04:00:00,CREDIT,158,110572.55,3
2025-10-09 04:00:00,DEBIT,181,93594.28,2
2025-10-09 04:00:00,P2P_TRANSFER,223,192773.12,3
2025-10-09 05:00:00,CREDIT,187,129530.96,3
2025-10-09 05:00:00,DEBIT,87,52456.19,1
2025-10-09 05:00:00,P2P_TRANSFER,142,110041.35,1
2025-10-09 06:00:00,CREDIT,108,73017.45,2
2025-10-09 06:00:00,DEBIT,192,63485.55,3
2025-10-09 06:00:00,P2P_TRANSFER,192,130664.68,5
2025-10-09 07:00:00,CREDIT,200,160970.47,2
2025-10-09 07:00:00,DEBIT,133,91501.66,1
2025-10-09 07:00:00,P2P_TRANSFER,138,117487.38,1
2025-10-09 08:00:00,CREDIT,233,201487.31,2
2025-10-09 08:00:00,DEBIT,301,258837.09,0
2025-10-09 08:00:00,P2P_TRANSFER,193,87923.96,0
2025-10-09 09:00:00,CREDIT,205,244966.04,1
2025-10-09 09:00:00,DEBIT,288,273957.5,3
2025-10-09 09:00:00,P2P_TRANSFER,154,160298.89,3
2025-10-09 10:00:00,CREDIT,169,115337.69,1
2025-10-09 10:00:00,DEBIT,229,100682.75,0
2025-10-09 10:00:00,P2P_TRANSFER,292,208266.13,2
2025-10-09 11:00:00,CREDIT,221,115927.57,0
2025-10-09 11:00:00,DEBIT,193,115694.9,0
2025-10-09 11:00:00,P2P_TRANSFER,230,167944.03,3
2025-10-09 12:00:00,CREDIT,61,52570.99,2
2025-10-09 12:00:00,DEBIT,204,129962.96,3
2025-10-09 12:00:00,P2P_TRANSFER,172,97318.15,0
2025-10-09 13:00:00,CREDIT,181,167679.35,2
2025-10-09 13:00:00,DEBIT,206,133772.87,2
2025-10-09 13:00:00,P2P_TRANSFER,179,100356.51,2
2025-10-09 14:00:00,CREDIT,128,110238.75,3
2025-10-09 14:00:00,DEBIT,171,94283.31,2
2025-10-09 14:00:00,P2P_TRANSFER,226,281069.33,1
2025-10-09 15:00:00,CREDIT,153,62159.63,3
2025-10-09 15:00:00,DEBIT,216,287426.52,2
2025-10-09 15:00:00,P2P_TRANSFER,159,102100.68,0
2025-10-09 16:00:00,CREDIT,270,204830.07,2
2025-10-09 16:00:00,DEBIT,271,158566.96,2
2025-10-09 16:00:00,P2P_TRANSFER,110,108112.18,2
2025-10-09 17:00:00,CREDIT,199,71388.96,1
2025-10-09 17:00:00,DEBIT,160,167280.83,2
2025-10-09 17:00:00,P2P_TRANSFER,135,109351.16,2
2025-10-09 18:00:00,CREDIT,259,196605.75,3
2025-10-09 18:00:00,DEBIT,201,138581.52,2
2025-10-09 18:00:00,P2P_TRANSFER,285,103483.11,4
2025-10-09 19:00:00,CREDIT,198,171877.28,1
2025-10-09 19:00:00,DEBIT,311,97282.66,1
2025-10-09 19:00:00,P2P_TRANSFER,284,245710.55,4
2025-10-09 20:00:00,CREDIT,299,238914.74,3
2025-10-09 20:00:00,DEBIT,189,164673.63,2
2025-10-09 20:00:00,P2P_TRANSFER,204,223796.14,3
2025-10-09 21:00:00,CREDIT,85,44869.38,0
2025-10-09 21:00:00,DEBIT,229,203408.47,1
2025-10-09 21:00:00,P2P_TRANSFER,169,131289.12,2
2025-10-09 22:00:00,CREDIT,198,180712.26,1
2025-10-09 22:00:00,DEBIT,172,122359.22,2
2025-10-09 22:00:00,P2P_TRANSFER,107,74980.18,1
2025-10-09 23:00:00,CREDIT,91,62481.68,1
2025-10-09 23:00:00,DEBIT,84,42357.98,0
2025-10-09 23:00:00,P2P_TRANSFER,237,156847.51,2
2025-10-10 00:00:00,CREDIT,261,159288.57,3
2025-10-10 00:00:00,DEBIT,278,303793.03,2
2025-10-10 00:00:00,P2P_TRANSFER,155,129825.6,2
2025-10-10 01:00:00,CREDIT,271,161203.0,2
2025-10-10 01:00:00,DEBIT,256,56779.96,2
2025-10-10 01:00:00,P2P_TRANSFER,209,160659.46,2
2025-10-10 02:00:00,CREDIT,371,309669.31,3
2025-10-10 02:00:00,DEBIT,294,310497.52,1
2025-10-10 02:00:00,P2P_TRANSFER,279,275995.66,4
2025-10-10 03:00:00,CREDIT,309,205400.88,2
2025-10-10 03:00:00,DEBIT,253,309791.03,5
2025-10-10 03:00:00,P2P_TRANSFER,293,199579.68,2
2025-10-10 04:00:00,CREDIT,273,193652.9,2
2025-10-10 04:00:00,DEBIT,98,98127.9,0
2025-10-10 04:00:00,P2P_TRANSFER,144,110931.53,3
2025-10-10 05:00:00,CREDIT,127,90676.33,1
2025-10-10 05:00:00,DEBIT,228,236964.33,2
2025-10-10 05:00:00,P2P_TRANSFER,155,95349.94,0
2025-10-10 06:00:00,CREDIT,55,74504.0,0
2025-10-10 06:00:00,DEBIT,190,157071.18,2
2025-10-10 06:00:00,P2P_TRANSFER,212,16089.99,1
2025-10-10 07:00:00,CREDIT,222,117473.11,2
2025-10-10 07:00:00,DEBIT,74,76956.83,0
2025-10-10 07:00:00,P2P_TRANSFER,209,137396.3,1
2025-10-10 08:00:00,CREDIT,296,219911.71,3
2025-10-10 08:00:00,DEBIT,250,192590.61,4
2025-10-10 08:00:00,P2P_TRANSFER,86,62813.84,0
2025-10-10 09:00:00,CREDIT,394,396007.79,2
2025-10-10 09:00:00,DEBIT,263,317240.59,2
2025-10-10 09:00:00,P2P_TRANSFER,178,118139.89,1
2025-10-10 10:00:00,CREDIT,270,236826.06,1
2025-10-10 10:00:00,DEBIT,294,198207.3,2
2025-10-10 10:00:00,P2P_TRANSFER,251,173109.7,3
2025-10-10 11:00:00,CREDIT,381,417776.57,5
2025-10-10 11:00:00,DEBIT,183,101370.25,2
2025-10-10 11:00:00,P2P_TRANSFER,284,285706.5,3
2025-10-10 12:00:00,CREDIT,184,159843.69,4
2025-10-10 12:00:00,DEBIT,190,94073.48,0
2025-10-10 12:00:00,P2P_TRANSFER,175,139385.67,2
2025-10-10 13:00:00,CREDIT,170,137783.07,1
2025-10-10 13:00:00,DEBIT,73,65249.44,1
2025-10-10 13:00:00,P2P_TRANSFER,132,110102.24,2
2025-10-10 14:00:00,CREDIT,198,42963.39,2
2025-10-10 14:00:00,DEBIT,111,64739.23,0
2025-10-10 14:00:00,P2P_TRANSFER,128,114721.22,2
2025-10-10 15:00:00,CREDIT,89,53405.07,2
2025-10-10 15:00:00,DEBIT,233,186903.42,1
2025-10-10 15:00:00,P2P_TRANSFER,158,135240.98,1
2025-10-10 16:00:00,CREDIT,260,245695.82,3
2025-10-10 16:00:00,DEBIT,303,310250.66,3
2025-10-10 16:00:00,P2P_TRANSFER,44,30025.78,0
2025-10-10 17:00:00,CREDIT,258,212030.63,4
2025-10-10 17:00:00,DEBIT,293,252006.54,3
2025-10-10 17:00:00,P2P_TRANSFER,189,69947.12,2
2025-10-10 18:00:00,CREDIT,202,123396.55,2
2025-10-10 18:00:00,DEBIT,184,113253.78,0
2025-10-10 18:00:00,P2P_TRANSFER,221,105279.39,1
2025-10-10 19:00:00,CREDIT,200,154123.43,0
2025-10-10 19:00:00,DEBIT,174,132085.04,2
2025-10-10 19:00:00,P2P_TRANSFER,213,100218.14,1
2025-10-10 20:00:00,CREDIT,199,199602.44,1
2025-10-10 20:00:00,DEBIT,236,273685.49,2
2025-10-10 20:00:00,P2P_TRANSFER,119,86322.23,2
2025-10-10 21:00:00,CREDIT,170,99608.08,1
2025-10-10 21:00:00,DEBIT,129,78406.57,2
2025-10-10 21:00:00,P2P_TRANSFER,151,47653.01,2
2025-10-10 22:00:00,CREDIT,114,113344.99,0
2025-10-10 22:00:00,DEBIT,76,50247.17,0
2025-10-10 22:00:00,P2P_TRANSFER,160,116186.97,2
2025-10-10 23:00:00,CREDIT,220,224499.93,2
2025-10-10 23:00:00,DEBIT,211,110193.1,2
2025-10-10 23:00:00,P2P_TRANSFER,160,118730.77,1
2025-10-11 00:00:00,CREDIT,132,39736.44,1
2025-10-11 00:00:00,DEBIT,278,179804.26,1
2025-10-11 00:00:00,P2P_TRANSFER,313,116125.22,2
2025-10-11 01:00:00,CREDIT,298,112594.44,1
2025-10-11 01:00:00,DEBIT,241,236048.73,1
2025-10-11 01:00:00,P2P_TRANSFER,339,281027.96,2
2025-10-11 02:00:00,CREDIT,307,342816.68,3
2025-10-11 02:00:00,DEBIT,184,159884.52,2
2025-10-11 02:00:00,P2P_TRANSFER,243,87227.95,2
2025-10-11 03:00:00,CREDIT,225,210118.37,1
2025-10-11 03:00:00,DEBIT,291,61513.04,1
2025-10-11 03:00:00,P2P_TRANSFER,212,235336.28,3
2025-10-11 04:00:00,CREDIT,165,75904.1,1
2025-10-11 04:00:00,DEBIT,147,94221.3,3
2025-10-11 04:00:00,P2P_TRANSFER,186,120488.59,0
2025-10-11 05:00:00,CREDIT,203,189334.45,1
2025-10-11 05:00:00,DEBIT,94,88594.46,2
2025-10-11 05:00:00,P2P_TRANSFER,230,213053.2,2
2025-10-11 06:00:00,CREDIT,147,89381.95,2
2025-10-11 06:00:00,DEBIT,104,38787.93,2
2025-10-11 06:00:00,P2P_TRANSFER,133,134494.3,0
2025-10-11 07:00:00,CREDIT,155,76247.83,1
2025-10-11 07:00:00,DEBIT,183,153556.05,2
2025-10-11 07:00:00,P2P_TRANSFER,120,62981.58,1
2025-10-11 08:00:00,CREDIT,127,110761.18,1
2025-10-11 08:00:00,DEBIT,225,31455.31,1
2025-10-11 08:00:00,P2P_TRANSFER,274,222481.53,1
2025-10-11 09:00:00,CREDIT,254,280404.52,3
2025-10-11 09:00:00,DEBIT,267,103661.08,3
2025-10-11 09:00:00,P2P_TRANSFER,142,128406.79,1
2025-10-11 10:00:00,CREDIT,377,265236.15,4
2025-10-11 10:00:00,DEBIT,253,210034.11,3
2025-10-11 10:00:00,P2P_TRANSFER,225,133582.95,3
2025-10-11 11:00:00,CREDIT,341,370526.52,3
2025-10-11 11:00:00,DEBIT,248,180602.62,3
2025-10-11 11:00:00,P2P_TRANSFER,250,168485.65,3
2025-10-11 12:00:00,CREDIT,272,260962.87,3
2025-10-11 12:00:00,DEBIT,283,208660.56,2
2025-10-11 12:00:00,P2P_TRANSFER,154,149217.72,0
2025-10-11 13:00:00,CREDIT,213,130914.81,4
2025-10-11 13:00:00,DEBIT,147,145547.16,1
2025-10-11 13:00:00,P2P_TRANSFER,76,51151.08,0
2025-10-11 14:00:00,CREDIT,144,62077.32,2
2025-10-11 14:00:00,DEBIT,140,53617.06,0
2025-10-11 14:00:00,P2P_TRANSFER,203,178509.98,0
2025-10-11 15:00:00,CREDIT,102,78446.71,1
2025-10-11 15:00:00,DEBIT,158,171784.96,1
2025-10-11 15:00:00,P2P_TRANSFER,119,40199.55,0
2025-10-11 16:00:00,CREDIT,175,117531.45,1
2025-10-11 16:00:00,DEBIT,244,222676.07,2
2025-10-11 16:00:00,P2P_TRANSFER,259,258612.02,2
2025-10-11 17:00:00,CREDIT,148,147803.83,0
2025-10-11 17:00:00,DEBIT,159,154221.34,2
2025-10-11 17:00:00,P2P_TRANSFER,221,132962.86,3
2025-10-11 18:00:00,CREDIT,239,87803.79,2
2025-10-11 18:00:00,DEBIT,251,160231.75,1
2025-10-11 18:00:00,P2P_TRANSFER,336,72199.44,0
2025-10-11 19:00:00,CREDIT,292,150528.34,3
2025-10-11 19:00:00,DEBIT,319,182319.66,3
2025-10-11 19:00:00,P2P_TRANSFER,221,159015.69,2
2025-10-11 20:00:00,CREDIT,322,307362.85,3
2025-10-11 20:00:00,DEBIT,184,164989.65,3
2025-10-11 20:00:00,P2P_TRANSFER,194,136292.42,2
2025-10-11 21:00:00,CREDIT,107,128219.51,0
2025-10-11 21:00:00,DEBIT,208,157363.37,3
2025-10-11 21:00:00,P2P_TRANSFER,149,71693.48,1
2025-10-11 22:00:00,CREDIT,183,132339.95,1
2025-10-11 22:00:00,DEBIT,159,67722.15,0
2025-10-11 22:00:00,P2P_TRANSFER,170,67070.88,1
2025-10-11 23:00:00,CREDIT,140,127155.09,2
2025-10-11 23:00:00,DEBIT,145,145335.13,1
2025-10-11 23:00:00,P2P_TRANSFER,218,166056.31,3
2025-10-12 00:00:00,CREDIT,192,181125.88,3
2025-10-12 00:00:00,DEBIT,104,41750.69,0
2025-10-12 00:00:00,P2P_TRANSFER,305,222992.69,3
2025-10-12 01:00:00,CREDIT,267,229920.63,2
2025-10-12 01:00:00,DEBIT,292,132806.48,4
2025-10-12 01:00:00,P2P_TRANSFER,396,347530.17,4
2025-10-12 02:00:00,CREDIT,258,176899.99,2
2025-10-12 02:00:00,DEBIT,320,409160.63,2
2025-10-12 02:00:00,P2P_TRANSFER,224,179814.84,2
2025-10-12 03:00:00,CREDIT,112,95395.14,1
2025-10-12 03:00:00,DEBIT,252,208220.16,2
2025-10-12 03:00:00,P2P_TRANSFER,184,56355.46,0
2025-10-12 04:00:00,CREDIT,257,252356.32,3
2025-10-12 04:00:00,DEBIT,26,20723.75,0
2025-10-12 04:00:00,P2P_TRANSFER,140,161411.86,1
2025-10-12 05:00:00,CREDIT,137,37774.7,2
2025-10-12 05:00:00,DEBIT,139,122352.67,1
2025-10-12 05:00:00,P2P_TRANSFER,50,52418.06,0
2025-10-12 06:00:00,CREDIT,31,23230.2,0
2025-10-12 06:00:00,DEBIT,73,65823.72,1
2025-10-12 06:00:00,P2P_TRANSFER,153,105187.0,1
2025-10-12 07:00:00,CREDIT,125,112114.12,2
2025-10-12 07:00:00,DEBIT,274,19798.61,2
2025-10-12 07:00:00,P2P_TRANSFER,207,126551.73,0
2025-10-12 08:00:00,CREDIT,96,111741.99,1
2025-10-12 08:00:00,DEBIT,76,31088.95,0
2025-10-12 08:00:00,P2P_TRANSFER,247,272326.98,1
2025-10-12 09:00:00,CREDIT,83,60077.62,0
2025-10-12 09:00:00,DEBIT,212,196714.37,2
2025-10-12 09:00:00,P2P_TRANSFER,328,357225.64,3
2025-10-12 10:00:00,CREDIT,243,200047.73,1
2025-10-12 10:00:00,DEBIT,187,191743.1,2
2025-10-12 10:00:00,P2P_TRANSFER,245,269642.34,2
2025-10-12 11:00:00,CREDIT,350,375772.96,4
2025-10-12 11:00:00,DEBIT,307,283121.78,3
2025-10-12 11:00:00,P2P_TRANSFER,243,148053.47,3
2025-10-12 12:00:00,CREDIT,261,203306.86,4
2025-10-12 12:00:00,DEBIT,191,125374.03,2
2025-10-12 12:00:00,P2P_TRANSFER,184,153468.67,2
2025-10-12 13:00:00,CREDIT,91,59865.36,0
2025-10-12 13:00:00,DEBIT,139,149025.52,0
2025-10-12 13:00:00,P2P_TRANSFER,140,166416.82,1
2025-10-12 14:00:00,CREDIT,127,119068.46,1
2025-10-12 14:00:00,DEBIT,145,104331.21,1
2025-10-12 14:00:00,P2P_TRANSFER,90,42289.72,1
2025-10-12 15:00:00,CREDIT,164,76223.56,2
2025-10-12 15:00:00,DEBIT,138,102365.5,1
2025-10-12 15:00:00,P2P_TRANSFER,170,174972.46,1
2025-10-12 16:00:00,CREDIT,160,115465.93,0
2025-10-12 16:00:00,DEBIT,174,196374.69,3
2025-10-12 16:00:00,P2P_TRANSFER,145,71460.96,2
2025-10-12 17:00:00,CREDIT,295,174962.46,2
2025-10-12 17:00:00,DEBIT,348,230853.14,4
2025-10-12 17:00:00,P2P_TRANSFER,112,61289.59,0
2025-10-12 18:00:00,CREDIT,348,402650.36,3
2025-10-12 18:00:00,DEBIT,364,334500.89,4
2025-10-12 18:00:00,P2P_TRANSFER,151,135472.78,2
2025-10-12 19:00:00,CREDIT,180,165204.59,3
2025-10-12 19:00:00,DEBIT,238,183013.01,1
2025-10-12 19:00:00,P2P_TRANSFER,293,345698.09,3
2025-10-12 20:00:00,CREDIT,237,227513.6,2
2025-10-12 20:00:00,DEBIT,190,137058.17,4
2025-10-12 20:00:00,P2P_TRANSFER,243,283638.16,4
2025-10-12 21:00:00,CREDIT,144,87505.45,1
2025-10-12 21:00:00,DEBIT,166,168506.03,1
2025-10-12 21:00:00,P2P_TRANSFER,133,121822.21,1
2025-10-12 22:00:00,CREDIT,114,162895.82,2
2025-10-12 22:00:00,DEBIT,142,103371.51,0
2025-10-12 22:00:00,P2P_TRANSFER,156,166349.83,1
2025-10-12 23:00:00,CREDIT,250,104585.9,1
2025-10-12 23:00:00,DEBIT,186,65781.17,1
2025-10-12 23:00:00,P2P_TRANSFER,272,207459.88,3
2025-10-13 00:00:00,CREDIT,150,134687.99,0
2025-10-13 00:00:00,DEBIT,171,192530.69,1
2025-10-13 00:00:00,P2P_TRANSFER,288,188718.47,2
2025-10-13 01:00:00,CREDIT,292,230200.32,3
2025-10-13 01:00:00,DEBIT,294,137887.18,3
2025-10-13 01:00:00,P2P_TRANSFER,230,80766.79,2
2025-10-13 02:00:00,CREDIT,279,160320.99,2
2025-10-13 02:00:00,DEBIT,286,151925.78,1
2025-10-13 02:00:00,P2P_TRANSFER,100,46317.63,0
2025-10-13 03:00:00,CREDIT,308,280454.27,1
2025-10-13 03:00:00,DEBIT,249,111091.94,2
2025-10-13 03:00:00,P2P_TRANSFER,198,118138.7,2
2025-10-13 04:00:00,CREDIT,237,207674.68,2
2025-10-13 04:00:00,DEBIT,187,50467.14,3
2025-10-13 04:00:00,P2P_TRANSFER,172,220274.42,3
2025-10-13 05:00:00,CREDIT,160,185005.11,3
2025-10-13 05:00:00,DEBIT,134,110955.58,0
2025-10-13 05:00:00,P2P_TRANSFER,116,63855.17,0
2025-10-13 06:00:00,CREDIT,134,77590.1,0
2025-10-13 06:00:00,DEBIT,115,113770.43,0
2025-10-13 06:00:00,P2P_TRANSFER,61,31038.61,1
2025-10-13 07:00:00,CREDIT,126,147050.29,3
2025-10-13 07:00:00,DEBIT,151,106715.68,2
2025-10-13 07:00:00,P2P_TRANSFER,174,237036.49,1
2025-10-13 08:00:00,CREDIT,282,158746.53,4
2025-10-13 08:00:00,DEBIT,222,128836.78,2
2025-10-13 08:00:00,P2P_TRANSFER,224,94779.18,1
2025-10-13 09:00:00,CREDIT,217,279455.08,2
2025-10-13 09:00:00,DEBIT,202,155354.89,1
2025-10-13 09:00:00,P2P_TRANSFER,436,342462.81,5
2025-10-13 10:00:00,CREDIT,299,284911.58,2
2025-10-13 10:00:00,DEBIT,288,205554.56,2
2025-10-13 10:00:00,P2P_TRANSFER,401,315888.42,5
2025-10-13 11:00:00,CREDIT,353,443859.52,3
2025-10-13 11:00:00,DEBIT,285,305346.46,2
2025-10-13 11:00:00,P2P_TRANSFER,182,150642.87,1
2025-10-13 12:00:00,CREDIT,137,111475.46,2
2025-10-13 12:00:00,DEBIT,205,249127.58,3
2025-10-13 12:00:00,P2P_TRANSFER,152,123524.54,3
2025-10-13 13:00:00,CREDIT,85,45232.09,2
2025-10-13 13:00:00,DEBIT,104,51443.7,2
2025-10-13 13:00:00,P2P_TRANSFER,197,102462.54,0
2025-10-13 14:00:00,CREDIT,173,95119.19,0
2025-10-13 14:00:00,DEBIT,129,28471.82,1
2025-10-13 14:00:00,P2P_TRANSFER,188,109357.84,2
2025-10-13 15:00:00,CREDIT,125,82174.52,3
2025-10-13 15:00:00,DEBIT,110,94955.1,3
2025-10-13 15:00:00,P2P_TRANSFER,169,207804.89,1
2025-10-13 16:00:00,CREDIT,237,248472.94,1
2025-10-13 16:00:00,DEBIT,266,104634.58,3
2025-10-13 16:00:00,P2P_TRANSFER,224,145722.02,3
2025-10-13 17:00:00,CREDIT,271,263478.37,3
2025-10-13 17:00:00,DEBIT,167,93464.85,3
2025-10-13 17:00:00,P2P_TRANSFER,191,227234.57,3
2025-10-13 18:00:00,CREDIT,230,80207.06,1
2025-10-13 18:00:00,DEBIT,297,348013.42,2
2025-10-13 18:00:00,P2P_TRANSFER,202,184432.02,2
2025-10-13 19:00:00,CREDIT,264,129283.93,0
2025-10-13 19:00:00,DEBIT,208,140328.09,4
2025-10-13 19:00:00,P2P_TRANSFER,184,104125.27,0
2025-10-13 20:00:00,CREDIT,144,90857.73,1
2025-10-13 20:00:00,DEBIT,255,204981.87,3
2025-10-13 20:00:00,P2P_TRANSFER,144,118486.17,1
2025-10-13 21:00:00,CREDIT,146,131932.36,1
2025-10-13 21:00:00,DEBIT,166,158255.69,0
2025-10-13 21:00:00,P2P_TRANSFER,157,84975.2,2
2025-10-13 22:00:00,CREDIT,143,126229.15,2
2025-10-13 22:00:00,DEBIT,81,24078.68,0
2025-10-13 22:00:00,P2P_TRANSFER,72,45553.59,2
2025-10-13 23:00:00,CREDIT,177,73981.24,2
2025-10-13 23:00:00,DEBIT,192,227767.33,2
2025-10-13 23:00:00,P2P_TRANSFER,178,175998.86,1
2025-10-14 00:00:00,CREDIT,266,269192.89,1
2025-10-14 00:00:00,DEBIT,166,103257.55,1
2025-10-14 00:00:00,P2P_TRANSFER,219,145236.13,2
2025-10-14 01:00:00,CREDIT,434,236044.21,4
2025-10-14 01:00:00,DEBIT,168,45526.93,1
2025-10-14 01:00:00,P2P_TRANSFER,303,255089.89,2
2025-10-14 02:00:00,CREDIT,360,295965.36,4
2025-10-14 02:00:00,DEBIT,172,34836.46,0
2025-10-14 02:00:00,P2P_TRANSFER,182,167092.44,2
2025-10-14 03:00:00,CREDIT,82,58837.2,2
2025-10-14 03:00:00,DEBIT,159,116027.62,2
2025-10-14 03:00:00,P2P_TRANSFER,158,96340.56,2
2025-10-14 04:00:00,CREDIT,277,396469.67,4
2025-10-14 04:00:00,DEBIT,222,133369.66,2
2025-10-14 04:00:00,P2P_TRANSFER,237,217516.45,2
2025-10-14 05:00:00,CREDIT,201,166528.97,4
2025-10-14 05:00:00,DEBIT,245,128522.48,2
2025-10-14 05:00:00,P2P_TRANSFER,88,104012.19,0
2025-10-14 06:00:00,CREDIT,126,108664.88,2
2025-10-14 06:00:00,DEBIT,145,120992.21,0
2025-10-14 06:00:00,P2P_TRANSFER,154,135256.45,1
2025-10-14 07:00:00,CREDIT,207,110797.79,1
2025-10-14 07:00:00,DEBIT,268,154270.25,2
2025-10-14 07:00:00,P2P_TRANSFER,180,70726.85,1
2025-10-14 08:00:00,CREDIT,213,161159.73,0
2025-10-14 08:00:00,DEBIT,227,228749.02,2
2025-10-14 08:00:00,P2P_TRANSFER,190,124439.94,1
2025-10-14 09:00:00,CREDIT,278,151148.59,2
2025-10-14 09:00:00,DEBIT,100,100813.1,2
2025-10-14 09:00:00,P2P_TRANSFER,233,202043.45,3
2025-10-14 10:00:00,CREDIT,238,135647.01,3
2025-10-14 10:00:00,DEBIT,185,193525.9,0
2025-10-14 10:00:00,P2P_TRANSFER,230,164428.67,2
2025-10-14 11:00:00,CREDIT,402,207122.73,2
2025-10-14 11:00:00,DEBIT,210,86331.43,2
2025-10-14 11:00:00,P2P_TRANSFER,245,185330.68,2
2025-10-14 12:00:00,CREDIT,119,80509.48,2
2025-10-14 12:00:00,DEBIT,105,79039.27,1
2025-10-14 12:00:00,P2P_TRANSFER,154,178330.64,1
2025-10-14 13:00:00,CREDIT,289,261755.52,3
2025-10-14 13:00:00,DEBIT,209,152492.48,1
2025-10-14 13:00:00,P2P_TRANSFER,174,74685.55,1
2025-10-14 14:00:00,CREDIT,139,115626.48,2
2025-10-14 14:00:00,DEBIT,81,54682.09,1
2025-10-14 14:00:00,P2P_TRANSFER,144,73337.42,1
2025-10-14 15:00:00,CREDIT,214,154255.8,3
2025-10-14 15:00:00,DEBIT,116,130291.05,0
2025-10-14 15:00:00,P2P_TRANSFER,203,189792.72,2
2025-10-14 16:00:00,CREDIT,110,44100.09,0
2025-10-14 16:00:00,DEBIT,243,218284.54,1
2025-10-14 16:00:00,P2P_TRANSFER,294,270780.37,3
2025-10-14 17:00:00,CREDIT,250,221938.99,0
2025-10-14 17:00:00,DEBIT,226,155854.75,1
2025-10-14 17:00:00,P2P_TRANSFER,240,229424.94,4
2025-10-14 18:00:00,CREDIT,220,218070.01,3
2025-10-14 18:00:00,DEBIT,183,73947.61,2
2025-10-14 18:00:00,P2P_TRANSFER,198,100714.81,0
2025-10-14 19:00:00,CREDIT,289,330300.39,5
2025-10-14 19:00:00,DEBIT,310,179404.83,3
2025-10-14 19:00:00,P2P_TRANSFER,202,134498.53,3
2025-10-14 20:00:00,CREDIT,256,192741.47,4
2025-10-14 20:00:00,DEBIT,97,58053.15,1
2025-10-14 20:00:00,P2P_TRANSFER,171,152226.72,0
2025-10-14 21:00:00,CREDIT,140,140823.96,0
2025-10-14 21:00:00,DEBIT,154,71760.45,1
2025-10-14 21:00:00,P2P_TRANSFER,223,199322.16,4
2025-10-14 22:00:00,CREDIT,115,88248.6,2
2025-10-14 22:00:00,DEBIT,133,127441.37,0
2025-10-14 22:00:00,P2P_TRANSFER,143,18437.26,2
2025-10-14 23:00:00,CREDIT,143,141922.82,1
2025-10-14 23:00:00,DEBIT,93,65114.57,0
2025-10-14 23:00:00,P2P_TRANSFER,213,100847.16,0
2025-10-15 00:00:00,CREDIT,233,198095.2,2
2025-10-15 00:00:00,DEBIT,212,187991.7,2
2025-10-15 00:00:00,P2P_TRANSFER,204,159631.4,1
2025-10-15 01:00:00,CREDIT,200,198171.68,2
2025-10-15 01:00:00,DEBIT,310,289741.45,4
2025-10-15 01:00:00,P2P_TRANSFER,210,194932.45,3
2025-10-15 02:00:00,CREDIT,44,47339.85,0
2025-10-15 02:00:00,DEBIT,164,136931.87,0
2025-10-15 02:00:00,P2P_TRANSFER,294,216183.47,2
2025-10-15 03:00:00,CREDIT,160,107260.4,0
2025-10-15 03:00:00,DEBIT,277,171621.2,3
2025-10-15 03:00:00,P2P_TRANSFER,258,243691.5,3
2025-10-15 04:00:00,CREDIT,188,158374.67,3
2025-10-15 04:00:00,DEBIT,253,193585.41,2
2025-10-15 04:00:00,P2P_TRANSFER,216,189334.37,4
2025-10-15 05:00:00,CREDIT,287,196255.84,2
2025-10-15 05:00:00,DEBIT,150,125189.11,0
2025-10-15 05:00:00,P2P_TRANSFER,234,177836.9,2
2025-10-15 06:00:00,CREDIT,167,134784.17,3
2025-10-15 06:00:00,DEBIT,96,60441.47,0
2025-10-15 06:00:00,P2P_TRANSFER,99,72681.01,2
2025-10-15 07:00:00,CREDIT,172,142239.47,1
2025-10-15 07:00:00,DEBIT,35,32973.44,0
2025-10-15 07:00:00,P2P_TRANSFER,144,123181.6,2
2025-10-15 08:00:00,CREDIT,151,109237.53,1
2025-10-15 08:00:00,DEBIT,270,302636.14,3
2025-10-15 08:00:00,P2P_TRANSFER,151,110614.18,0
2025-10-15 09:00:00,CREDIT,264,335314.1,4
2025-10-15 09:00:00,DEBIT,199,148802.19,2
2025-10-15 09:00:00,P2P_TRANSFER,227,232056.67,2
2025-10-15 10:00:00,CREDIT,237,157121.7,3
2025-10-15 10:00:00,DEBIT,192,182791.72,2
2025-10-15 10:00:00,P2P_TRANSFER,228,171372.29,3
2025-10-15 11:00:00,CREDIT,76,40601.94,1
2025-10-15 11:00:00,DEBIT,299,243086.8,2
2025-10-15 11:00:00,P2P_TRANSFER,313,246035.63,1
2025-10-15 12:00:00,CREDIT,234,202451.56,0
2025-10-15 12:00:00,DEBIT,194,111375.33,2
2025-10-15 12:00:00,P2P_TRANSFER,133,86291.46,2
2025-10-15 13:00:00,CREDIT,190,132360.3,3
2025-10-15 13:00:00,DEBIT,160,37036.55,2
2025-10-15 13:00:00,P2P_TRANSFER,177,134236.99,2
2025-10-15 14:00:00,CREDIT,194,244603.65,2
2025-10-15 14:00:00,DEBIT,113,86119.93,2
2025-10-15 14:00:00,P2P_TRANSFER,187,113681.18,1
2025-10-15 15:00:00,CREDIT,134,78181.98,1
2025-10-15 15:00:00,DEBIT,154,101943.33,2
2025-10-15 15:00:00,P2P_TRANSFER,301,261647.9,4
2025-10-15 16:00:00,CREDIT,160,139290.51,1
2025-10-15 16:00:00,DEBIT,210,86968.21,3
2025-10-15 16:00:00,P2P_TRANSFER,279,254975.53,5
2025-10-15 17:00:00,CREDIT,143,123412.72,1
2025-10-15 17:00:00,DEBIT,182,269059.54,1
2025-10-15 17:00:00,P2P_TRANSFER,293,209586.38,3
2025-10-15 18:00:00,CREDIT,272,301569.98,3
2025-10-15 18:00:00,DEBIT,328,380382.07,5
2025-10-15 18:00:00,P2P_TRANSFER,304,220277.06,2
2025-10-15 19:00:00,CREDIT,219,80546.42,3
2025-10-15 19:00:00,DEBIT,303,132068.43,2
2025-10-15 19:00:00,P2P_TRANSFER,238,204852.77,4
2025-10-15 20:00:00,CREDIT,114,60728.79,1
2025-10-15 20:00:00,DEBIT,256,352626.76,3
2025-10-15 20:00:00,P2P_TRANSFER,163,82044.0,1
2025-10-15 21:00:00,CREDIT,126,96887.65,1
2025-10-15 21:00:00,DEBIT,158,104350.01,1
2025-10-15 21:00:00,P2P_TRANSFER,164,155352.02,3
2025-10-15 22:00:00,CREDIT,119,115696.13,1
2025-10-15 22:00:00,DEBIT,236,233815.01,5
2025-10-15 22:00:00,P2P_TRANSFER,154,189086.51,0
2025-10-15 23:00:00,CREDIT,100,47215.09,1
2025-10-15 23:00:00,DEBIT,216,199435.47,1
2025-10-15 23:00:00,P2P_TRANSFER,161,111825.09,1
2025-10-16 00:00:00,CREDIT,190,142700.9,1
2025-10-16 00:00:00,DEBIT,198,164860.29,1
2025-10-16 00:00:00,P2P_TRANSFER,110,101258.31,1
2025-10-16 01:00:00,CREDIT,145,88894.96,4
2025-10-16 01:00:00,DEBIT,351,238366.32,5
2025-10-16 01:00:00,P2P_TRANSFER,239,79447.72,1
2025-10-16 02:00:00,CREDIT,404,367277.22,3
2025-10-16 02:00:00,DEBIT,194,78438.11,0
2025-10-16 02:00:00,P2P_TRANSFER,313,242052.64,3
2025-10-16 03:00:00,CREDIT,331,283188.57,2
2025-10-16 03:00:00,DEBIT,275,223614.76,2
2025-10-16 03:00:00,P2P_TRANSFER,183,189590.93,1
2025-10-16 04:00:00,CREDIT,130,47859.93,0
2025-10-16 04:00:00,DEBIT,120,79335.82,1
2025-10-16 04:00:00,P2P_TRANSFER,118,155637.47,1
2025-10-16 05:00:00,CREDIT,93,42521.23,1
2025-10-16 05:00:00,DEBIT,161,129597.35,3
2025-10-16 05:00:00,P2P_TRANSFER,163,119107.45,3
2025-10-16 06:00:00,CREDIT,154,133041.36,2
2025-10-16 06:00:00,DEBIT,107,49388.52,2
2025-10-16 06:00:00,P2P_TRANSFER,98,54637.18,0
2025-10-16 07:00:00,CREDIT,106,59188.76,1
2025-10-16 07:00:00,DEBIT,162,154340.07,2
2025-10-16 07:00:00,P2P_TRANSFER,181,228091.22,3
2025-10-16 08:00:00,CREDIT,172,169038.64,0
2025-10-16 08:00:00,DEBIT,122,129544.17,2
2025-10-16 08:00:00,P2P_TRANSFER,186,151191.14,3
2025-10-16 09:00:00,CREDIT,199,176972.37,2
2025-10-16 09:00:00,DEBIT,188,169997.79,1
2025-10-16 09:00:00,P2P_TRANSFER,383,420094.7,3
2025-10-16 10:00:00,CREDIT,184,161054.09,2
2025-10-16 10:00:00,DEBIT,185,174863.88,0
2025-10-16 10:00:00,P2P_TRANSFER,277,120526.48,2
2025-10-16 11:00:00,CREDIT,267,230345.31,3
2025-10-16 11:00:00,DEBIT,121,56166.05,2
2025-10-16 11:00:00,P2P_TRANSFER,186,198403.05,0
2025-10-16 12:00:00,CREDIT,243,145967.53,1
2025-10-16 12:00:00,DEBIT,165,113899.08,1
2025-10-16 12:00:00,P2P_TRANSFER,191,207777.58,1
2025-10-16 13:00:00,CREDIT,43,49825.95,1
2025-10-16 13:00:00,DEBIT,147,158179.99,0
2025-10-16 13:00:00,P2P_TRANSFER,94,54430.07,1
2025-10-16 14:00:00,CREDIT,141,122272.88,0
2025-10-16 14:00:00,DEBIT,194,104939.84,1
2025-10-16 14:00:00,P2P_TRANSFER,222,207815.61,1
2025-10-16 15:00:00,CREDIT,205,128609.84,1
2025-10-16 15:00:00,DEBIT,145,152141.69,0
2025-10-16 15:00:00,P2P_TRANSFER,230,135561.95,3
2025-10-16 16:00:00,CREDIT,150,96382.5,1
2025-10-16 16:00:00,DEBIT,381,373072.24,5
2025-10-16 16:00:00,P2P_TRANSFER,101,88564.15,1
2025-10-16 17:00:00,CREDIT,208,159730.19,1
2025-10-16 17:00:00,DEBIT,260,118856.01,1
2025-10-16 17:00:00,P2P_TRANSFER,184,171535.63,3
2025-10-16 18:00:00,CREDIT,301,305754.02,2
2025-10-16 18:00:00,DEBIT,397,326058.72,4
2025-10-16 18:00:00,P2P_TRANSFER,404,178978.74,2
2025-10-16 19:00:00,CREDIT,300,245551.06,3
2025-10-16 19:00:00,DEBIT,196,104788.89,0
2025-10-16 19:00:00,P2P_TRANSFER,316,273284.1,3
2025-10-16 20:00:00,CREDIT,150,90201.8,0
2025-10-16 20:00:00,DEBIT,201,120605.51,1
2025-10-16 20:00:00,P2P_TRANSFER,191,136887.9,0
2025-10-16 21:00:00,CREDIT,236,95508.83,2
2025-10-16 21:00:00,DEBIT,128,125437.3,3
2025-10-16 21:00:00,P2P_TRANSFER,155,132706.8,2
2025-10-16 22:00:00,CREDIT,151,160424.76,1
2025-10-16 22:00:00,DEBIT,120,89641.48,1
2025-10-16 22:00:00,P2P_TRANSFER,133,107571.92,1
2025-10-16 23:00:00,CREDIT,156,100668.18,0
2025-10-16 23:00:00,DEBIT,189,76463.56,2
2025-10-16 23:00:00,P2P_TRANSFER,234,180215.18,1
2025-10-17 00:00:00,CREDIT,192,192099.18,1
2025-10-17 00:00:00,DEBIT,61,58531.67,3
2025-10-17 00:00:00,P2P_TRANSFER,314,181220.06,4
2025-10-17 01:00:00,CREDIT,234,232916.52,1
2025-10-17 01:00:00,DEBIT,217,185612.2,2
2025-10-17 01:00:00,P2P_TRANSFER,280,214279.23,2
2025-10-17 02:00:00,CREDIT,271,21804.48,0
2025-10-17 02:00:00,DEBIT,357,369183.72,2
2025-10-17 02:00:00,P2P_TRANSFER,339,92196.38,1
2025-10-17 03:00:00,CREDIT,327,313194.39,3
2025-10-17 03:00:00,DEBIT,323,295890.2,2
2025-10-17 03:00:00,P2P_TRANSFER,175,114205.42,1
2025-10-17 04:00:00,CREDIT,248,184035.1,1
2025-10-17 04:00:00,DEBIT,226,82808.17,1
2025-10-17 04:00:00,P2P_TRANSFER,186,168897.88,3
2025-10-17 05:00:00,CREDIT,126,110234.14,2
2025-10-17 05:00:00,DEBIT,139,93985.8,1
2025-10-17 05:00:00,P2P_TRANSFER,81,93155.95,0
2025-10-17 06:00:00,CREDIT,139,112007.26,3
2025-10-17 06:00:00,DEBIT,147,164847.28,2
2025-10-17 06:00:00,P2P_TRANSFER,117,107917.59,0
2025-10-17 07:00:00,CREDIT,94,47295.42,0
2025-10-17 07:00:00,DEBIT,191,149289.08,2
2025-10-17 07:00:00,P2P_TRANSFER,141,123555.53,0
2025-10-17 08:00:00,CREDIT,260,193665.83,3
2025-10-17 08:00:00,DEBIT,203,191185.41,4
2025-10-17 08:00:00,P2P_TRANSFER,246,92694.18,3
2025-10-17 09:00:00,CREDIT,138,82003.3,1
2025-10-17 09:00:00,DEBIT,342,246439.17,4
2025-10-17 09:00:00,P2P_TRANSFER,268,113449.41,3
2025-10-17 10:00:00,CREDIT,126,135705.46,3
2025-10-17 10:00:00,DEBIT,240,216556.34,2
2025-10-17 10:00:00,P2P_TRANSFER,351,288379.74,2
2025-10-17 11:00:00,CREDIT,340,180823.47,3
2025-10-17 11:00:00,DEBIT,310,437735.75,5
2025-10-17 11:00:00,P2P_TRANSFER,201,149003.24,2
2025-10-17 12:00:00,CREDIT,152,76357.87,1
2025-10-17 12:00:00,DEBIT,308,230336.32,4
2025-10-17 12:00:00,P2P_TRANSFER,186,161771.43,3
2025-10-17 13:00:00,CREDIT,143,88944.22,3
2025-10-17 13:00:00,DEBIT,127,131263.64,2
2025-10-17 13:00:00,P2P_TRANSFER,112,51879.98,1
2025-10-17 14:00:00,CREDIT,158,157226.29,3
2025-10-17 14:00:00,DEBIT,124,108350.03,2
2025-10-17 14:00:00,P2P_TRANSFER,164,150949.53,2
2025-10-17 15:00:00,CREDIT,127,137677.52,1
2025-10-17 15:00:00,DEBIT,153,171674.35,0
2025-10-17 15:00:00,P2P_TRANSFER,291,238623.35,2
2025-10-17 16:00:00,CREDIT,103,121745.54,1
2025-10-17 16:00:00,DEBIT,260,161627.55,2
2025-10-17 16:00:00,P2P_TRANSFER,238,72173.9,3
2025-10-17 17:00:00,CREDIT,110,87605.46,2
2025-10-17 17:00:00,DEBIT,305,232037.16,0
2025-10-17 17:00:00,P2P_TRANSFER,218,211269.84,2
2025-10-17 18:00:00,CREDIT,292,152369.79,3
2025-10-17 18:00:00,DEBIT,284,121021.41,2
2025-10-17 18:00:00,P2P_TRANSFER,166,98212.52,1
2025-10-17 19:00:00,CREDIT,160,202842.0,2
2025-10-17 19:00:00,DEBIT,284,122326.25,2
2025-10-17 19:00:00,P2P_TRANSFER,156,142041.05,3
2025-10-17 20:00:00,CREDIT,213,150056.6,3
2025-10-17 20:00:00,DEBIT,167,119221.29,2
2025-10-17 20:00:00,P2P_TRANSFER,98,60976.9,0
2025-10-17 21:00:00,CREDIT,216,194029.92,2
2025-10-17 21:00:00,DEBIT,169,153908.56,1
2025-10-17 21:00:00,P2P_TRANSFER,184,96705.9,2
2025-10-17 22:00:00,CREDIT,109,81312.41,2
2025-10-17 22:00:00,DEBIT,156,119821.95,1
2025-10-17 22:00:00,P2P_TRANSFER,118,27932.41,0
2025-10-17 23:00:00,CREDIT,135,79635.23,1
2025-10-17 23:00:00,DEBIT,142,152778.65,2
2025-10-17 23:00:00,P2P_TRANSFER,269,277342.05,2
2025-10-18 00:00:00,CREDIT,164,79917.13,3
2025-10-18 00:00:00,DEBIT,283,173253.2,3
2025-10-18 00:00:00,P2P_TRANSFER,216,204360.63,1
2025-10-18 01:00:00,CREDIT,207,72362.26,3
2025-10-18 01:00:00,DEBIT,360,147567.39,3
2025-10-18 01:00:00,P2P_TRANSFER,282,193355.71,0
2025-10-18 02:00:00,CREDIT,222,75270.81,2
2025-10-18 02:00:00,DEBIT,372,178657.48,2
2025-10-18 02:00:00,P2P_TRANSFER,234,133235.02,2
2025-10-18 03:00:00,CREDIT,193,69782.4,1
2025-10-18 03:00:00,DEBIT,313,176650.48,2
2025-10-18 03:00:00,P2P_TRANSFER,228,257511.97,2
2025-10-18 04:00:00,CREDIT,235,212983.94,2
2025-10-18 04:00:00,DEBIT,62,56311.26,2
2025-10-18 04:00:00,P2P_TRANSFER,106,76312.3,1
2025-10-18 05:00:00,CREDIT,149,86343.04,1
2025-10-18 05:00:00,DEBIT,109,83992.48,0
2025-10-18 05:00:00,P2P_TRANSFER,177,149789.24,2
2025-10-18 06:00:00,CREDIT,100,87114.55,2
2025-10-18 06:00:00,DEBIT,163,91859.09,2
2025-10-18 06:00:00,P2P_TRANSFER,135,101652.34,2
2025-10-18 07:00:00,CREDIT,113,88077.65,0
2025-10-18 07:00:00,DEBIT,111,97054.63,0
2025-10-18 07:00:00,P2P_TRANSFER,185,143238.69,2
2025-10-18 08:00:00,CREDIT,138,129391.13,1
2025-10-18 08:00:00,DEBIT,193,91428.72,1
2025-10-18 08:00:00,P2P_TRANSFER,225,150577.75,1
2025-10-18 09:00:00,CREDIT,279,216222.88,1
2025-10-18 09:00:00,DEBIT,279,252126.29,3
2025-10-18 09:00:00,P2P_TRANSFER,266,307998.52,3
2025-10-18 10:00:00,CREDIT,328,309310.0,4
2025-10-18 10:00:00,DEBIT,205,148450.76,3
2025-10-18 10:00:00,P2P_TRANSFER,340,345674.09,3
2025-10-18 11:00:00,CREDIT,211,217589.38,1
2025-10-18 11:00:00,DEBIT,236,255542.16,2
2025-10-18 11:00:00,P2P_TRANSFER,158,98016.26,4
2025-10-18 12:00:00,CREDIT,193,96873.72,2
2025-10-18 12:00:00,DEBIT,109,28591.13,1
2025-10-18 12:00:00,P2P_TRANSFER,185,173570.1,1
2025-10-18 13:00:00,CREDIT,159,167682.55,3
2025-10-18 13:00:00,DEBIT,180,149064.09,1
2025-10-18 13:00:00,P2P_TRANSFER,129,76581.45,0
2025-10-18 14:00:00,CREDIT,59,38697.74,1
2025-10-18 14:00:00,DEBIT,89,73171.36,0
2025-10-18 14:00:00,P2P_TRANSFER,139,67396.71,1
2025-10-18 15:00:00,CREDIT,158,83543.42,2
2025-10-18 15:00:00,DEBIT,142,50301.5,1
2025-10-18 15:00:00,P2P_TRANSFER,221,211518.14,1
2025-10-18 16:00:00,CREDIT,247,208646.99,2
2025-10-18 16:00:00,DEBIT,171,137639.91,1
2025-10-18 16:00:00,P2P_TRANSFER,171,178273.71,4
2025-10-18 17:00:00,CREDIT,264,322410.3,3
2025-10-18 17:00:00,DEBIT,243,94324.44,4
2025-10-18 17:00:00,P2P_TRANSFER,293,137315.1,3
2025-10-18 18:00:00,CREDIT,228,167649.91,2
2025-10-18 18:00:00,DEBIT,302,10000.0,1
2025-10-18 18:00:00,P2P_TRANSFER,45,43001.43,1
2025-10-18 19:00:00,CREDIT,164,113450.36,2
2025-10-18 19:00:00,DEBIT,361,364641.02,3
2025-10-18 19:00:00,P2P_TRANSFER,196,217631.88,3
2025-10-18 20:00:00,CREDIT,110,114650.55,1
2025-10-18 20:00:00,DEBIT,150,95528.06,2
2025-10-18 20:00:00,P2P_TRANSFER,251,166661.5,2
2025-10-18 21:00:00,CREDIT,232,202932.19,2
2025-10-18 21:00:00,DEBIT,200,221617.49,1
2025-10-18 21:00:00,P2P_TRANSFER,195,226081.0,1
2025-10-18 22:00:00,CREDIT,181,153279.15,2
2025-10-18 22:00:00,DEBIT,110,86399.52,2
2025-10-18 22:00:00,P2P_TRANSFER,138,96057.86,2
2025-10-18 23:00:00,CREDIT,144,74947.21,0
2025-10-18 23:00:00,DEBIT,142,164513.39,0
2025-10-18 23:00:00,P2P_TRANSFER,90,94267.46,2
2025-10-19 00:00:00,CREDIT,235,201059.91,3
2025-10-19 00:00:00,DEBIT,137,133626.43,1
2025-10-19 00:00:00,P2P_TRANSFER,88,20992.35,0
2025-10-19 01:00:00,CREDIT,312,256265.07,4
2025-10-19 01:00:00,DEBIT,346,349339.76,3
2025-10-19 01:00:00,P2P_TRANSFER,253,132299.28,3
2025-10-19 02:00:00,CREDIT,350,213175.04,1
2025-10-19 02:00:00,DEBIT,242,101267.94,0
2025-10-19 02:00:00,P2P_TRANSFER,193,129929.07,2
2025-10-19 03:00:00,CREDIT,380,166917.53,4
2025-10-19 03:00:00,DEBIT,195,197475.86,2
2025-10-19 03:00:00,P2P_TRANSFER,279,305280.62,4
2025-10-19 04:00:00,CREDIT,255,191116.68,3
2025-10-19 04:00:00,DEBIT,131,115123.47,1
2025-10-19 04:00:00,P2P_TRANSFER,183,202236.97,3
2025-10-19 05:00:00,CREDIT,118,85524.17,0
2025-10-19 05:00:00,DEBIT,113,112816.74,1
2025-10-19 05:00:00,P2P_TRANSFER,199,65021.59,1
2025-10-19 06:00:00,CREDIT,165,71298.67,0
2025-10-19 06:00:00,DEBIT,139,174552.7,0
2025-10-19 06:00:00,P2P_TRANSFER,128,143135.6,1
2025-10-19 07:00:00,CREDIT,182,80757.1,0
2025-10-19 07:00:00,DEBIT,327,195719.63,2
2025-10-19 07:00:00,P2P_TRANSFER,178,169522.64,0
2025-10-19 08:00:00,CREDIT,211,120132.34,1
2025-10-19 08:00:00,DEBIT,287,305869.05,2
2025-10-19 08:00:00,P2P_TRANSFER,172,137298.73,1
2025-10-19 09:00:00,CREDIT,206,94981.09,4
2025-10-19 09:00:00,DEBIT,239,223142.86,2
2025-10-19 09:00:00,P2P_TRANSFER,194,125086.76,1
2025-10-19 10:00:00,CREDIT,229,181820.87,2
2025-10-19 10:00:00,DEBIT,251,154770.83,2
2025-10-19 10:00:00,P2P_TRANSFER,232,116728.67,1
2025-10-19 11:00:00,CREDIT,257,154572.7,2
2025-10-19 11:00:00,DEBIT,281,203683.19,2
2025-10-19 11:00:00,P2P_TRANSFER,154,158840.56,0
2025-10-19 12:00:00,CREDIT,331,358535.01,4
2025-10-19 12:00:00,DEBIT,199,40742.84,0
2025-10-19 12:00:00,P2P_TRANSFER,42,39745.69,2
2025-10-19 13:00:00,CREDIT,199,92313.03,1
2025-10-19 13:00:00,DEBIT,147,90401.84,1
2025-10-19 13:00:00,P2P_TRANSFER,131,121532.36,0
2025-10-19 14:00:00,CREDIT,170,177983.15,2
2025-10-19 14:00:00,DEBIT,105,16988.9,3
2025-10-19 14:00:00,P2P_TRANSFER,167,115059.28,3
2025-10-19 15:00:00,CREDIT,159,100706.0,2
2025-10-19 15:00:00,DEBIT,227,117075.9,2
2025-10-19 15:00:00,P2P_TRANSFER,119,91857.21,1
2025-10-19 16:00:00,CREDIT,157,128070.95,0
2025-10-19 16:00:00,DEBIT,216,107327.4,1
2025-10-19 16:00:00,P2P_TRANSFER,322,195102.15,2
2025-10-19 17:00:00,CREDIT,163,120053.44,1
2025-10-19 17:00:00,DEBIT,212,120052.41,2
2025-10-19 17:00:00,P2P_TRANSFER,179,104662.61,1
2025-10-19 18:00:00,CREDIT,333,185861.41,3
2025-10-19 18:00:00,DEBIT,232,203083.08,2
2025-10-19 18:00:00,P2P_TRANSFER,204,232899.14,1
2025-10-19 19:00:00,CREDIT,227,53085.08,0
2025-10-19 19:00:00,DEBIT,160,123747.04,3
2025-10-19 19:00:00,P2P_TRANSFER,225,204067.91,1
2025-10-19 20:00:00,CREDIT,239,128634.72,1
2025-10-19 20:00:00,DEBIT,130,120095.09,2
2025-10-19 20:00:00,P2P_TRANSFER,197,136430.21,2
2025-10-19 21:00:00,CREDIT,243,230002.14,4
2025-10-19 21:00:00,DEBIT,20,21156.85,0
2025-10-19 21:00:00,P2P_TRANSFER,130,147719.25,1
2025-10-19 22:00:00,CREDIT,191,177841.2,3
2025-10-19 22:00:00,DEBIT,132,162099.32,0
2025-10-19 22:00:00,P2P_TRANSFER,165,111959.83,1
2025-10-19 23:00:00,CREDIT,136,149840.36,3
2025-10-19 23:00:00,DEBIT,122,117733.02,3
2025-10-19 23:00:00,P2P_TRANSFER,180,177252.39,1
2025-10-20 00:00:00,CREDIT,121,85652.49,0
2025-10-20 00:00:00,DEBIT,277,289127.99,2
2025-10-20 00:00:00,P2P_TRANSFER,196,147278.81,3
2025-10-20 01:00:00,CREDIT,286,203289.17,2
2025-10-20 01:00:00,DEBIT,349,404659.9,4
2025-10-20 01:00:00,P2P_TRANSFER,118,75185.53,1
2025-10-20 02:00:00,CREDIT,334,403001.71,4
2025-10-20 02:00:00,DEBIT,354,254939.12,3
2025-10-20 02:00:00,P2P_TRANSFER,271,276643.26,2
2025-10-20 03:00:00,CREDIT,334,74116.98,1
2025-10-20 03:00:00,DEBIT,261,188652.43,3
2025-10-20 03:00:00,P2P_TRANSFER,247,116172.58,3
2025-10-20 04:00:00,CREDIT,266,188531.45,3
2025-10-20 04:00:00,DEBIT,223,53283.76,1
2025-10-20 04:00:00,P2P_TRANSFER,219,183414.63,2
2025-10-20 05:00:00,CREDIT,244,173433.04,0
2025-10-20 05:00:00,DEBIT,116,95868.38,2
2025-10-20 05:00:00,P2P_TRANSFER,90,89618.42,0
2025-10-20 06:00:00,CREDIT,180,67087.9,0
2025-10-20 06:00:00,DEBIT,107,94262.9,3
2025-10-20 06:00:00,P2P_TRANSFER,187,52969.24,1
2025-10-20 07:00:00,CREDIT,208,173873.89,2
2025-10-20 07:00:00,DEBIT,146,116020.41,1
2025-10-20 07:00:00,P2P_TRANSFER,161,93932.6,2
2025-10-20 08:00:00,CREDIT,67,34826.82,0
2025-10-20 08:00:00,DEBIT,239,97531.98,2
2025-10-20 08:00:00,P2P_TRANSFER,252,229636.34,2
2025-10-20 09:00:00,CREDIT,213,182545.3,2
2025-10-20 09:00:00,DEBIT,197,187752.65,2
2025-10-20 09:00:00,P2P_TRANSFER,250,264981.83,1
2025-10-20 10:00:00,CREDIT,249,210392.82,2
2025-10-20 10:00:00,DEBIT,226,80954.55,2
2025-10-20 10:00:00,P2P_TRANSFER,230,200609.27,1
2025-10-20 11:00:00,CREDIT,180,138125.63,3
2025-10-20 11:00:00,DEBIT,261,235776.1,3
2025-10-20 11:00:00,P2P_TRANSFER,168,114944.99,0
2025-10-20 12:00:00,CREDIT,221,165699.14,3
2025-10-20 12:00:00,DEBIT,158,69982.25,0
2025-10-20 12:00:00,P2P_TRANSFER,205,195762.34,2
2025-10-20 13:00:00,CREDIT,103,63602.17,1
2025-10-20 13:00:00,DEBIT,179,95904.03,1
2025-10-20 13:00:00,P2P_TRANSFER,175,50101.74,0
2025-10-20 14:00:00,CREDIT,163,35454.24,0
2025-10-20 14:00:00,DEBIT,179,150894.53,1
2025-10-20 14:00:00,P2P_TRANSFER,133,92881.13,1
2025-10-20 15:00:00,CREDIT,203,111176.08,2
2025-10-20 15:00:00,DEBIT,144,83160.5,0
2025-10-20 15:00:00,P2P_TRANSFER,219,114726.81,2
2025-10-20 16:00:00,CREDIT,188,185058.85,2
2025-10-20 16:00:00,DEBIT,299,88310.67,2
2025-10-20 16:00:00,P2P_TRANSFER,337,179201.9,3
2025-10-20 17:00:00,CREDIT,174,135379.6,1
2025-10-20 17:00:00,DEBIT,259,275626.4,1
2025-10-20 17:00:00,P2P_TRANSFER,259,258026.29,2
2025-10-20 18:00:00,CREDIT,187,165853.8,1
2025-10-20 18:00:00,DEBIT,300,188928.79,2
2025-10-20 18:00:00,P2P_TRANSFER,342,308151.2,2
2025-10-20 19:00:00,CREDIT,245,124859.8,3
2025-10-20 19:00:00,DEBIT,204,54727.64,0
2025-10-20 19:00:00,P2P_TRANSFER,275,105437.25,3
2025-10-20 20:00:00,CREDIT,233,105471.1,2
2025-10-20 20:00:00,DEBIT,170,157623.33,3
2025-10-20 20:00:00,P2P_TRANSFER,140,122147.24,3
2025-10-20 21:00:00,CREDIT,161,110397.17,1
2025-10-20 21:00:00,DEBIT,107,90508.0,1
2025-10-20 21:00:00,P2P_TRANSFER,112,96311.72,1
2025-10-20 22:00:00,CREDIT,204,212128.71,2
2025-10-20 22:00:00,DEBIT,92,48540.37,0
2025-10-20 22:00:00,P2P_TRANSFER,61,69782.75,1
2025-10-20 23:00:00,CREDIT,221,204562.41,2
2025-10-20 23:00:00,DEBIT,129,63364.78,1
2025-10-20 23:00:00,P2P_TRANSFER,137,133712.76,1
2025-10-21 00:00:00,CREDIT,136,45486.77,0
2025-10-21 00:00:00,DEBIT,218,159001.6,2
2025-10-21 00:00:00,P2P_TRANSFER,249,141275.17,3
2025-10-21 01:00:00,CREDIT,376,373171.03,3
2025-10-21 01:00:00,DEBIT,258,149919.16,2
2025-10-21 01:00:00,P2P_TRANSFER,268,244969.06,3
2025-10-21 02:00:00,CREDIT,240,187786.91,2
2025-10-21 02:00:00,DEBIT,317,163821.71,3
2025-10-21 02:00:00,P2P_TRANSFER,245,199055.57,2
2025-10-21 03:00:00,CREDIT,332,268411.46,3
2025-10-21 03:00:00,DEBIT,181,128216.83,2
2025-10-21 03:00:00,P2P_TRANSFER,204,105341.45,3
2025-10-21 04:00:00,CREDIT,265,233224.7,2
2025-10-21 04:00:00,DEBIT,166,138689.08,0
2025-10-21 04:00:00,P2P_TRANSFER,163,152575.37,1
2025-10-21 05:00:00,CREDIT,171,105388.51,0
2025-10-21 05:00:00,DEBIT,160,72121.44,2
2025-10-21 05:00:00,P2P_TRANSFER,204,153326.97,1
2025-10-21 06:00:00,CREDIT,178,157351.21,1
2025-10-21 06:00:00,DEBIT,45,41900.38,0
2025-10-21 06:00:00,P2P_TRANSFER,188,199235.22,2
2025-10-21 07:00:00,CREDIT,138,109506.2,0
2025-10-21 07:00:00,DEBIT,63,66679.39,2
2025-10-21 07:00:00,P2P_TRANSFER,205,127242.71,2
2025-10-21 08:00:00,CREDIT,261,207311.89,2
2025-10-21 08:00:00,DEBIT,191,90759.85,2
2025-10-21 08:00:00,P2P_TRANSFER,193,206450.97,1
2025-10-21 09:00:00,CREDIT,306,327702.04,4
2025-10-21 09:00:00,DEBIT,187,138749.63,0
2025-10-21 09:00:00,P2P_TRANSFER,311,244011.89,4
2025-10-21 10:00:00,CREDIT,165,76010.02,3
2025-10-21 10:00:00,DEBIT,261,288986.94,3
2025-10-21 10:00:00,P2P_TRANSFER,326,216036.19,2
2025-10-21 11:00:00,CREDIT,276,158690.51,1
2025-10-21 11:00:00,DEBIT,217,116227.08,2
2025-10-21 11:00:00,P2P_TRANSFER,199,166350.78,2
2025-10-21 12:00:00,CREDIT,174,66220.54,1
2025-10-21 12:00:00,DEBIT,204,157415.39,2
2025-10-21 12:00:00,P2P_TRANSFER,228,166790.94,1
2025-10-21 13:00:00,CREDIT,128,93090.54,3
2025-10-21 13:00:00,DEBIT,141,88539.06,3
2025-10-21 13:00:00,P2P_TRANSFER,178,164723.56,2
2025-10-21 14:00:00,CREDIT,151,217842.45,3
2025-10-21 14:00:00,DEBIT,216,211344.89,1
2025-10-21 14:00:00,P2P_TRANSFER,140,110010.72,3
2025-10-21 15:00:00,CREDIT,149,95234.39,1
2025-10-21 15:00:00,DEBIT,232,165879.21,1
2025-10-21 15:00:00,P2P_TRANSFER,181,39823.14,1
2025-10-21 16:00:00,CREDIT,328,221255.13,3
2025-10-21 16:00:00,DEBIT,270,230511.8,4
2025-10-21 16:00:00,P2P_TRANSFER,165,51475.12,0
2025-10-21 17:00:00,CREDIT,292,156175.54,2
2025-10-21 17:00:00,DEBIT,336,169106.44,2
2025-10-21 17:00:00,P2P_TRANSFER,319,237325.83,4
2025-10-21 18:00:00,CREDIT,340,208171.55,1
2025-10-21 18:00:00,DEBIT,309,209786.48,2
2025-10-21 18:00:00,P2P_TRANSFER,301,167049.62,2
2025-10-21 19:00:00,CREDIT,359,314931.42,5
2025-10-21 19:00:00,DEBIT,178,143746.12,1
2025-10-21 19:00:00,P2P_TRANSFER,240,138291.71,0
2025-10-21 20:00:00,CREDIT,74,45602.35,1
2025-10-21 20:00:00,DEBIT,181,182739.03,2
2025-10-21 20:00:00,P2P_TRANSFER,134,101913.04,1
2025-10-21 21:00:00,CREDIT,208,59974.13,2
2025-10-21 21:00:00,DEBIT,107,65416.76,1
2025-10-21 21:00:00,P2P_TRANSFER,73,47845.9,3
2025-10-21 22:00:00,CREDIT,150,168505.95,1
2025-10-21 22:00:00,DEBIT,138,86351.28,2
2025-10-21 22:00:00,P2P_TRANSFER,202,94944.95,2
2025-10-21 23:00:00,CREDIT,187,221831.0,3
2025-10-21 23:00:00,DEBIT,111,40703.56,1
2025-10-21 23:00:00,P2P_TRANSFER,269,186955.06,3
2025-10-22 00:00:00,CREDIT,179,62431.5,1
2025-10-22 00:00:00,DEBIT,177,36379.12,1
2025-10-22 00:00:00,P2P_TRANSFER,57,29738.17,1
2025-10-22 01:00:00,CREDIT,239,259613.13,2
2025-10-22 01:00:00,DEBIT,324,372231.73,4
2025-10-22 01:00:00,P2P_TRANSFER,228,171353.95,1
2025-10-22 02:00:00,CREDIT,388,245320.06,2
2025-10-22 02:00:00,DEBIT,252,216174.85,2
2025-10-22 02:00:00,P2P_TRANSFER,160,90929.11,2
2025-10-22 03:00:00,CREDIT,191,113894.5,1
2025-10-22 03:00:00,DEBIT,254,247358.01,3
2025-10-22 03:00:00,P2P_TRANSFER,182,209662.64,2
2025-10-22 04:00:00,CREDIT,295,256574.18,3
2025-10-22 04:00:00,DEBIT,164,78286.86,1
2025-10-22 04:00:00,P2P_TRANSFER,157,205426.96,1
2025-10-22 05:00:00,CREDIT,199,228490.07,3
2025-10-22 05:00:00,DEBIT,202,186470.26,2
2025-10-22 05:00:00,P2P_TRANSFER,104,102023.11,0
2025-10-22 06:00:00,CREDIT,113,86616.74,2
2025-10-22 06:00:00,DEBIT,122,94827.6,1
2025-10-22 06:00:00,P2P_TRANSFER,98,118983.6,1
2025-10-22 07:00:00,CREDIT,136,155613.03,1
2025-10-22 07:00:00,DEBIT,162,147795.67,2
2025-10-22 07:00:00,P2P_TRANSFER,219,218153.86,1
2025-10-22 08:00:00,CREDIT,102,17042.66,0
2025-10-22 08:00:00,DEBIT,281,290852.31,2
2025-10-22 08:00:00,P2P_TRANSFER,210,202988.62,2
2025-10-22 09:00:00,CREDIT,142,187486.91,4
2025-10-22 09:00:00,DEBIT,144,132872.48,0
2025-10-22 09:00:00,P2P_TRANSFER,243,226887.31,4
2025-10-22 10:00:00,CREDIT,272,167888.03,2
2025-10-22 10:00:00,DEBIT,367,188460.45,3
2025-10-22 10:00:00,P2P_TRANSFER,158,123858.41,2
2025-10-22 11:00:00,CREDIT,288,298273.91,2
2025-10-22 11:00:00,DEBIT,196,123776.71,3
2025-10-22 11:00:00,P2P_TRANSFER,191,174334.85,3
2025-10-22 12:00:00,CREDIT,140,88241.82,1
2025-10-22 12:00:00,DEBIT,186,121134.3,3
2025-10-22 12:00:00,P2P_TRANSFER,217,108507.58,2
2025-10-22 13:00:00,CREDIT,179,119471.1,2
2025-10-22 13:00:00,DEBIT,98,60123.71,0
2025-10-22 13:00:00,P2P_TRANSFER,151,93370.3,3
2025-10-22 14:00:00,CREDIT,73,45906.55,0
2025-10-22 14:00:00,DEBIT,173,100742.72,0
2025-10-22 14:00:00,P2P_TRANSFER,182,246049.37,3
2025-10-22 15:00:00,CREDIT,143,98513.57,1
2025-10-22 15:00:00,DEBIT,254,230160.52,2
2025-10-22 15:00:00,P2P_TRANSFER,218,146410.51,3
2025-10-22 16:00:00,CREDIT,260,122697.88,2
2025-10-22 16:00:00,DEBIT,147,125089.9,2
2025-10-22 16:00:00,P2P_TRANSFER,252,312722.96,3
2025-10-22 17:00:00,CREDIT,263,176412.63,4
2025-10-22 17:00:00,DEBIT,174,168154.16,0
2025-10-22 17:00:00,P2P_TRANSFER,232,190345.03,2
2025-10-22 18:00:00,CREDIT,256,188821.15,3
2025-10-22 18:00:00,DEBIT,355,111983.35,2
2025-10-22 18:00:00,P2P_TRANSFER,106,70380.57,2
2025-10-22 19:00:00,CREDIT,262,220797.27,2
2025-10-22 19:00:00,DEBIT,334,312338.78,3
2025-10-22 19:00:00,P2P_TRANSFER,288,298814.1,2
2025-10-22 20:00:00,CREDIT,198,263721.47,4
2025-10-22 20:00:00,DEBIT,161,175685.0,1
2025-10-22 20:00:00,P2P_TRANSFER,225,100792.28,2
2025-10-22 21:00:00,CREDIT,126,93984.49,2
2025-10-22 21:00:00,DEBIT,195,116677.61,2
2025-10-22 21:00:00,P2P_TRANSFER,137,107062.48,2
2025-10-22 22:00:00,CREDIT,170,129690.2,1
2025-10-22 22:00:00,DEBIT,134,113900.01,1
2025-10-22 22:00:00,P2P_TRANSFER,176,78652.15,2
2025-10-22 23:00:00,CREDIT,138,53938.26,3
2025-10-22 23:00:00,DEBIT,257,117855.67,0
2025-10-22 23:00:00,P2P_TRANSFER,118,51098.62,1
2025-10-23 00:00:00,CREDIT,191,136350.72,1
2025-10-23 00:00:00,DEBIT,240,284603.24,4
2025-10-23 00:00:00,P2P_TRANSFER,274,279908.31,3
2025-10-23 01:00:00,CREDIT,195,189610.85,2
2025-10-23 01:00:00,DEBIT,238,202438.12,2
2025-10-23 01:00:00,P2P_TRANSFER,282,336423.26,2
2025-10-23 02:00:00,CREDIT,164,162694.63,2
2025-10-23 02:00:00,DEBIT,267,169642.72,1
2025-10-23 02:00:00,P2P_TRANSFER,289,234842.19,4
2025-10-23 03:00:00,CREDIT,193,203683.3,3
2025-10-23 03:00:00,DEBIT,258,198360.57,2
2025-10-23 03:00:00,P2P_TRANSFER,183,110748.82,0
2025-10-23 04:00:00,CREDIT,137,129660.11,1
2025-10-23 04:00:00,DEBIT,107,119423.27,1
2025-10-23 04:00:00,P2P_TRANSFER,78,49902.81,0
2025-10-23 05:00:00,CREDIT,181,10000.0,1
2025-10-23 05:00:00,DEBIT,224,206907.59,2
2025-10-23 05:00:00,P2P_TRANSFER,136,98599.24,1
2025-10-23 06:00:00,CREDIT,127,92892.37,2
2025-10-23 06:00:00,DEBIT,147,131509.19,3
2025-10-23 06:00:00,P2P_TRANSFER,204,196188.35,3
2025-10-23 07:00:00,CREDIT,209,201654.49,2
2025-10-23 07:00:00,DEBIT,150,101612.8,3
2025-10-23 07:00:00,P2P_TRANSFER,162,42062.33,1
2025-10-23 08:00:00,CREDIT,240,137040.61,0
2025-10-23 08:00:00,DEBIT,191,94859.66,3
2025-10-23 08:00:00,P2P_TRANSFER,400,264946.59,4
2025-10-23 09:00:00,CREDIT,174,140682.72,1
2025-10-23 09:00:00,DEBIT,177,115720.03,2
2025-10-23 09:00:00,P2P_TRANSFER,298,48006.43,2
2025-10-23 10:00:00,CREDIT,441,500000.0,5
2025-10-23 10:00:00,DEBIT,263,267045.54,1
2025-10-23 10:00:00,P2P_TRANSFER,161,115179.01,1
2025-10-23 11:00:00,CREDIT,281,235455.09,2
2025-10-23 11:00:00,DEBIT,336,245415.97,3
2025-10-23 11:00:00,P2P_TRANSFER,261,241639.62,1
2025-10-23 12:00:00,CREDIT,196,34868.5,1
2025-10-23 12:00:00,DEBIT,189,159854.48,1
2025-10-23 12:00:00,P2P_TRANSFER,221,171776.08,1
2025-10-23 13:00:00,CREDIT,118,65314.6,1
2025-10-23 13:00:00,DEBIT,101,104305.18,3
2025-10-23 13:00:00,P2P_TRANSFER,74,63706.56,0
2025-10-23 14:00:00,CREDIT,98,107015.3,2
2025-10-23 14:00:00,DEBIT,144,100269.04,1
2025-10-23 14:00:00,P2P_TRANSFER,148,76786.05,1
2025-10-23 15:00:00,CREDIT,89,43694.24,1
2025-10-23 15:00:00,DEBIT,153,76270.38,2
2025-10-23 15:00:00,P2P_TRANSFER,186,248652.17,2
2025-10-23 16:00:00,CREDIT,112,63141.26,3
2025-10-23 16:00:00,DEBIT,237,194049.12,2
2025-10-23 16:00:00,P2P_TRANSFER,283,139728.86,3
2025-10-23 17:00:00,CREDIT,143,107847.35,2
2025-10-23 17:00:00,DEBIT,324,268218.3,2
2025-10-23 17:00:00,P2P_TRANSFER,360,197168.72,1
2025-10-23 18:00:00,CREDIT,306,218424.14,3
2025-10-23 18:00:00,DEBIT,326,318453.04,4
2025-10-23 18:00:00,P2P_TRANSFER,341,359432.81,4
2025-10-23 19:00:00,CREDIT,349,225979.63,4
2025-10-23 19:00:00,DEBIT,281,238089.69,4
2025-10-23 19:00:00,P2P_TRANSFER,118,133948.22,2
2025-10-23 20:00:00,CREDIT,251,179610.61,4
2025-10-23 20:00:00,DEBIT,260,174979.91,3
2025-10-23 20:00:00,P2P_TRANSFER,235,243820.56,2
2025-10-23 21:00:00,CREDIT,120,46155.4,0
2025-10-23 21:00:00,DEBIT,141,99684.91,1
2025-10-23 21:00:00,P2P_TRANSFER,203,14502.96,2
2025-10-23 22:00:00,CREDIT,195,163804.7,0
2025-10-23 22:00:00,DEBIT,202,215923.42,2
2025-10-23 22:00:00,P2P_TRANSFER,178,146800.76,1
2025-10-23 23:00:00,CREDIT,147,170782.88,3
2025-10-23 23:00:00,DEBIT,73,82935.06,0
2025-10-23 23:00:00,P2P_TRANSFER,192,186273.73,2
2025-10-24 00:00:00,CREDIT,141,106200.96,0
2025-10-24 00:00:00,DEBIT,274,177476.73,3
2025-10-24 00:00:00,P2P_TRANSFER,226,127406.64,1
2025-10-24 01:00:00,CREDIT,197,80964.77,3
2025-10-24 01:00:00,DEBIT,229,233970.05,2
2025-10-24 01:00:00,P2P_TRANSFER,247,288690.57,4
2025-10-24 02:00:00,CREDIT,301,147390.82,2
2025-10-24 02:00:00,DEBIT,271,186633.15,1
2025-10-24 02:00:00,P2P_TRANSFER,238,270765.54,1
2025-10-24 03:00:00,CREDIT,378,356039.94,2
2025-10-24 03:00:00,DEBIT,218,148297.81,2
2025-10-24 03:00:00,P2P_TRANSFER,171,207048.42,3
2025-10-24 04:00:00,CREDIT,252,285378.94,2
2025-10-24 04:00:00,DEBIT,210,98521.21,0
2025-10-24 04:00:00,P2P_TRANSFER,174,205990.02,4
2025-10-24 05:00:00,CREDIT,146,51078.19,1
2025-10-24 05:00:00,DEBIT,155,206785.66,3
2025-10-24 05:00:00,P2P_TRANSFER,139,121097.07,2
2025-10-24 06:00:00,CREDIT,134,108819.48,2
2025-10-24 06:00:00,DEBIT,118,85827.51,3
2025-10-24 06:00:00,P2P_TRANSFER,209,142937.66,2
2025-10-24 07:00:00,CREDIT,241,177171.28,4
2025-10-24 07:00:00,DEBIT,115,39560.88,3
2025-10-24 07:00:00,P2P_TRANSFER,159,46003.01,1
2025-10-24 08:00:00,CREDIT,160,122452.47,2
2025-10-24 08:00:00,DEBIT,207,140810.95,2
2025-10-24 08:00:00,P2P_TRANSFER,271,157792.61,3
2025-10-24 09:00:00,CREDIT,199,177230.03,2
2025-10-24 09:00:00,DEBIT,330,236451.92,3
2025-10-24 09:00:00,P2P_TRANSFER,240,99845.97,1
2025-10-24 10:00:00,CREDIT,268,251073.97,4
2025-10-24 10:00:00,DEBIT,221,126594.0,2
2025-10-24 10:00:00,P2P_TRANSFER,195,138180.91,2
2025-10-24 11:00:00,CREDIT,200,105030.16,1
2025-10-24 11:00:00,DEBIT,282,252085.72,3
2025-10-24 11:00:00,P2P_TRANSFER,352,360726.45,3
2025-10-24 12:00:00,CREDIT,228,117293.72,4
2025-10-24 12:00:00,DEBIT,170,163181.07,1
2025-10-24 12:00:00,P2P_TRANSFER,166,105260.9,2
2025-10-24 13:00:00,CREDIT,113,60185.6,2
2025-10-24 13:00:00,DEBIT,177,75873.94,1
2025-10-24 13:00:00,P2P_TRANSFER,20,11773.82,1
2025-10-24 14:00:00,CREDIT,211,169352.81,3
2025-10-24 14:00:00,DEBIT,130,118170.02,1
2025-10-24 14:00:00,P2P_TRANSFER,179,171481.11,1
2025-10-24 15:00:00,CREDIT,90,101182.31,2
2025-10-24 15:00:00,DEBIT,281,151229.66,3
2025-10-24 15:00:00,P2P_TRANSFER,54,52074.12,0
